{".class":"MypyFile","_fullname":"_codecs","future_import_flags":[],"is_partial_stub_package":false,"is_stub":true,"names":{".class":"SymbolTable","Callable":{".class":"SymbolTableNode","cross_ref":"typing.Callable","kind":"Gdef","module_hidden":true,"module_public":false},"Literal":{".class":"SymbolTableNode","cross_ref":"typing.Literal","kind":"Gdef","module_hidden":true,"module_public":false},"ReadableBuffer":{".class":"SymbolTableNode","cross_ref":"_typeshed.ReadableBuffer","kind":"Gdef","module_hidden":true,"module_public":false},"TypeAlias":{".class":"SymbolTableNode","cross_ref":"typing.TypeAlias","kind":"Gdef","module_hidden":true,"module_public":false},"_BytesToBytesEncoding":{".class":"SymbolTableNode","kind":"Gdef","node":{".class":"TypeAlias","alias_tvars":[],"column":0,"fullname":"_codecs._BytesToBytesEncoding","line":29,"no_args":false,"normalized":false,"python_3_12_type_alias":false,"target":{".class":"UnionType","items":[{".class":"LiteralType","fallback":"builtins.str","value":"base64"},{".class":"LiteralType","fallback":"builtins.str","value":"base_64"},{".class":"LiteralType","fallback":"builtins.str","value":"base64_codec"},{".class":"LiteralType","fallback":"builtins.str","value":"bz2"},{".class":"LiteralType","fallback":"builtins.str","value":"bz2_codec"},{".class":"LiteralType","fallback":"builtins.str","value":"hex"},{".class":"LiteralType","fallback":"builtins.str","value":"hex_codec"},{".class":"LiteralType","fallback":"builtins.str","value":"quopri"},{".class":"LiteralType","fallback":"builtins.str","value":"quotedprintable"},{".class":"LiteralType","fallback":"builtins.str","value":"quoted_printable"},{".class":"LiteralType","fallback":"builtins.str","value":"quopri_codec"},{".class":"LiteralType","fallback":"builtins.str","value":"uu"},{".class":"LiteralType","fallback":"builtins.str","value":"uu_codec"},{".class":"LiteralType","fallback":"builtins.str","value":"zip"},{".class":"LiteralType","fallback":"builtins.str","value":"zlib"},{".class":"LiteralType","fallback":"builtins.str","value":"zlib_codec"}],"uses_pep604_syntax":false}}},"_CharMap":{".class":"SymbolTableNode","kind":"Gdef","node":{".class":"TypeAlias","alias_tvars":[],"column":0,"fullname":"_codecs._CharMap","line":15,"no_args":false,"normalized":false,"python_3_12_type_alias":false,"target":{".class":"UnionType","items":[{".class":"Instance","args":["builtins.int","builtins.int"],"extra_attrs":null,"type_ref":"builtins.dict"},"_codecs._EncodingMap"],"uses_pep604_syntax":true}}},"_EncodingMap":{".class":"SymbolTableNode","kind":"Gdef","node":{".class":"TypeInfo","_promote":[],"abstract_attributes":[],"alt_promote":null,"bases":["builtins.object"],"dataclass_transform_spec":null,"declared_metaclass":null,"defn":{".class":"ClassDef","fullname":"_codecs._EncodingMap","name":"_EncodingMap","type_vars":[]},"deletable_attributes":[],"deprecated":null,"flags":["is_final"],"fullname":"_codecs._EncodingMap","has_param_spec_type":false,"metaclass_type":null,"metadata":{},"module_name":"_codecs","mro":["_codecs._EncodingMap","builtins.object"],"names":{".class":"SymbolTable","size":{".class":"SymbolTableNode","kind":"Mdef","node":{".class":"FuncDef","abstract_status":0,"arg_kinds":[0],"arg_names":["self"],"dataclass_transform_spec":null,"deprecated":null,"flags":[],"fullname":"_codecs._EncodingMap.size","name":"size","type":{".class":"CallableType","arg_kinds":[0],"arg_names":["self"],"arg_types":["_codecs._EncodingMap"],"bound_args":[],"def_extras":{"first_arg":"self"},"fallback":"builtins.function","from_concatenate":false,"implicit":false,"imprecise_arg_kinds":false,"is_ellipsis_args":false,"name":"size of _EncodingMap","ret_type":"builtins.int","type_guard":null,"type_is":null,"unpack_kwargs":false,"variables":[]}}}},"self_type":null,"slots":null,"tuple_type":null,"type_vars":[],"typeddict_type":null}},"_Handler":{".class":"SymbolTableNode","kind":"Gdef","node":{".class":"TypeAlias","alias_tvars":[],"column":0,"fullname":"_codecs._Handler","line":16,"no_args":false,"normalized":false,"python_3_12_type_alias":false,"target":{".class":"CallableType","arg_kinds":[0],"arg_names":[null],"arg_types":["builtins.UnicodeError"],"bound_args":[],"def_extras":{},"fallback":"builtins.function","from_concatenate":false,"implicit":false,"imprecise_arg_kinds":false,"is_ellipsis_args":false,"name":null,"ret_type":{".class":"TupleType","implicit":false,"items":[{".class":"UnionType","items":["builtins.str","builtins.bytes"],"uses_pep604_syntax":true},"builtins.int"],"partial_fallback":{".class":"Instance","args":[{".class":"AnyType","missing_import_name":null,"source_any":null,"type_of_any":6}],"extra_attrs":null,"type_ref":"builtins.tuple"}},"type_guard":null,"type_is":null,"unpack_kwargs":false,"variables":[]}}},"_SearchFunction":{".class":"SymbolTableNode","kind":"Gdef","node":{".class":"TypeAlias","alias_tvars":[],"column":0,"fullname":"_codecs._SearchFunction","line":17,"no_args":false,"normalized":false,"python_3_12_type_alias":false,"target":{".class":"CallableType","arg_kinds":[0],"arg_names":[null],"arg_types":["builtins.str"],"bound_args":[],"def_extras":{},"fallback":"builtins.function","from_concatenate":false,"implicit":false,"imprecise_arg_kinds":false,"is_ellipsis_args":false,"name":null,"ret_type":{".class":"UnionType","items":[{".class":"TypeAliasType","args":[],"type_ref":"codecs.CodecInfo"},{".class":"NoneType"}],"uses_pep604_syntax":true},"type_guard":null,"type_is":null,"unpack_kwargs":false,"variables":[]}}},"_StrToStrEncoding":{".class":"SymbolTableNode","kind":"Gdef","node":{".class":"TypeAlias","alias_tvars":[],"column":0,"fullname":"_codecs._StrToStrEncoding","line":48,"no_args":false,"normalized":false,"python_3_12_type_alias":false,"target":{".class":"UnionType","items":[{".class":"LiteralType","fallback":"builtins.str","value":"rot13"},{".class":"LiteralType","fallback":"builtins.str","value":"rot_13"}],"uses_pep604_syntax":false}}},"__annotations__":{".class":"SymbolTableNode","kind":"Gdef","node":{".class":"Var","flags":["is_ready"],"fullname":"_codecs.__annotations__","name":"__annotations__","type":{".class":"Instance","args":["builtins.str",{".class":"AnyType","missing_import_name":null,"source_any":null,"type_of_any":6}],"extra_attrs":null,"type_ref":"builtins.dict"}}},"__doc__":{".class":"SymbolTableNode","kind":"Gdef","node":{".class":"Var","flags":["is_ready"],"fullname":"_codecs.__doc__","name":"__doc__","type":"builtins.str"}},"__file__":{".class":"SymbolTableNode","kind":"Gdef","node":{".class":"Var","flags":["is_ready"],"fullname":"_codecs.__file__","name":"__file__","type":"builtins.str"}},"__name__":{".class":"SymbolTableNode","kind":"Gdef","node":{".class":"Var","flags":["is_ready"],"fullname":"_codecs.__name__","name":"__name__","type":"builtins.str"}},"__package__":{".class":"SymbolTableNode","kind":"Gdef","node":{".class":"Var","flags":["is_ready"],"fullname":"_codecs.__package__","name":"__package__","type":"builtins.str"}},"__spec__":{".class":"SymbolTableNode","kind":"Gdef","node":{".class":"Var","flags":["is_ready"],"fullname":"_codecs.__spec__","name":"__spec__","type":"_frozen_importlib.ModuleSpec"}},"ascii_decode":{".class":"SymbolTableNode","kind":"Gdef","node":{".class":"FuncDef","abstract_status":0,"arg_kinds":[0,1],"arg_names":[null,null],"dataclass_transform_spec":null,"deprecated":null,"flags":[],"fullname":"_codecs.ascii_decode","name":"ascii_decode","type":{".class":"CallableType","arg_kinds":[0,1],"arg_names":[null,null],"arg_types":["_collections_abc.Buffer",{".class":"UnionType","items":["builtins.str",{".class":"NoneType"}],"uses_pep604_syntax":true}],"bound_args":[],"def_extras":{"first_arg":null},"fallback":"builtins.function","from_concatenate":false,"implicit":false,"imprecise_arg_kinds":false,"is_ellipsis_args":false,"name":"ascii_decode","ret_type":{".class":"TupleType","implicit":false,"items":["builtins.str","builtins.int"],"partial_fallback":{".class":"Instance","args":[{".class":"AnyType","missing_import_name":null,"source_any":null,"type_of_any":6}],"extra_attrs":null,"type_ref":"builtins.tuple"}},"type_guard":null,"type_is":null,"unpack_kwargs":false,"variables":[]}}},"ascii_encode":{".class":"SymbolTableNode","kind":"Gdef","node":{".class":"FuncDef","abstract_status":0,"arg_kinds":[0,1],"arg_names":[null,null],"dataclass_transform_spec":null,"deprecated":null,"flags":[],"fullname":"_codecs.ascii_encode","name":"ascii_encode","type":{".class":"CallableType","arg_kinds":[0,1],"arg_names":[null,null],"arg_types":["builtins.str",{".class":"UnionType","items":["builtins.str",{".class":"NoneType"}],"uses_pep604_syntax":true}],"bound_args":[],"def_extras":{"first_arg":null},"fallback":"builtins.function","from_concatenate":false,"implicit":false,"imprecise_arg_kinds":false,"is_ellipsis_args":false,"name":"ascii_encode","ret_type":{".class":"TupleType","implicit":false,"items":["builtins.bytes","builtins.int"],"partial_fallback":{".class":"Instance","args":[{".class":"AnyType","missing_import_name":null,"source_any":null,"type_of_any":6}],"extra_attrs":null,"type_ref":"builtins.tuple"}},"type_guard":null,"type_is":null,"unpack_kwargs":false,"variables":[]}}},"charmap_build":{".class":"SymbolTableNode","kind":"Gdef","node":{".class":"FuncDef","abstract_status":0,"arg_kinds":[0],"arg_names":[null],"dataclass_transform_spec":null,"deprecated":null,"flags":[],"fullname":"_codecs.charmap_build","name":"charmap_build","type":{".class":"CallableType","arg_kinds":[0],"arg_names":[null],"arg_types":["builtins.str"],"bound_args":[],"def_extras":{"first_arg":null},"fallback":"builtins.function","from_concatenate":false,"implicit":false,"imprecise_arg_kinds":false,"is_ellipsis_args":false,"name":"charmap_build","ret_type":{".class":"TypeAliasType","args":[],"type_ref":"_codecs._CharMap"},"type_guard":null,"type_is":null,"unpack_kwargs":false,"variables":[]}}},"charmap_decode":{".class":"SymbolTableNode","kind":"Gdef","node":{".class":"FuncDef","abstract_status":0,"arg_kinds":[0,1,1],"arg_names":[null,null,null],"dataclass_transform_spec":null,"deprecated":null,"flags":[],"fullname":"_codecs.charmap_decode","name":"charmap_decode","type":{".class":"CallableType","arg_kinds":[0,1,1],"arg_names":[null,null,null],"arg_types":["_collections_abc.Buffer",{".class":"UnionType","items":["builtins.str",{".class":"NoneType"}],"uses_pep604_syntax":true},{".class":"UnionType","items":[{".class":"TypeAliasType","args":[],"type_ref":"_codecs._CharMap"},{".class":"NoneType"}],"uses_pep604_syntax":true}],"bound_args":[],"def_extras":{"first_arg":null},"fallback":"builtins.function","from_concatenate":false,"implicit":false,"imprecise_arg_kinds":false,"is_ellipsis_args":false,"name":"charmap_decode","ret_type":{".class":"TupleType","implicit":false,"items":["builtins.str","builtins.int"],"partial_fallback":{".class":"Instance","args":[{".class":"AnyType","missing_import_name":null,"source_any":null,"type_of_any":6}],"extra_attrs":null,"type_ref":"builtins.tuple"}},"type_guard":null,"type_is":null,"unpack_kwargs":false,"variables":[]}}},"charmap_encode":{".class":"SymbolTableNode","kind":"Gdef","node":{".class":"FuncDef","abstract_status":0,"arg_kinds":[0,1,1],"arg_names":[null,null,null],"dataclass_transform_spec":null,"deprecated":null,"flags":[],"fullname":"_codecs.charmap_encode","name":"charmap_encode","type":{".class":"CallableType","arg_kinds":[0,1,1],"arg_names":[null,null,null],"arg_types":["builtins.str",{".class":"UnionType","items":["builtins.str",{".class":"NoneType"}],"uses_pep604_syntax":true},{".class":"UnionType","items":[{".class":"TypeAliasType","args":[],"type_ref":"_codecs._CharMap"},{".class":"NoneType"}],"uses_pep604_syntax":true}],"bound_args":[],"def_extras":{"first_arg":null},"fallback":"builtins.function","from_concatenate":false,"implicit":false,"imprecise_arg_kinds":false,"is_ellipsis_args":false,"name":"charmap_encode","ret_type":{".class":"TupleType","implicit":false,"items":["builtins.bytes","builtins.int"],"partial_fallback":{".class":"Instance","args":[{".class":"AnyType","missing_import_name":null,"source_any":null,"type_of_any":6}],"extra_attrs":null,"type_ref":"builtins.tuple"}},"type_guard":null,"type_is":null,"unpack_kwargs":false,"variables":[]}}},"code_page_decode":{".class":"SymbolTableNode","kind":"Gdef","node":{".class":"FuncDef","abstract_status":0,"arg_kinds":[0,0,1,1],"arg_names":[null,null,null,null],"dataclass_transform_spec":null,"deprecated":null,"flags":[],"fullname":"_codecs.code_page_decode","name":"code_page_decode","type":{".class":"CallableType","arg_kinds":[0,0,1,1],"arg_names":[null,null,null,null],"arg_types":["builtins.int","_collections_abc.Buffer",{".class":"UnionType","items":["builtins.str",{".class":"NoneType"}],"uses_pep604_syntax":true},"builtins.bool"],"bound_args":[],"def_extras":{"first_arg":null},"fallback":"builtins.function","from_concatenate":false,"implicit":false,"imprecise_arg_kinds":false,"is_ellipsis_args":false,"name":"code_page_decode","ret_type":{".class":"TupleType","implicit":false,"items":["builtins.str","builtins.int"],"partial_fallback":{".class":"Instance","args":[{".class":"AnyType","missing_import_name":null,"source_any":null,"type_of_any":6}],"extra_attrs":null,"type_ref":"builtins.tuple"}},"type_guard":null,"type_is":null,"unpack_kwargs":false,"variables":[]}}},"code_page_encode":{".class":"SymbolTableNode","kind":"Gdef","node":{".class":"FuncDef","abstract_status":0,"arg_kinds":[0,0,1],"arg_names":[null,null,null],"dataclass_transform_spec":null,"deprecated":null,"flags":[],"fullname":"_codecs.code_page_encode","name":"code_page_encode","type":{".class":"CallableType","arg_kinds":[0,0,1],"arg_names":[null,null,null],"arg_types":["builtins.int","builtins.str",{".class":"UnionType","items":["builtins.str",{".class":"NoneType"}],"uses_pep604_syntax":true}],"bound_args":[],"def_extras":{"first_arg":null},"fallback":"builtins.function","from_concatenate":false,"implicit":false,"imprecise_arg_kinds":false,"is_ellipsis_args":false,"name":"code_page_encode","ret_type":{".class":"TupleType","implicit":false,"items":["builtins.bytes","builtins.int"],"partial_fallback":{".class":"Instance","args":[{".class":"AnyType","missing_import_name":null,"source_any":null,"type_of_any":6}],"extra_attrs":null,"type_ref":"builtins.tuple"}},"type_guard":null,"type_is":null,"unpack_kwargs":false,"variables":[]}}},"codecs":{".class":"SymbolTableNode","cross_ref":"codecs","kind":"Gdef","module_hidden":true,"module_public":false},"decode":{".class":"SymbolTableNode","kind":"Gdef","node":{".class":"OverloadedFuncDef","deprecated":null,"flags":[],"fullname":"_codecs.decode","impl":null,"items":[{".class":"Decorator","func":{".class":"FuncDef","abstract_status":0,"arg_kinds":[0,0,1],"arg_names":["obj","encoding","errors"],"dataclass_transform_spec":null,"deprecated":null,"flags":["is_overload","is_decorated"],"fullname":"_codecs.decode","name":"decode","type":{".class":"CallableType","arg_kinds":[0,0,1],"arg_names":["obj","encoding","errors"],"arg_types":["_collections_abc.Buffer",{".class":"TypeAliasType","args":[],"type_ref":"_codecs._BytesToBytesEncoding"},"builtins.str"],"bound_args":[],"def_extras":{"first_arg":null},"fallback":"builtins.function","from_concatenate":false,"implicit":false,"imprecise_arg_kinds":false,"is_ellipsis_args":false,"name":"decode","ret_type":"builtins.bytes","type_guard":null,"type_is":null,"unpack_kwargs":false,"variables":[]}},"is_overload":true,"var":{".class":"Var","flags":["is_ready","is_inferred"],"fullname":"_codecs.decode","name":"decode","type":{".class":"CallableType","arg_kinds":[0,0,1],"arg_names":["obj","encoding","errors"],"arg_types":["_collections_abc.Buffer",{".class":"TypeAliasType","args":[],"type_ref":"_codecs._BytesToBytesEncoding"},"builtins.str"],"bound_args":[],"def_extras":{"first_arg":null},"fallback":"builtins.function","from_concatenate":false,"implicit":false,"imprecise_arg_kinds":false,"is_ellipsis_args":false,"name":"decode","ret_type":"builtins.bytes","type_guard":null,"type_is":null,"unpack_kwargs":false,"variables":[]}}},{".class":"Decorator","func":{".class":"FuncDef","abstract_status":0,"arg_kinds":[0,0,1],"arg_names":["obj","encoding","errors"],"dataclass_transform_spec":null,"deprecated":null,"flags":["is_overload","is_decorated"],"fullname":"_codecs.decode","name":"decode","type":{".class":"CallableType","arg_kinds":[0,0,1],"arg_names":["obj","encoding","errors"],"arg_types":["builtins.str",{".class":"TypeAliasType","args":[],"type_ref":"_codecs._StrToStrEncoding"},"builtins.str"],"bound_args":[],"def_extras":{"first_arg":null},"fallback":"builtins.function","from_concatenate":false,"implicit":false,"imprecise_arg_kinds":false,"is_ellipsis_args":false,"name":"decode","ret_type":"builtins.str","type_guard":null,"type_is":null,"unpack_kwargs":false,"variables":[]}},"is_overload":true,"var":{".class":"Var","flags":["is_ready","is_inferred"],"fullname":"_codecs.decode","name":"decode","type":{".class":"CallableType","arg_kinds":[0,0,1],"arg_names":["obj","encoding","errors"],"arg_types":["builtins.str",{".class":"TypeAliasType","args":[],"type_ref":"_codecs._StrToStrEncoding"},"builtins.str"],"bound_args":[],"def_extras":{"first_arg":null},"fallback":"builtins.function","from_concatenate":false,"implicit":false,"imprecise_arg_kinds":false,"is_ellipsis_args":false,"name":"decode","ret_type":"builtins.str","type_guard":null,"type_is":null,"unpack_kwargs":false,"variables":[]}}},{".class":"Decorator","func":{".class":"FuncDef","abstract_status":0,"arg_kinds":[0,0,1],"arg_names":["obj","encoding","errors"],"dataclass_transform_spec":null,"deprecated":null,"flags":["is_overload","is_decorated"],"fullname":"_codecs.decode","name":"decode","type":{".class":"CallableType","arg_kinds":[0,0,1],"arg_names":["obj","encoding","errors"],"arg_types":["builtins.str",{".class":"UnionType","items":[{".class":"LiteralType","fallback":"builtins.str","value":"unicode_escape"},{".class":"LiteralType","fallback":"builtins.str","value":"unicode-escape"},{".class":"LiteralType","fallback":"builtins.str","value":"raw_unicode_escape"},{".class":"LiteralType","fallback":"builtins.str","value":"raw-unicode-escape"}],"uses_pep604_syntax":false},"builtins.str"],"bound_args":[],"def_extras":{"first_arg":null},"fallback":"builtins.function","from_concatenate":false,"implicit":false,"imprecise_arg_kinds":false,"is_ellipsis_args":false,"name":"decode","ret_type":"builtins.str","type_guard":null,"type_is":null,"unpack_kwargs":false,"variables":[]}},"is_overload":true,"var":{".class":"Var","flags":["is_ready","is_inferred"],"fullname":"_codecs.decode","name":"decode","type":{".class":"CallableType","arg_kinds":[0,0,1],"arg_names":["obj","encoding","errors"],"arg_types":["builtins.str",{".class":"UnionType","items":[{".class":"LiteralType","fallback":"builtins.str","value":"unicode_escape"},{".class":"LiteralType","fallback":"builtins.str","value":"unicode-escape"},{".class":"LiteralType","fallback":"builtins.str","value":"raw_unicode_escape"},{".class":"LiteralType","fallback":"builtins.str","value":"raw-unicode-escape"}],"uses_pep604_syntax":false},"builtins.str"],"bound_args":[],"def_extras":{"first_arg":null},"fallback":"builtins.function","from_concatenate":false,"implicit":false,"imprecise_arg_kinds":false,"is_ellipsis_args":false,"name":"decode","ret_type":"builtins.str","type_guard":null,"type_is":null,"unpack_kwargs":false,"variables":[]}}},{".class":"Decorator","func":{".class":"FuncDef","abstract_status":0,"arg_kinds":[0,0,1],"arg_names":["obj","encoding","errors"],"dataclass_transform_spec":null,"deprecated":null,"flags":["is_overload","is_decorated"],"fullname":"_codecs.decode","name":"decode","type":{".class":"CallableType","arg_kinds":[0,0,1],"arg_names":["obj","encoding","errors"],"arg_types":["builtins.str",{".class":"UnionType","items":[{".class":"LiteralType","fallback":"builtins.str","value":"hex"},{".class":"LiteralType","fallback":"builtins.str","value":"hex_codec"}],"uses_pep604_syntax":false},"builtins.str"],"bound_args":[],"def_extras":{"first_arg":null},"fallback":"builtins.function","from_concatenate":false,"implicit":false,"imprecise_arg_kinds":false,"is_ellipsis_args":false,"name":"decode","ret_type":"builtins.bytes","type_guard":null,"type_is":null,"unpack_kwargs":false,"variables":[]}},"is_overload":true,"var":{".class":"Var","flags":["is_ready","is_inferred"],"fullname":"_codecs.decode","name":"decode","type":{".class":"CallableType","arg_kinds":[0,0,1],"arg_names":["obj","encoding","errors"],"arg_types":["builtins.str",{".class":"UnionType","items":[{".class":"LiteralType","fallback":"builtins.str","value":"hex"},{".class":"LiteralType","fallback":"builtins.str","value":"hex_codec"}],"uses_pep604_syntax":false},"builtins.str"],"bound_args":[],"def_extras":{"first_arg":null},"fallback":"builtins.function","from_concatenate":false,"implicit":false,"imprecise_arg_kinds":false,"is_ellipsis_args":false,"name":"decode","ret_type":"builtins.bytes","type_guard":null,"type_is":null,"unpack_kwargs":false,"variables":[]}}},{".class":"Decorator","func":{".class":"FuncDef","abstract_status":0,"arg_kinds":[0,1,1],"arg_names":["obj","encoding","errors"],"dataclass_transform_spec":null,"deprecated":null,"flags":["is_overload","is_decorated"],"fullname":"_codecs.decode","name":"decode","type":{".class":"CallableType","arg_kinds":[0,1,1],"arg_names":["obj","encoding","errors"],"arg_types":["_collections_abc.Buffer","builtins.str","builtins.str"],"bound_args":[],"def_extras":{"first_arg":null},"fallback":"builtins.function","from_concatenate":false,"implicit":false,"imprecise_arg_kinds":false,"is_ellipsis_args":false,"name":"decode","ret_type":"builtins.str","type_guard":null,"type_is":null,"unpack_kwargs":false,"variables":[]}},"is_overload":true,"var":{".class":"Var","flags":["is_ready","is_inferred"],"fullname":"_codecs.decode","name":"decode","type":{".class":"CallableType","arg_kinds":[0,1,1],"arg_names":["obj","encoding","errors"],"arg_types":["_collections_abc.Buffer","builtins.str","builtins.str"],"bound_args":[],"def_extras":{"first_arg":null},"fallback":"builtins.function","from_concatenate":false,"implicit":false,"imprecise_arg_kinds":false,"is_ellipsis_args":false,"name":"decode","ret_type":"builtins.str","type_guard":null,"type_is":null,"unpack_kwargs":false,"variables":[]}}}],"type":{".class":"Overloaded","items":[{".class":"CallableType","arg_kinds":[0,0,1],"arg_names":["obj","encoding","errors"],"arg_types":["_collections_abc.Buffer",{".class":"TypeAliasType","args":[],"type_ref":"_codecs._BytesToBytesEncoding"},"builtins.str"],"bound_args":[],"def_extras":{"first_arg":null},"fallback":"builtins.function","from_concatenate":false,"implicit":false,"imprecise_arg_kinds":false,"is_ellipsis_args":false,"name":"decode","ret_type":"builtins.bytes","type_guard":null,"type_is":null,"unpack_kwargs":false,"variables":[]},{".class":"CallableType","arg_kinds":[0,0,1],"arg_names":["obj","encoding","errors"],"arg_types":["builtins.str",{".class":"TypeAliasType","args":[],"type_ref":"_codecs._StrToStrEncoding"},"builtins.str"],"bound_args":[],"def_extras":{"first_arg":null},"fallback":"builtins.function","from_concatenate":false,"implicit":false,"imprecise_arg_kinds":false,"is_ellipsis_args":false,"name":"decode","ret_type":"builtins.str","type_guard":null,"type_is":null,"unpack_kwargs":false,"variables":[]},{".class":"CallableType","arg_kinds":[0,0,1],"arg_names":["obj","encoding","errors"],"arg_types":["builtins.str",{".class":"UnionType","items":[{".class":"LiteralType","fallback":"builtins.str","value":"unicode_escape"},{".class":"LiteralType","fallback":"builtins.str","value":"unicode-escape"},{".class":"LiteralType","fallback":"builtins.str","value":"raw_unicode_escape"},{".class":"LiteralType","fallback":"builtins.str","value":"raw-unicode-escape"}],"uses_pep604_syntax":false},"builtins.str"],"bound_args":[],"def_extras":{"first_arg":null},"fallback":"builtins.function","from_concatenate":false,"implicit":false,"imprecise_arg_kinds":false,"is_ellipsis_args":false,"name":"decode","ret_type":"builtins.str","type_guard":null,"type_is":null,"unpack_kwargs":false,"variables":[]},{".class":"CallableType","arg_kinds":[0,0,1],"arg_names":["obj","encoding","errors"],"arg_types":["builtins.str",{".class":"UnionType","items":[{".class":"LiteralType","fallback":"builtins.str","value":"hex"},{".class":"LiteralType","fallback":"builtins.str","value":"hex_codec"}],"uses_pep604_syntax":false},"builtins.str"],"bound_args":[],"def_extras":{"first_arg":null},"fallback":"builtins.function","from_concatenate":false,"implicit":false,"imprecise_arg_kinds":false,"is_ellipsis_args":false,"name":"decode","ret_type":"builtins.bytes","type_guard":null,"type_is":null,"unpack_kwargs":false,"variables":[]},{".class":"CallableType","arg_kinds":[0,1,1],"arg_names":["obj","encoding","errors"],"arg_types":["_collections_abc.Buffer","builtins.str","builtins.str"],"bound_args":[],"def_extras":{"first_arg":null},"fallback":"builtins.function","from_concatenate":false,"implicit":false,"imprecise_arg_kinds":false,"is_ellipsis_args":false,"name":"decode","ret_type":"builtins.str","type_guard":null,"type_is":null,"unpack_kwargs":false,"variables":[]}]}}},"encode":{".class":"SymbolTableNode","kind":"Gdef","node":{".class":"OverloadedFuncDef","deprecated":null,"flags":[],"fullname":"_codecs.encode","impl":null,"items":[{".class":"Decorator","func":{".class":"FuncDef","abstract_status":0,"arg_kinds":[0,0,1],"arg_names":["obj","encoding","errors"],"dataclass_transform_spec":null,"deprecated":null,"flags":["is_overload","is_decorated"],"fullname":"_codecs.encode","name":"encode","type":{".class":"CallableType","arg_kinds":[0,0,1],"arg_names":["obj","encoding","errors"],"arg_types":["_collections_abc.Buffer",{".class":"TypeAliasType","args":[],"type_ref":"_codecs._BytesToBytesEncoding"},"builtins.str"],"bound_args":[],"def_extras":{"first_arg":null},"fallback":"builtins.function","from_concatenate":false,"implicit":false,"imprecise_arg_kinds":false,"is_ellipsis_args":false,"name":"encode","ret_type":"builtins.bytes","type_guard":null,"type_is":null,"unpack_kwargs":false,"variables":[]}},"is_overload":true,"var":{".class":"Var","flags":["is_ready","is_inferred"],"fullname":"_codecs.encode","name":"encode","type":{".class":"CallableType","arg_kinds":[0,0,1],"arg_names":["obj","encoding","errors"],"arg_types":["_collections_abc.Buffer",{".class":"TypeAliasType","args":[],"type_ref":"_codecs._BytesToBytesEncoding"},"builtins.str"],"bound_args":[],"def_extras":{"first_arg":null},"fallback":"builtins.function","from_concatenate":false,"implicit":false,"imprecise_arg_kinds":false,"is_ellipsis_args":false,"name":"encode","ret_type":"builtins.bytes","type_guard":null,"type_is":null,"unpack_kwargs":false,"variables":[]}}},{".class":"Decorator","func":{".class":"FuncDef","abstract_status":0,"arg_kinds":[0,0,1],"arg_names":["obj","encoding","errors"],"dataclass_transform_spec":null,"deprecated":null,"flags":["is_overload","is_decorated"],"fullname":"_codecs.encode","name":"encode","type":{".class":"CallableType","arg_kinds":[0,0,1],"arg_names":["obj","encoding","errors"],"arg_types":["builtins.str",{".class":"TypeAliasType","args":[],"type_ref":"_codecs._StrToStrEncoding"},"builtins.str"],"bound_args":[],"def_extras":{"first_arg":null},"fallback":"builtins.function","from_concatenate":false,"implicit":false,"imprecise_arg_kinds":false,"is_ellipsis_args":false,"name":"encode","ret_type":"builtins.str","type_guard":null,"type_is":null,"unpack_kwargs":false,"variables":[]}},"is_overload":true,"var":{".class":"Var","flags":["is_ready","is_inferred"],"fullname":"_codecs.encode","name":"encode","type":{".class":"CallableType","arg_kinds":[0,0,1],"arg_names":["obj","encoding","errors"],"arg_types":["builtins.str",{".class":"TypeAliasType","args":[],"type_ref":"_codecs._StrToStrEncoding"},"builtins.str"],"bound_args":[],"def_extras":{"first_arg":null},"fallback":"builtins.function","from_concatenate":false,"implicit":false,"imprecise_arg_kinds":false,"is_ellipsis_args":false,"name":"encode","ret_type":"builtins.str","type_guard":null,"type_is":null,"unpack_kwargs":false,"variables":[]}}},{".class":"Decorator","func":{".class":"FuncDef","abstract_status":0,"arg_kinds":[0,1,1],"arg_names":["obj","encoding","errors"],"dataclass_transform_spec":null,"deprecated":null,"flags":["is_overload","is_decorated"],"fullname":"_codecs.encode","name":"encode","type":{".class":"CallableType","arg_kinds":[0,1,1],"arg_names":["obj","encoding","errors"],"arg_types":["builtins.str","builtins.str","builtins.str"],"bound_args":[],"def_extras":{"first_arg":null},"fallback":"builtins.function","from_concatenate":false,"implicit":false,"imprecise_arg_kinds":false,"is_ellipsis_args":false,"name":"encode","ret_type":"builtins.bytes","type_guard":null,"type_is":null,"unpack_kwargs":false,"variables":[]}},"is_overload":true,"var":{".class":"Var","flags":["is_ready","is_inferred"],"fullname":"_codecs.encode","name":"encode","type":{".class":"CallableType","arg_kinds":[0,1,1],"arg_names":["obj","encoding","errors"],"arg_types":["builtins.str","builtins.str","builtins.str"],"bound_args":[],"def_extras":{"first_arg":null},"fallback":"builtins.function","from_concatenate":false,"implicit":false,"imprecise_arg_kinds":false,"is_ellipsis_args":false,"name":"encode","ret_type":"builtins.bytes","type_guard":null,"type_is":null,"unpack_kwargs":false,"variables":[]}}}],"type":{".class":"Overloaded","items":[{".class":"CallableType","arg_kinds":[0,0,1],"arg_names":["obj","encoding","errors"],"arg_types":["_collections_abc.Buffer",{".class":"TypeAliasType","args":[],"type_ref":"_codecs._BytesToBytesEncoding"},"builtins.str"],"bound_args":[],"def_extras":{"first_arg":null},"fallback":"builtins.function","from_concatenate":false,"implicit":false,"imprecise_arg_kinds":false,"is_ellipsis_args":false,"name":"encode","ret_type":"builtins.bytes","type_guard":null,"type_is":null,"unpack_kwargs":false,"variables":[]},{".class":"CallableType","arg_kinds":[0,0,1],"arg_names":["obj","encoding","errors"],"arg_types":["builtins.str",{".class":"TypeAliasType","args":[],"type_ref":"_codecs._StrToStrEncoding"},"builtins.str"],"bound_args":[],"def_extras":{"first_arg":null},"fallback":"builtins.function","from_concatenate":false,"implicit":false,"imprecise_arg_kinds":false,"is_ellipsis_args":false,"name":"encode","ret_type":"builtins.str","type_guard":null,"type_is":null,"unpack_kwargs":false,"variables":[]},{".class":"CallableType","arg_kinds":[0,1,1],"arg_names":["obj","encoding","errors"],"arg_types":["builtins.str","builtins.str","builtins.str"],"bound_args":[],"def_extras":{"first_arg":null},"fallback":"builtins.function","from_concatenate":false,"implicit":false,"imprecise_arg_kinds":false,"is_ellipsis_args":false,"name":"encode","ret_type":"builtins.bytes","type_guard":null,"type_is":null,"unpack_kwargs":false,"variables":[]}]}}},"escape_decode":{".class":"SymbolTableNode","kind":"Gdef","node":{".class":"FuncDef","abstract_status":0,"arg_kinds":[0,1],"arg_names":[null,null],"dataclass_transform_spec":null,"deprecated":null,"flags":[],"fullname":"_codecs.escape_decode","name":"escape_decode","type":{".class":"CallableType","arg_kinds":[0,1],"arg_names":[null,null],"arg_types":[{".class":"UnionType","items":["builtins.str","_collections_abc.Buffer"],"uses_pep604_syntax":true},{".class":"UnionType","items":["builtins.str",{".class":"NoneType"}],"uses_pep604_syntax":true}],"bound_args":[],"def_extras":{"first_arg":null},"fallback":"builtins.function","from_concatenate":false,"implicit":false,"imprecise_arg_kinds":false,"is_ellipsis_args":false,"name":"escape_decode","ret_type":{".class":"TupleType","implicit":false,"items":["builtins.str","builtins.int"],"partial_fallback":{".class":"Instance","args":[{".class":"AnyType","missing_import_name":null,"source_any":null,"type_of_any":6}],"extra_attrs":null,"type_ref":"builtins.tuple"}},"type_guard":null,"type_is":null,"unpack_kwargs":false,"variables":[]}}},"escape_encode":{".class":"SymbolTableNode","kind":"Gdef","node":{".class":"FuncDef","abstract_status":0,"arg_kinds":[0,1],"arg_names":[null,null],"dataclass_transform_spec":null,"deprecated":null,"flags":[],"fullname":"_codecs.escape_encode","name":"escape_encode","type":{".class":"CallableType","arg_kinds":[0,1],"arg_names":[null,null],"arg_types":["builtins.bytes",{".class":"UnionType","items":["builtins.str",{".class":"NoneType"}],"uses_pep604_syntax":true}],"bound_args":[],"def_extras":{"first_arg":null},"fallback":"builtins.function","from_concatenate":false,"implicit":false,"imprecise_arg_kinds":false,"is_ellipsis_args":false,"name":"escape_encode","ret_type":{".class":"TupleType","implicit":false,"items":["builtins.bytes","builtins.int"],"partial_fallback":{".class":"Instance","args":[{".class":"AnyType","missing_import_name":null,"source_any":null,"type_of_any":6}],"extra_attrs":null,"type_ref":"builtins.tuple"}},"type_guard":null,"type_is":null,"unpack_kwargs":false,"variables":[]}}},"final":{".class":"SymbolTableNode","cross_ref":"typing.final","kind":"Gdef","module_hidden":true,"module_public":false},"latin_1_decode":{".class":"SymbolTableNode","kind":"Gdef","node":{".class":"FuncDef","abstract_status":0,"arg_kinds":[0,1],"arg_names":[null,null],"dataclass_transform_spec":null,"deprecated":null,"flags":[],"fullname":"_codecs.latin_1_decode","name":"latin_1_decode","type":{".class":"CallableType","arg_kinds":[0,1],"arg_names":[null,null],"arg_types":["_collections_abc.Buffer",{".class":"UnionType","items":["builtins.str",{".class":"NoneType"}],"uses_pep604_syntax":true}],"bound_args":[],"def_extras":{"first_arg":null},"fallback":"builtins.function","from_concatenate":false,"implicit":false,"imprecise_arg_kinds":false,"is_ellipsis_args":false,"name":"latin_1_decode","ret_type":{".class":"TupleType","implicit":false,"items":["builtins.str","builtins.int"],"partial_fallback":{".class":"Instance","args":[{".class":"AnyType","missing_import_name":null,"source_any":null,"type_of_any":6}],"extra_attrs":null,"type_ref":"builtins.tuple"}},"type_guard":null,"type_is":null,"unpack_kwargs":false,"variables":[]}}},"latin_1_encode":{".class":"SymbolTableNode","kind":"Gdef","node":{".class":"FuncDef","abstract_status":0,"arg_kinds":[0,1],"arg_names":[null,null],"dataclass_transform_spec":null,"deprecated":null,"flags":[],"fullname":"_codecs.latin_1_encode","name":"latin_1_encode","type":{".class":"CallableType","arg_kinds":[0,1],"arg_names":[null,null],"arg_types":["builtins.str",{".class":"UnionType","items":["builtins.str",{".class":"NoneType"}],"uses_pep604_syntax":true}],"bound_args":[],"def_extras":{"first_arg":null},"fallback":"builtins.function","from_concatenate":false,"implicit":false,"imprecise_arg_kinds":false,"is_ellipsis_args":false,"name":"latin_1_encode","ret_type":{".class":"TupleType","implicit":false,"items":["builtins.bytes","builtins.int"],"partial_fallback":{".class":"Instance","args":[{".class":"AnyType","missing_import_name":null,"source_any":null,"type_of_any":6}],"extra_attrs":null,"type_ref":"builtins.tuple"}},"type_guard":null,"type_is":null,"unpack_kwargs":false,"variables":[]}}},"lookup":{".class":"SymbolTableNode","kind":"Gdef","node":{".class":"FuncDef","abstract_status":0,"arg_kinds":[0],"arg_names":[null],"dataclass_transform_spec":null,"deprecated":null,"flags":[],"fullname":"_codecs.lookup","name":"lookup","type":{".class":"CallableType","arg_kinds":[0],"arg_names":[null],"arg_types":["builtins.str"],"bound_args":[],"def_extras":{"first_arg":null},"fallback":"builtins.function","from_concatenate":false,"implicit":false,"imprecise_arg_kinds":false,"is_ellipsis_args":false,"name":"lookup","ret_type":{".class":"TypeAliasType","args":[],"type_ref":"codecs.CodecInfo"},"type_guard":null,"type_is":null,"unpack_kwargs":false,"variables":[]}}},"lookup_error":{".class":"SymbolTableNode","kind":"Gdef","node":{".class":"FuncDef","abstract_status":0,"arg_kinds":[0],"arg_names":[null],"dataclass_transform_spec":null,"deprecated":null,"flags":[],"fullname":"_codecs.lookup_error","name":"lookup_error","type":{".class":"CallableType","arg_kinds":[0],"arg_names":[null],"arg_types":["builtins.str"],"bound_args":[],"def_extras":{"first_arg":null},"fallback":"builtins.function","from_concatenate":false,"implicit":false,"imprecise_arg_kinds":false,"is_ellipsis_args":false,"name":"lookup_error","ret_type":{".class":"TypeAliasType","args":[],"type_ref":"_codecs._Handler"},"type_guard":null,"type_is":null,"unpack_kwargs":false,"variables":[]}}},"mbcs_decode":{".class":"SymbolTableNode","kind":"Gdef","node":{".class":"FuncDef","abstract_status":0,"arg_kinds":[0,1,1],"arg_names":[null,null,null],"dataclass_transform_spec":null,"deprecated":null,"flags":[],"fullname":"_codecs.mbcs_decode","name":"mbcs_decode","type":{".class":"CallableType","arg_kinds":[0,1,1],"arg_names":[null,null,null],"arg_types":["_collections_abc.Buffer",{".class":"UnionType","items":["builtins.str",{".class":"NoneType"}],"uses_pep604_syntax":true},"builtins.bool"],"bound_args":[],"def_extras":{"first_arg":null},"fallback":"builtins.function","from_concatenate":false,"implicit":false,"imprecise_arg_kinds":false,"is_ellipsis_args":false,"name":"mbcs_decode","ret_type":{".class":"TupleType","implicit":false,"items":["builtins.str","builtins.int"],"partial_fallback":{".class":"Instance","args":[{".class":"AnyType","missing_import_name":null,"source_any":null,"type_of_any":6}],"extra_attrs":null,"type_ref":"builtins.tuple"}},"type_guard":null,"type_is":null,"unpack_kwargs":false,"variables":[]}}},"mbcs_encode":{".class":"SymbolTableNode","kind":"Gdef","node":{".class":"FuncDef","abstract_status":0,"arg_kinds":[0,1],"arg_names":[null,null],"dataclass_transform_spec":null,"deprecated":null,"flags":[],"fullname":"_codecs.mbcs_encode","name":"mbcs_encode","type":{".class":"CallableType","arg_kinds":[0,1],"arg_names":[null,null],"arg_types":["builtins.str",{".class":"UnionType","items":["builtins.str",{".class":"NoneType"}],"uses_pep604_syntax":true}],"bound_args":[],"def_extras":{"first_arg":null},"fallback":"builtins.function","from_concatenate":false,"implicit":false,"imprecise_arg_kinds":false,"is_ellipsis_args":false,"name":"mbcs_encode","ret_type":{".class":"TupleType","implicit":false,"items":["builtins.bytes","builtins.int"],"partial_fallback":{".class":"Instance","args":[{".class":"AnyType","missing_import_name":null,"source_any":null,"type_of_any":6}],"extra_attrs":null,"type_ref":"builtins.tuple"}},"type_guard":null,"type_is":null,"unpack_kwargs":false,"variables":[]}}},"oem_decode":{".class":"SymbolTableNode","kind":"Gdef","node":{".class":"FuncDef","abstract_status":0,"arg_kinds":[0,1,1],"arg_names":[null,null,null],"dataclass_transform_spec":null,"deprecated":null,"flags":[],"fullname":"_codecs.oem_decode","name":"oem_decode","type":{".class":"CallableType","arg_kinds":[0,1,1],"arg_names":[null,null,null],"arg_types":["_collections_abc.Buffer",{".class":"UnionType","items":["builtins.str",{".class":"NoneType"}],"uses_pep604_syntax":true},"builtins.bool"],"bound_args":[],"def_extras":{"first_arg":null},"fallback":"builtins.function","from_concatenate":false,"implicit":false,"imprecise_arg_kinds":false,"is_ellipsis_args":false,"name":"oem_decode","ret_type":{".class":"TupleType","implicit":false,"items":["builtins.str","builtins.int"],"partial_fallback":{".class":"Instance","args":[{".class":"AnyType","missing_import_name":null,"source_any":null,"type_of_any":6}],"extra_attrs":null,"type_ref":"builtins.tuple"}},"type_guard":null,"type_is":null,"unpack_kwargs":false,"variables":[]}}},"oem_encode":{".class":"SymbolTableNode","kind":"Gdef","node":{".class":"FuncDef","abstract_status":0,"arg_kinds":[0,1],"arg_names":[null,null],"dataclass_transform_spec":null,"deprecated":null,"flags":[],"fullname":"_codecs.oem_encode","name":"oem_encode","type":{".class":"CallableType","arg_kinds":[0,1],"arg_names":[null,null],"arg_types":["builtins.str",{".class":"UnionType","items":["builtins.str",{".class":"NoneType"}],"uses_pep604_syntax":true}],"bound_args":[],"def_extras":{"first_arg":null},"fallback":"builtins.function","from_concatenate":false,"implicit":false,"imprecise_arg_kinds":false,"is_ellipsis_args":false,"name":"oem_encode","ret_type":{".class":"TupleType","implicit":false,"items":["builtins.bytes","builtins.int"],"partial_fallback":{".class":"Instance","args":[{".class":"AnyType","missing_import_name":null,"source_any":null,"type_of_any":6}],"extra_attrs":null,"type_ref":"builtins.tuple"}},"type_guard":null,"type_is":null,"unpack_kwargs":false,"variables":[]}}},"overload":{".class":"SymbolTableNode","cross_ref":"typing.overload","kind":"Gdef","module_hidden":true,"module_public":false},"raw_unicode_escape_decode":{".class":"SymbolTableNode","kind":"Gdef","node":{".class":"FuncDef","abstract_status":0,"arg_kinds":[0,1,1],"arg_names":[null,null,null],"dataclass_transform_spec":null,"deprecated":null,"flags":[],"fullname":"_codecs.raw_unicode_escape_decode","name":"raw_unicode_escape_decode","type":{".class":"CallableType","arg_kinds":[0,1,1],"arg_names":[null,null,null],"arg_types":[{".class":"UnionType","items":["builtins.str","_collections_abc.Buffer"],"uses_pep604_syntax":true},{".class":"UnionType","items":["builtins.str",{".class":"NoneType"}],"uses_pep604_syntax":true},"builtins.bool"],"bound_args":[],"def_extras":{"first_arg":null},"fallback":"builtins.function","from_concatenate":false,"implicit":false,"imprecise_arg_kinds":false,"is_ellipsis_args":false,"name":"raw_unicode_escape_decode","ret_type":{".class":"TupleType","implicit":false,"items":["builtins.str","builtins.int"],"partial_fallback":{".class":"Instance","args":[{".class":"AnyType","missing_import_name":null,"source_any":null,"type_of_any":6}],"extra_attrs":null,"type_ref":"builtins.tuple"}},"type_guard":null,"type_is":null,"unpack_kwargs":false,"variables":[]}}},"raw_unicode_escape_encode":{".class":"SymbolTableNode","kind":"Gdef","node":{".class":"FuncDef","abstract_status":0,"arg_kinds":[0,1],"arg_names":[null,null],"dataclass_transform_spec":null,"deprecated":null,"flags":[],"fullname":"_codecs.raw_unicode_escape_encode","name":"raw_unicode_escape_encode","type":{".class":"CallableType","arg_kinds":[0,1],"arg_names":[null,null],"arg_types":["builtins.str",{".class":"UnionType","items":["builtins.str",{".class":"NoneType"}],"uses_pep604_syntax":true}],"bound_args":[],"def_extras":{"first_arg":null},"fallback":"builtins.function","from_concatenate":false,"implicit":false,"imprecise_arg_kinds":false,"is_ellipsis_args":false,"name":"raw_unicode_escape_encode","ret_type":{".class":"TupleType","implicit":false,"items":["builtins.bytes","builtins.int"],"partial_fallback":{".class":"Instance","args":[{".class":"AnyType","missing_import_name":null,"source_any":null,"type_of_any":6}],"extra_attrs":null,"type_ref":"builtins.tuple"}},"type_guard":null,"type_is":null,"unpack_kwargs":false,"variables":[]}}},"readbuffer_encode":{".class":"SymbolTableNode","kind":"Gdef","node":{".class":"FuncDef","abstract_status":0,"arg_kinds":[0,1],"arg_names":[null,null],"dataclass_transform_spec":null,"deprecated":null,"flags":[],"fullname":"_codecs.readbuffer_encode","name":"readbuffer_encode","type":{".class":"CallableType","arg_kinds":[0,1],"arg_names":[null,null],"arg_types":[{".class":"UnionType","items":["builtins.str","_collections_abc.Buffer"],"uses_pep604_syntax":true},{".class":"UnionType","items":["builtins.str",{".class":"NoneType"}],"uses_pep604_syntax":true}],"bound_args":[],"def_extras":{"first_arg":null},"fallback":"builtins.function","from_concatenate":false,"implicit":false,"imprecise_arg_kinds":false,"is_ellipsis_args":false,"name":"readbuffer_encode","ret_type":{".class":"TupleType","implicit":false,"items":["builtins.bytes","builtins.int"],"partial_fallback":{".class":"Instance","args":[{".class":"AnyType","missing_import_name":null,"source_any":null,"type_of_any":6}],"extra_attrs":null,"type_ref":"builtins.tuple"}},"type_guard":null,"type_is":null,"unpack_kwargs":false,"variables":[]}}},"register":{".class":"SymbolTableNode","kind":"Gdef","node":{".class":"FuncDef","abstract_status":0,"arg_kinds":[0],"arg_names":[null],"dataclass_transform_spec":null,"deprecated":null,"flags":[],"fullname":"_codecs.register","name":"register","type":{".class":"CallableType","arg_kinds":[0],"arg_names":[null],"arg_types":[{".class":"TypeAliasType","args":[],"type_ref":"_codecs._SearchFunction"}],"bound_args":[],"def_extras":{"first_arg":null},"fallback":"builtins.function","from_concatenate":false,"implicit":false,"imprecise_arg_kinds":false,"is_ellipsis_args":false,"name":"register","ret_type":{".class":"NoneType"},"type_guard":null,"type_is":null,"unpack_kwargs":false,"variables":[]}}},"register_error":{".class":"SymbolTableNode","kind":"Gdef","node":{".class":"FuncDef","abstract_status":0,"arg_kinds":[0,0],"arg_names":[null,null],"dataclass_transform_spec":null,"deprecated":null,"flags":[],"fullname":"_codecs.register_error","name":"register_error","type":{".class":"CallableType","arg_kinds":[0,0],"arg_names":[null,null],"arg_types":["builtins.str",{".class":"TypeAliasType","args":[],"type_ref":"_codecs._Handler"}],"bound_args":[],"def_extras":{"first_arg":null},"fallback":"builtins.function","from_concatenate":false,"implicit":false,"imprecise_arg_kinds":false,"is_ellipsis_args":false,"name":"register_error","ret_type":{".class":"NoneType"},"type_guard":null,"type_is":null,"unpack_kwargs":false,"variables":[]}}},"sys":{".class":"SymbolTableNode","cross_ref":"sys","kind":"Gdef","module_hidden":true,"module_public":false},"type_check_only":{".class":"SymbolTableNode","cross_ref":"typing.type_check_only","kind":"Gdef","module_hidden":true,"module_public":false},"unicode_escape_decode":{".class":"SymbolTableNode","kind":"Gdef","node":{".class":"FuncDef","abstract_status":0,"arg_kinds":[0,1,1],"arg_names":[null,null,null],"dataclass_transform_spec":null,"deprecated":null,"flags":[],"fullname":"_codecs.unicode_escape_decode","name":"unicode_escape_decode","type":{".class":"CallableType","arg_kinds":[0,1,1],"arg_names":[null,null,null],"arg_types":[{".class":"UnionType","items":["builtins.str","_collections_abc.Buffer"],"uses_pep604_syntax":true},{".class":"UnionType","items":["builtins.str",{".class":"NoneType"}],"uses_pep604_syntax":true},"builtins.bool"],"bound_args":[],"def_extras":{"first_arg":null},"fallback":"builtins.function","from_concatenate":false,"implicit":false,"imprecise_arg_kinds":false,"is_ellipsis_args":false,"name":"unicode_escape_decode","ret_type":{".class":"TupleType","implicit":false,"items":["builtins.str","builtins.int"],"partial_fallback":{".class":"Instance","args":[{".class":"AnyType","missing_import_name":null,"source_any":null,"type_of_any":6}],"extra_attrs":null,"type_ref":"builtins.tuple"}},"type_guard":null,"type_is":null,"unpack_kwargs":false,"variables":[]}}},"unicode_escape_encode":{".class":"SymbolTableNode","kind":"Gdef","node":{".class":"FuncDef","abstract_status":0,"arg_kinds":[0,1],"arg_names":[null,null],"dataclass_transform_spec":null,"deprecated":null,"flags":[],"fullname":"_codecs.unicode_escape_encode","name":"unicode_escape_encode","type":{".class":"CallableType","arg_kinds":[0,1],"arg_names":[null,null],"arg_types":["builtins.str",{".class":"UnionType","items":["builtins.str",{".class":"NoneType"}],"uses_pep604_syntax":true}],"bound_args":[],"def_extras":{"first_arg":null},"fallback":"builtins.function","from_concatenate":false,"implicit":false,"imprecise_arg_kinds":false,"is_ellipsis_args":false,"name":"unicode_escape_encode","ret_type":{".class":"TupleType","implicit":false,"items":["builtins.bytes","builtins.int"],"partial_fallback":{".class":"Instance","args":[{".class":"AnyType","missing_import_name":null,"source_any":null,"type_of_any":6}],"extra_attrs":null,"type_ref":"builtins.tuple"}},"type_guard":null,"type_is":null,"unpack_kwargs":false,"variables":[]}}},"unregister":{".class":"SymbolTableNode","kind":"Gdef","node":{".class":"FuncDef","abstract_status":0,"arg_kinds":[0],"arg_names":[null],"dataclass_transform_spec":null,"deprecated":null,"flags":[],"fullname":"_codecs.unregister","name":"unregister","type":{".class":"CallableType","arg_kinds":[0],"arg_names":[null],"arg_types":[{".class":"TypeAliasType","args":[],"type_ref":"_codecs._SearchFunction"}],"bound_args":[],"def_extras":{"first_arg":null},"fallback":"builtins.function","from_concatenate":false,"implicit":false,"imprecise_arg_kinds":false,"is_ellipsis_args":false,"name":"unregister","ret_type":{".class":"NoneType"},"type_guard":null,"type_is":null,"unpack_kwargs":false,"variables":[]}}},"utf_16_be_decode":{".class":"SymbolTableNode","kind":"Gdef","node":{".class":"FuncDef","abstract_status":0,"arg_kinds":[0,1,1],"arg_names":[null,null,null],"dataclass_transform_spec":null,"deprecated":null,"flags":[],"fullname":"_codecs.utf_16_be_decode","name":"utf_16_be_decode","type":{".class":"CallableType","arg_kinds":[0,1,1],"arg_names":[null,null,null],"arg_types":["_collections_abc.Buffer",{".class":"UnionType","items":["builtins.str",{".class":"NoneType"}],"uses_pep604_syntax":true},"builtins.bool"],"bound_args":[],"def_extras":{"first_arg":null},"fallback":"builtins.function","from_concatenate":false,"implicit":false,"imprecise_arg_kinds":false,"is_ellipsis_args":false,"name":"utf_16_be_decode","ret_type":{".class":"TupleType","implicit":false,"items":["builtins.str","builtins.int"],"partial_fallback":{".class":"Instance","args":[{".class":"AnyType","missing_import_name":null,"source_any":null,"type_of_any":6}],"extra_attrs":null,"type_ref":"builtins.tuple"}},"type_guard":null,"type_is":null,"unpack_kwargs":false,"variables":[]}}},"utf_16_be_encode":{".class":"SymbolTableNode","kind":"Gdef","node":{".class":"FuncDef","abstract_status":0,"arg_kinds":[0,1],"arg_names":[null,null],"dataclass_transform_spec":null,"deprecated":null,"flags":[],"fullname":"_codecs.utf_16_be_encode","name":"utf_16_be_encode","type":{".class":"CallableType","arg_kinds":[0,1],"arg_names":[null,null],"arg_types":["builtins.str",{".class":"UnionType","items":["builtins.str",{".class":"NoneType"}],"uses_pep604_syntax":true}],"bound_args":[],"def_extras":{"first_arg":null},"fallback":"builtins.function","from_concatenate":false,"implicit":false,"imprecise_arg_kinds":false,"is_ellipsis_args":false,"name":"utf_16_be_encode","ret_type":{".class":"TupleType","implicit":false,"items":["builtins.bytes","builtins.int"],"partial_fallback":{".class":"Instance","args":[{".class":"AnyType","missing_import_name":null,"source_any":null,"type_of_any":6}],"extra_attrs":null,"type_ref":"builtins.tuple"}},"type_guard":null,"type_is":null,"unpack_kwargs":false,"variables":[]}}},"utf_16_decode":{".class":"SymbolTableNode","kind":"Gdef","node":{".class":"FuncDef","abstract_status":0,"arg_kinds":[0,1,1],"arg_names":[null,null,null],"dataclass_transform_spec":null,"deprecated":null,"flags":[],"fullname":"_codecs.utf_16_decode","name":"utf_16_decode","type":{".class":"CallableType","arg_kinds":[0,1,1],"arg_names":[null,null,null],"arg_types":["_collections_abc.Buffer",{".class":"UnionType","items":["builtins.str",{".class":"NoneType"}],"uses_pep604_syntax":true},"builtins.bool"],"bound_args":[],"def_extras":{"first_arg":null},"fallback":"builtins.function","from_concatenate":false,"implicit":false,"imprecise_arg_kinds":false,"is_ellipsis_args":false,"name":"utf_16_decode","ret_type":{".class":"TupleType","implicit":false,"items":["builtins.str","builtins.int"],"partial_fallback":{".class":"Instance","args":[{".class":"AnyType","missing_import_name":null,"source_any":null,"type_of_any":6}],"extra_attrs":null,"type_ref":"builtins.tuple"}},"type_guard":null,"type_is":null,"unpack_kwargs":false,"variables":[]}}},"utf_16_encode":{".class":"SymbolTableNode","kind":"Gdef","node":{".class":"FuncDef","abstract_status":0,"arg_kinds":[0,1,1],"arg_names":[null,null,null],"dataclass_transform_spec":null,"deprecated":null,"flags":[],"fullname":"_codecs.utf_16_encode","name":"utf_16_encode","type":{".class":"CallableType","arg_kinds":[0,1,1],"arg_names":[null,null,null],"arg_types":["builtins.str",{".class":"UnionType","items":["builtins.str",{".class":"NoneType"}],"uses_pep604_syntax":true},"builtins.int"],"bound_args":[],"def_extras":{"first_arg":null},"fallback":"builtins.function","from_concatenate":false,"implicit":false,"imprecise_arg_kinds":false,"is_ellipsis_args":false,"name":"utf_16_encode","ret_type":{".class":"TupleType","implicit":false,"items":["builtins.bytes","builtins.int"],"partial_fallback":{".class":"Instance","args":[{".class":"AnyType","missing_import_name":null,"source_any":null,"type_of_any":6}],"extra_attrs":null,"type_ref":"builtins.tuple"}},"type_guard":null,"type_is":null,"unpack_kwargs":false,"variables":[]}}},"utf_16_ex_decode":{".class":"SymbolTableNode","kind":"Gdef","node":{".class":"FuncDef","abstract_status":0,"arg_kinds":[0,1,1,1],"arg_names":[null,null,null,null],"dataclass_transform_spec":null,"deprecated":null,"flags":[],"fullname":"_codecs.utf_16_ex_decode","name":"utf_16_ex_decode","type":{".class":"CallableType","arg_kinds":[0,1,1,1],"arg_names":[null,null,null,null],"arg_types":["_collections_abc.Buffer",{".class":"UnionType","items":["builtins.str",{".class":"NoneType"}],"uses_pep604_syntax":true},"builtins.int","builtins.bool"],"bound_args":[],"def_extras":{"first_arg":null},"fallback":"builtins.function","from_concatenate":false,"implicit":false,"imprecise_arg_kinds":false,"is_ellipsis_args":false,"name":"utf_16_ex_decode","ret_type":{".class":"TupleType","implicit":false,"items":["builtins.str","builtins.int","builtins.int"],"partial_fallback":{".class":"Instance","args":[{".class":"AnyType","missing_import_name":null,"source_any":null,"type_of_any":6}],"extra_attrs":null,"type_ref":"builtins.tuple"}},"type_guard":null,"type_is":null,"unpack_kwargs":false,"variables":[]}}},"utf_16_le_decode":{".class":"SymbolTableNode","kind":"Gdef","node":{".class":"FuncDef","abstract_status":0,"arg_kinds":[0,1,1],"arg_names":[null,null,null],"dataclass_transform_spec":null,"deprecated":null,"flags":[],"fullname":"_codecs.utf_16_le_decode","name":"utf_16_le_decode","type":{".class":"CallableType","arg_kinds":[0,1,1],"arg_names":[null,null,null],"arg_types":["_collections_abc.Buffer",{".class":"UnionType","items":["builtins.str",{".class":"NoneType"}],"uses_pep604_syntax":true},"builtins.bool"],"bound_args":[],"def_extras":{"first_arg":null},"fallback":"builtins.function","from_concatenate":false,"implicit":false,"imprecise_arg_kinds":false,"is_ellipsis_args":false,"name":"utf_16_le_decode","ret_type":{".class":"TupleType","implicit":false,"items":["builtins.str","builtins.int"],"partial_fallback":{".class":"Instance","args":[{".class":"AnyType","missing_import_name":null,"source_any":null,"type_of_any":6}],"extra_attrs":null,"type_ref":"builtins.tuple"}},"type_guard":null,"type_is":null,"unpack_kwargs":false,"variables":[]}}},"utf_16_le_encode":{".class":"SymbolTableNode","kind":"Gdef","node":{".class":"FuncDef","abstract_status":0,"arg_kinds":[0,1],"arg_names":[null,null],"dataclass_transform_spec":null,"deprecated":null,"flags":[],"fullname":"_codecs.utf_16_le_encode","name":"utf_16_le_encode","type":{".class":"CallableType","arg_kinds":[0,1],"arg_names":[null,null],"arg_types":["builtins.str",{".class":"UnionType","items":["builtins.str",{".class":"NoneType"}],"uses_pep604_syntax":true}],"bound_args":[],"def_extras":{"first_arg":null},"fallback":"builtins.function","from_concatenate":false,"implicit":false,"imprecise_arg_kinds":false,"is_ellipsis_args":false,"name":"utf_16_le_encode","ret_type":{".class":"TupleType","implicit":false,"items":["builtins.bytes","builtins.int"],"partial_fallback":{".class":"Instance","args":[{".class":"AnyType","missing_import_name":null,"source_any":null,"type_of_any":6}],"extra_attrs":null,"type_ref":"builtins.tuple"}},"type_guard":null,"type_is":null,"unpack_kwargs":false,"variables":[]}}},"utf_32_be_decode":{".class":"SymbolTableNode","kind":"Gdef","node":{".class":"FuncDef","abstract_status":0,"arg_kinds":[0,1,1],"arg_names":[null,null,null],"dataclass_transform_spec":null,"deprecated":null,"flags":[],"fullname":"_codecs.utf_32_be_decode","name":"utf_32_be_decode","type":{".class":"CallableType","arg_kinds":[0,1,1],"arg_names":[null,null,null],"arg_types":["_collections_abc.Buffer",{".class":"UnionType","items":["builtins.str",{".class":"NoneType"}],"uses_pep604_syntax":true},"builtins.bool"],"bound_args":[],"def_extras":{"first_arg":null},"fallback":"builtins.function","from_concatenate":false,"implicit":false,"imprecise_arg_kinds":false,"is_ellipsis_args":false,"name":"utf_32_be_decode","ret_type":{".class":"TupleType","implicit":false,"items":["builtins.str","builtins.int"],"partial_fallback":{".class":"Instance","args":[{".class":"AnyType","missing_import_name":null,"source_any":null,"type_of_any":6}],"extra_attrs":null,"type_ref":"builtins.tuple"}},"type_guard":null,"type_is":null,"unpack_kwargs":false,"variables":[]}}},"utf_32_be_encode":{".class":"SymbolTableNode","kind":"Gdef","node":{".class":"FuncDef","abstract_status":0,"arg_kinds":[0,1],"arg_names":[null,null],"dataclass_transform_spec":null,"deprecated":null,"flags":[],"fullname":"_codecs.utf_32_be_encode","name":"utf_32_be_encode","type":{".class":"CallableType","arg_kinds":[0,1],"arg_names":[null,null],"arg_types":["builtins.str",{".class":"UnionType","items":["builtins.str",{".class":"NoneType"}],"uses_pep604_syntax":true}],"bound_args":[],"def_extras":{"first_arg":null},"fallback":"builtins.function","from_concatenate":false,"implicit":false,"imprecise_arg_kinds":false,"is_ellipsis_args":false,"name":"utf_32_be_encode","ret_type":{".class":"TupleType","implicit":false,"items":["builtins.bytes","builtins.int"],"partial_fallback":{".class":"Instance","args":[{".class":"AnyType","missing_import_name":null,"source_any":null,"type_of_any":6}],"extra_attrs":null,"type_ref":"builtins.tuple"}},"type_guard":null,"type_is":null,"unpack_kwargs":false,"variables":[]}}},"utf_32_decode":{".class":"SymbolTableNode","kind":"Gdef","node":{".class":"FuncDef","abstract_status":0,"arg_kinds":[0,1,1],"arg_names":[null,null,null],"dataclass_transform_spec":null,"deprecated":null,"flags":[],"fullname":"_codecs.utf_32_decode","name":"utf_32_decode","type":{".class":"CallableType","arg_kinds":[0,1,1],"arg_names":[null,null,null],"arg_types":["_collections_abc.Buffer",{".class":"UnionType","items":["builtins.str",{".class":"NoneType"}],"uses_pep604_syntax":true},"builtins.bool"],"bound_args":[],"def_extras":{"first_arg":null},"fallback":"builtins.function","from_concatenate":false,"implicit":false,"imprecise_arg_kinds":false,"is_ellipsis_args":false,"name":"utf_32_decode","ret_type":{".class":"TupleType","implicit":false,"items":["builtins.str","builtins.int"],"partial_fallback":{".class":"Instance","args":[{".class":"AnyType","missing_import_name":null,"source_any":null,"type_of_any":6}],"extra_attrs":null,"type_ref":"builtins.tuple"}},"type_guard":null,"type_is":null,"unpack_kwargs":false,"variables":[]}}},"utf_32_encode":{".class":"SymbolTableNode","kind":"Gdef","node":{".class":"FuncDef","abstract_status":0,"arg_kinds":[0,1,1],"arg_names":[null,null,null],"dataclass_transform_spec":null,"deprecated":null,"flags":[],"fullname":"_codecs.utf_32_encode","name":"utf_32_encode","type":{".class":"CallableType","arg_kinds":[0,1,1],"arg_names":[null,null,null],"arg_types":["builtins.str",{".class":"UnionType","items":["builtins.str",{".class":"NoneType"}],"uses_pep604_syntax":true},"builtins.int"],"bound_args":[],"def_extras":{"first_arg":null},"fallback":"builtins.function","from_concatenate":false,"implicit":false,"imprecise_arg_kinds":false,"is_ellipsis_args":false,"name":"utf_32_encode","ret_type":{".class":"TupleType","implicit":false,"items":["builtins.bytes","builtins.int"],"partial_fallback":{".class":"Instance","args":[{".class":"AnyType","missing_import_name":null,"source_any":null,"type_of_any":6}],"extra_attrs":null,"type_ref":"builtins.tuple"}},"type_guard":null,"type_is":null,"unpack_kwargs":false,"variables":[]}}},"utf_32_ex_decode":{".class":"SymbolTableNode","kind":"Gdef","node":{".class":"FuncDef","abstract_status":0,"arg_kinds":[0,1,1,1],"arg_names":[null,null,null,null],"dataclass_transform_spec":null,"deprecated":null,"flags":[],"fullname":"_codecs.utf_32_ex_decode","name":"utf_32_ex_decode","type":{".class":"CallableType","arg_kinds":[0,1,1,1],"arg_names":[null,null,null,null],"arg_types":["_collections_abc.Buffer",{".class":"UnionType","items":["builtins.str",{".class":"NoneType"}],"uses_pep604_syntax":true},"builtins.int","builtins.bool"],"bound_args":[],"def_extras":{"first_arg":null},"fallback":"builtins.function","from_concatenate":false,"implicit":false,"imprecise_arg_kinds":false,"is_ellipsis_args":false,"name":"utf_32_ex_decode","ret_type":{".class":"TupleType","implicit":false,"items":["builtins.str","builtins.int","builtins.int"],"partial_fallback":{".class":"Instance","args":[{".class":"AnyType","missing_import_name":null,"source_any":null,"type_of_any":6}],"extra_attrs":null,"type_ref":"builtins.tuple"}},"type_guard":null,"type_is":null,"unpack_kwargs":false,"variables":[]}}},"utf_32_le_decode":{".class":"SymbolTableNode","kind":"Gdef","node":{".class":"FuncDef","abstract_status":0,"arg_kinds":[0,1,1],"arg_names":[null,null,null],"dataclass_transform_spec":null,"deprecated":null,"flags":[],"fullname":"_codecs.utf_32_le_decode","name":"utf_32_le_decode","type":{".class":"CallableType","arg_kinds":[0,1,1],"arg_names":[null,null,null],"arg_types":["_collections_abc.Buffer",{".class":"UnionType","items":["builtins.str",{".class":"NoneType"}],"uses_pep604_syntax":true},"builtins.bool"],"bound_args":[],"def_extras":{"first_arg":null},"fallback":"builtins.function","from_concatenate":false,"implicit":false,"imprecise_arg_kinds":false,"is_ellipsis_args":false,"name":"utf_32_le_decode","ret_type":{".class":"TupleType","implicit":false,"items":["builtins.str","builtins.int"],"partial_fallback":{".class":"Instance","args":[{".class":"AnyType","missing_import_name":null,"source_any":null,"type_of_any":6}],"extra_attrs":null,"type_ref":"builtins.tuple"}},"type_guard":null,"type_is":null,"unpack_kwargs":false,"variables":[]}}},"utf_32_le_encode":{".class":"SymbolTableNode","kind":"Gdef","node":{".class":"FuncDef","abstract_status":0,"arg_kinds":[0,1],"arg_names":[null,null],"dataclass_transform_spec":null,"deprecated":null,"flags":[],"fullname":"_codecs.utf_32_le_encode","name":"utf_32_le_encode","type":{".class":"CallableType","arg_kinds":[0,1],"arg_names":[null,null],"arg_types":["builtins.str",{".class":"UnionType","items":["builtins.str",{".class":"NoneType"}],"uses_pep604_syntax":true}],"bound_args":[],"def_extras":{"first_arg":null},"fallback":"builtins.function","from_concatenate":false,"implicit":false,"imprecise_arg_kinds":false,"is_ellipsis_args":false,"name":"utf_32_le_encode","ret_type":{".class":"TupleType","implicit":false,"items":["builtins.bytes","builtins.int"],"partial_fallback":{".class":"Instance","args":[{".class":"AnyType","missing_import_name":null,"source_any":null,"type_of_any":6}],"extra_attrs":null,"type_ref":"builtins.tuple"}},"type_guard":null,"type_is":null,"unpack_kwargs":false,"variables":[]}}},"utf_7_decode":{".class":"SymbolTableNode","kind":"Gdef","node":{".class":"FuncDef","abstract_status":0,"arg_kinds":[0,1,1],"arg_names":[null,null,null],"dataclass_transform_spec":null,"deprecated":null,"flags":[],"fullname":"_codecs.utf_7_decode","name":"utf_7_decode","type":{".class":"CallableType","arg_kinds":[0,1,1],"arg_names":[null,null,null],"arg_types":["_collections_abc.Buffer",{".class":"UnionType","items":["builtins.str",{".class":"NoneType"}],"uses_pep604_syntax":true},"builtins.bool"],"bound_args":[],"def_extras":{"first_arg":null},"fallback":"builtins.function","from_concatenate":false,"implicit":false,"imprecise_arg_kinds":false,"is_ellipsis_args":false,"name":"utf_7_decode","ret_type":{".class":"TupleType","implicit":false,"items":["builtins.str","builtins.int"],"partial_fallback":{".class":"Instance","args":[{".class":"AnyType","missing_import_name":null,"source_any":null,"type_of_any":6}],"extra_attrs":null,"type_ref":"builtins.tuple"}},"type_guard":null,"type_is":null,"unpack_kwargs":false,"variables":[]}}},"utf_7_encode":{".class":"SymbolTableNode","kind":"Gdef","node":{".class":"FuncDef","abstract_status":0,"arg_kinds":[0,1],"arg_names":[null,null],"dataclass_transform_spec":null,"deprecated":null,"flags":[],"fullname":"_codecs.utf_7_encode","name":"utf_7_encode","type":{".class":"CallableType","arg_kinds":[0,1],"arg_names":[null,null],"arg_types":["builtins.str",{".class":"UnionType","items":["builtins.str",{".class":"NoneType"}],"uses_pep604_syntax":true}],"bound_args":[],"def_extras":{"first_arg":null},"fallback":"builtins.function","from_concatenate":false,"implicit":false,"imprecise_arg_kinds":false,"is_ellipsis_args":false,"name":"utf_7_encode","ret_type":{".class":"TupleType","implicit":false,"items":["builtins.bytes","builtins.int"],"partial_fallback":{".class":"Instance","args":[{".class":"AnyType","missing_import_name":null,"source_any":null,"type_of_any":6}],"extra_attrs":null,"type_ref":"builtins.tuple"}},"type_guard":null,"type_is":null,"unpack_kwargs":false,"variables":[]}}},"utf_8_decode":{".class":"SymbolTableNode","kind":"Gdef","node":{".class":"FuncDef","abstract_status":0,"arg_kinds":[0,1,1],"arg_names":[null,null,null],"dataclass_transform_spec":null,"deprecated":null,"flags":[],"fullname":"_codecs.utf_8_decode","name":"utf_8_decode","type":{".class":"CallableType","arg_kinds":[0,1,1],"arg_names":[null,null,null],"arg_types":["_collections_abc.Buffer",{".class":"UnionType","items":["builtins.str",{".class":"NoneType"}],"uses_pep604_syntax":true},"builtins.bool"],"bound_args":[],"def_extras":{"first_arg":null},"fallback":"builtins.function","from_concatenate":false,"implicit":false,"imprecise_arg_kinds":false,"is_ellipsis_args":false,"name":"utf_8_decode","ret_type":{".class":"TupleType","implicit":false,"items":["builtins.str","builtins.int"],"partial_fallback":{".class":"Instance","args":[{".class":"AnyType","missing_import_name":null,"source_any":null,"type_of_any":6}],"extra_attrs":null,"type_ref":"builtins.tuple"}},"type_guard":null,"type_is":null,"unpack_kwargs":false,"variables":[]}}},"utf_8_encode":{".class":"SymbolTableNode","kind":"Gdef","node":{".class":"FuncDef","abstract_status":0,"arg_kinds":[0,1],"arg_names":[null,null],"dataclass_transform_spec":null,"deprecated":null,"flags":[],"fullname":"_codecs.utf_8_encode","name":"utf_8_encode","type":{".class":"CallableType","arg_kinds":[0,1],"arg_names":[null,null],"arg_types":["builtins.str",{".class":"UnionType","items":["builtins.str",{".class":"NoneType"}],"uses_pep604_syntax":true}],"bound_args":[],"def_extras":{"first_arg":null},"fallback":"builtins.function","from_concatenate":false,"implicit":false,"imprecise_arg_kinds":false,"is_ellipsis_args":false,"name":"utf_8_encode","ret_type":{".class":"TupleType","implicit":false,"items":["builtins.bytes","builtins.int"],"partial_fallback":{".class":"Instance","args":[{".class":"AnyType","missing_import_name":null,"source_any":null,"type_of_any":6}],"extra_attrs":null,"type_ref":"builtins.tuple"}},"type_guard":null,"type_is":null,"unpack_kwargs":false,"variables":[]}}}},"path":"c:\\Users\\xinan\\.vscode\\extensions\\ms-python.mypy-type-checker-2025.2.0\\bundled\\libs\\mypy\\typeshed\\stdlib\\_codecs.pyi"}