{".class":"MypyFile","_fullname":"_tkinter","future_import_flags":[],"is_partial_stub_package":false,"is_stub":true,"names":{".class":"SymbolTable","ALL_EVENTS":{".class":"SymbolTableNode","kind":"Gdef","node":{".class":"Var","final_value":-3,"flags":["is_final","is_ready","is_inferred","has_explicit_value"],"fullname":"_tkinter.ALL_EVENTS","name":"ALL_EVENTS","type":{".class":"Instance","args":[],"extra_attrs":null,"last_known_value":{".class":"LiteralType","fallback":"builtins.int","value":-3},"type_ref":"builtins.int"}}},"Any":{".class":"SymbolTableNode","cross_ref":"typing.Any","kind":"Gdef","module_hidden":true,"module_public":false},"Callable":{".class":"SymbolTableNode","cross_ref":"typing.Callable","kind":"Gdef","module_hidden":true,"module_public":false},"ClassVar":{".class":"SymbolTableNode","cross_ref":"typing.ClassVar","kind":"Gdef","module_hidden":true,"module_public":false},"DONT_WAIT":{".class":"SymbolTableNode","kind":"Gdef","node":{".class":"Var","final_value":2,"flags":["is_final","is_ready","is_inferred","has_explicit_value"],"fullname":"_tkinter.DONT_WAIT","name":"DONT_WAIT","type":{".class":"Instance","args":[],"extra_attrs":null,"last_known_value":{".class":"LiteralType","fallback":"builtins.int","value":2},"type_ref":"builtins.int"}}},"EXCEPTION":{".class":"SymbolTableNode","kind":"Gdef","node":{".class":"Var","final_value":8,"flags":["is_final","is_ready","is_inferred","has_explicit_value"],"fullname":"_tkinter.EXCEPTION","name":"EXCEPTION","type":{".class":"Instance","args":[],"extra_attrs":null,"last_known_value":{".class":"LiteralType","fallback":"builtins.int","value":8},"type_ref":"builtins.int"}}},"FILE_EVENTS":{".class":"SymbolTableNode","kind":"Gdef","node":{".class":"Var","final_value":8,"flags":["is_final","is_ready","is_inferred","has_explicit_value"],"fullname":"_tkinter.FILE_EVENTS","name":"FILE_EVENTS","type":{".class":"Instance","args":[],"extra_attrs":null,"last_known_value":{".class":"LiteralType","fallback":"builtins.int","value":8},"type_ref":"builtins.int"}}},"Final":{".class":"SymbolTableNode","cross_ref":"typing.Final","kind":"Gdef","module_hidden":true,"module_public":false},"IDLE_EVENTS":{".class":"SymbolTableNode","kind":"Gdef","node":{".class":"Var","final_value":32,"flags":["is_final","is_ready","is_inferred","has_explicit_value"],"fullname":"_tkinter.IDLE_EVENTS","name":"IDLE_EVENTS","type":{".class":"Instance","args":[],"extra_attrs":null,"last_known_value":{".class":"LiteralType","fallback":"builtins.int","value":32},"type_ref":"builtins.int"}}},"READABLE":{".class":"SymbolTableNode","kind":"Gdef","node":{".class":"Var","final_value":2,"flags":["is_final","is_ready","is_inferred","has_explicit_value"],"fullname":"_tkinter.READABLE","name":"READABLE","type":{".class":"Instance","args":[],"extra_attrs":null,"last_known_value":{".class":"LiteralType","fallback":"builtins.int","value":2},"type_ref":"builtins.int"}}},"TCL_VERSION":{".class":"SymbolTableNode","kind":"Gdef","node":{".class":"Var","flags":["is_final","is_ready"],"fullname":"_tkinter.TCL_VERSION","name":"TCL_VERSION","type":"builtins.str"}},"TIMER_EVENTS":{".class":"SymbolTableNode","kind":"Gdef","node":{".class":"Var","final_value":16,"flags":["is_final","is_ready","is_inferred","has_explicit_value"],"fullname":"_tkinter.TIMER_EVENTS","name":"TIMER_EVENTS","type":{".class":"Instance","args":[],"extra_attrs":null,"last_known_value":{".class":"LiteralType","fallback":"builtins.int","value":16},"type_ref":"builtins.int"}}},"TK_VERSION":{".class":"SymbolTableNode","kind":"Gdef","node":{".class":"Var","flags":["is_final","is_ready"],"fullname":"_tkinter.TK_VERSION","name":"TK_VERSION","type":"builtins.str"}},"TclError":{".class":"SymbolTableNode","kind":"Gdef","node":{".class":"TypeInfo","_promote":[],"abstract_attributes":[],"alt_promote":null,"bases":["builtins.Exception"],"dataclass_transform_spec":null,"declared_metaclass":null,"defn":{".class":"ClassDef","fullname":"_tkinter.TclError","name":"TclError","type_vars":[]},"deletable_attributes":[],"deprecated":null,"flags":[],"fullname":"_tkinter.TclError","has_param_spec_type":false,"metaclass_type":null,"metadata":{},"module_name":"_tkinter","mro":["_tkinter.TclError","builtins.Exception","builtins.BaseException","builtins.object"],"names":{".class":"SymbolTable"},"self_type":{".class":"TypeVarType","default":{".class":"AnyType","missing_import_name":null,"source_any":null,"type_of_any":4},"fullname":"_tkinter.TclError.Self","id":0,"name":"Self","namespace":"","upper_bound":"_tkinter.TclError","values":[],"variance":0},"slots":null,"tuple_type":null,"type_vars":[],"typeddict_type":null}},"Tcl_Obj":{".class":"SymbolTableNode","kind":"Gdef","node":{".class":"TypeInfo","_promote":[],"abstract_attributes":[],"alt_promote":null,"bases":["builtins.object"],"dataclass_transform_spec":null,"declared_metaclass":null,"defn":{".class":"ClassDef","fullname":"_tkinter.Tcl_Obj","name":"Tcl_Obj","type_vars":[]},"deletable_attributes":[],"deprecated":null,"flags":["is_final"],"fullname":"_tkinter.Tcl_Obj","has_param_spec_type":false,"metaclass_type":null,"metadata":{},"module_name":"_tkinter","mro":["_tkinter.Tcl_Obj","builtins.object"],"names":{".class":"SymbolTable","__eq__":{".class":"SymbolTableNode","kind":"Mdef","node":{".class":"FuncDef","abstract_status":0,"arg_kinds":[0,0],"arg_names":[null,null],"dataclass_transform_spec":null,"deprecated":null,"flags":[],"fullname":"_tkinter.Tcl_Obj.__eq__","name":"__eq__","type":null}},"__ge__":{".class":"SymbolTableNode","kind":"Mdef","node":{".class":"FuncDef","abstract_status":0,"arg_kinds":[0,0],"arg_names":[null,null],"dataclass_transform_spec":null,"deprecated":null,"flags":[],"fullname":"_tkinter.Tcl_Obj.__ge__","name":"__ge__","type":null}},"__gt__":{".class":"SymbolTableNode","kind":"Mdef","node":{".class":"FuncDef","abstract_status":0,"arg_kinds":[0,0],"arg_names":[null,null],"dataclass_transform_spec":null,"deprecated":null,"flags":[],"fullname":"_tkinter.Tcl_Obj.__gt__","name":"__gt__","type":null}},"__hash__":{".class":"SymbolTableNode","kind":"Mdef","node":{".class":"Var","flags":["is_initialized_in_class","is_classvar","is_ready"],"fullname":"_tkinter.Tcl_Obj.__hash__","name":"__hash__","type":{".class":"NoneType"}}},"__le__":{".class":"SymbolTableNode","kind":"Mdef","node":{".class":"FuncDef","abstract_status":0,"arg_kinds":[0,0],"arg_names":[null,null],"dataclass_transform_spec":null,"deprecated":null,"flags":[],"fullname":"_tkinter.Tcl_Obj.__le__","name":"__le__","type":null}},"__lt__":{".class":"SymbolTableNode","kind":"Mdef","node":{".class":"FuncDef","abstract_status":0,"arg_kinds":[0,0],"arg_names":[null,null],"dataclass_transform_spec":null,"deprecated":null,"flags":[],"fullname":"_tkinter.Tcl_Obj.__lt__","name":"__lt__","type":null}},"__ne__":{".class":"SymbolTableNode","kind":"Mdef","node":{".class":"FuncDef","abstract_status":0,"arg_kinds":[0,0],"arg_names":[null,null],"dataclass_transform_spec":null,"deprecated":null,"flags":[],"fullname":"_tkinter.Tcl_Obj.__ne__","name":"__ne__","type":null}},"string":{".class":"SymbolTableNode","kind":"Mdef","node":{".class":"Decorator","func":{".class":"FuncDef","abstract_status":0,"arg_kinds":[0],"arg_names":["self"],"dataclass_transform_spec":null,"deprecated":null,"flags":["is_property","is_decorated"],"fullname":"_tkinter.Tcl_Obj.string","name":"string","type":{".class":"CallableType","arg_kinds":[0],"arg_names":["self"],"arg_types":["_tkinter.Tcl_Obj"],"bound_args":[],"def_extras":{"first_arg":"self"},"fallback":"builtins.function","from_concatenate":false,"implicit":false,"imprecise_arg_kinds":false,"is_ellipsis_args":false,"name":"string of Tcl_Obj","ret_type":"builtins.str","type_guard":null,"type_is":null,"unpack_kwargs":false,"variables":[]}},"is_overload":false,"var":{".class":"Var","flags":["is_initialized_in_class","is_property","is_ready","is_inferred"],"fullname":"_tkinter.Tcl_Obj.string","name":"string","type":{".class":"CallableType","arg_kinds":[0],"arg_names":["self"],"arg_types":["_tkinter.Tcl_Obj"],"bound_args":[],"def_extras":{"first_arg":"self"},"fallback":"builtins.function","from_concatenate":false,"implicit":false,"imprecise_arg_kinds":false,"is_ellipsis_args":false,"name":"string of Tcl_Obj","ret_type":"builtins.str","type_guard":null,"type_is":null,"unpack_kwargs":false,"variables":[]}}}},"typename":{".class":"SymbolTableNode","kind":"Mdef","node":{".class":"Decorator","func":{".class":"FuncDef","abstract_status":0,"arg_kinds":[0],"arg_names":["self"],"dataclass_transform_spec":null,"deprecated":null,"flags":["is_property","is_decorated"],"fullname":"_tkinter.Tcl_Obj.typename","name":"typename","type":{".class":"CallableType","arg_kinds":[0],"arg_names":["self"],"arg_types":["_tkinter.Tcl_Obj"],"bound_args":[],"def_extras":{"first_arg":"self"},"fallback":"builtins.function","from_concatenate":false,"implicit":false,"imprecise_arg_kinds":false,"is_ellipsis_args":false,"name":"typename of Tcl_Obj","ret_type":"builtins.str","type_guard":null,"type_is":null,"unpack_kwargs":false,"variables":[]}},"is_overload":false,"var":{".class":"Var","flags":["is_initialized_in_class","is_property","is_ready","is_inferred"],"fullname":"_tkinter.Tcl_Obj.typename","name":"typename","type":{".class":"CallableType","arg_kinds":[0],"arg_names":["self"],"arg_types":["_tkinter.Tcl_Obj"],"bound_args":[],"def_extras":{"first_arg":"self"},"fallback":"builtins.function","from_concatenate":false,"implicit":false,"imprecise_arg_kinds":false,"is_ellipsis_args":false,"name":"typename of Tcl_Obj","ret_type":"builtins.str","type_guard":null,"type_is":null,"unpack_kwargs":false,"variables":[]}}}}},"self_type":{".class":"TypeVarType","default":{".class":"AnyType","missing_import_name":null,"source_any":null,"type_of_any":4},"fullname":"_tkinter.Tcl_Obj.Self","id":0,"name":"Self","namespace":"","upper_bound":"_tkinter.Tcl_Obj","values":[],"variance":0},"slots":null,"tuple_type":null,"type_vars":[],"typeddict_type":null}},"TkappType":{".class":"SymbolTableNode","kind":"Gdef","node":{".class":"TypeInfo","_promote":[],"abstract_attributes":[],"alt_promote":null,"bases":["builtins.object"],"dataclass_transform_spec":null,"declared_metaclass":null,"defn":{".class":"ClassDef","fullname":"_tkinter.TkappType","name":"TkappType","type_vars":[]},"deletable_attributes":[],"deprecated":null,"flags":["is_final"],"fullname":"_tkinter.TkappType","has_param_spec_type":false,"metaclass_type":null,"metadata":{},"module_name":"_tkinter","mro":["_tkinter.TkappType","builtins.object"],"names":{".class":"SymbolTable","adderrorinfo":{".class":"SymbolTableNode","kind":"Mdef","node":{".class":"FuncDef","abstract_status":0,"arg_kinds":[0,0],"arg_names":[null,null],"dataclass_transform_spec":null,"deprecated":null,"flags":[],"fullname":"_tkinter.TkappType.adderrorinfo","name":"adderrorinfo","type":null}},"call":{".class":"SymbolTableNode","kind":"Mdef","node":{".class":"FuncDef","abstract_status":0,"arg_kinds":[0,0,2],"arg_names":[null,null,"args"],"dataclass_transform_spec":null,"deprecated":null,"flags":[],"fullname":"_tkinter.TkappType.call","name":"call","type":{".class":"CallableType","arg_kinds":[0,0,2],"arg_names":[null,null,"args"],"arg_types":["_tkinter.TkappType",{".class":"AnyType","missing_import_name":null,"source_any":null,"type_of_any":2},{".class":"AnyType","missing_import_name":null,"source_any":null,"type_of_any":2}],"bound_args":[],"def_extras":{"first_arg":"self"},"fallback":"builtins.function","from_concatenate":false,"implicit":false,"imprecise_arg_kinds":false,"is_ellipsis_args":false,"name":"call of TkappType","ret_type":{".class":"AnyType","missing_import_name":null,"source_any":null,"type_of_any":2},"type_guard":null,"type_is":null,"unpack_kwargs":false,"variables":[]}}},"createcommand":{".class":"SymbolTableNode","kind":"Mdef","node":{".class":"FuncDef","abstract_status":0,"arg_kinds":[0,0,0],"arg_names":[null,null,null],"dataclass_transform_spec":null,"deprecated":null,"flags":[],"fullname":"_tkinter.TkappType.createcommand","name":"createcommand","type":null}},"createtimerhandler":{".class":"SymbolTableNode","kind":"Mdef","node":{".class":"FuncDef","abstract_status":0,"arg_kinds":[0,0,0],"arg_names":[null,null,null],"dataclass_transform_spec":null,"deprecated":null,"flags":[],"fullname":"_tkinter.TkappType.createtimerhandler","name":"createtimerhandler","type":null}},"deletecommand":{".class":"SymbolTableNode","kind":"Mdef","node":{".class":"FuncDef","abstract_status":0,"arg_kinds":[0,0],"arg_names":[null,null],"dataclass_transform_spec":null,"deprecated":null,"flags":[],"fullname":"_tkinter.TkappType.deletecommand","name":"deletecommand","type":null}},"dooneevent":{".class":"SymbolTableNode","kind":"Mdef","node":{".class":"FuncDef","abstract_status":0,"arg_kinds":[0,1],"arg_names":[null,null],"dataclass_transform_spec":null,"deprecated":null,"flags":[],"fullname":"_tkinter.TkappType.dooneevent","name":"dooneevent","type":{".class":"CallableType","arg_kinds":[0,1],"arg_names":[null,null],"arg_types":["_tkinter.TkappType","builtins.int"],"bound_args":[],"def_extras":{"first_arg":"self"},"fallback":"builtins.function","from_concatenate":false,"implicit":false,"imprecise_arg_kinds":false,"is_ellipsis_args":false,"name":"dooneevent of TkappType","ret_type":{".class":"AnyType","missing_import_name":null,"source_any":null,"type_of_any":1},"type_guard":null,"type_is":null,"unpack_kwargs":false,"variables":[]}}},"eval":{".class":"SymbolTableNode","kind":"Mdef","node":{".class":"FuncDef","abstract_status":0,"arg_kinds":[0,0],"arg_names":[null,null],"dataclass_transform_spec":null,"deprecated":null,"flags":[],"fullname":"_tkinter.TkappType.eval","name":"eval","type":{".class":"CallableType","arg_kinds":[0,0],"arg_names":[null,null],"arg_types":["_tkinter.TkappType","builtins.str"],"bound_args":[],"def_extras":{"first_arg":"self"},"fallback":"builtins.function","from_concatenate":false,"implicit":false,"imprecise_arg_kinds":false,"is_ellipsis_args":false,"name":"eval of TkappType","ret_type":"builtins.str","type_guard":null,"type_is":null,"unpack_kwargs":false,"variables":[]}}},"evalfile":{".class":"SymbolTableNode","kind":"Mdef","node":{".class":"FuncDef","abstract_status":0,"arg_kinds":[0,0],"arg_names":[null,null],"dataclass_transform_spec":null,"deprecated":null,"flags":[],"fullname":"_tkinter.TkappType.evalfile","name":"evalfile","type":null}},"exprboolean":{".class":"SymbolTableNode","kind":"Mdef","node":{".class":"FuncDef","abstract_status":0,"arg_kinds":[0,0],"arg_names":[null,null],"dataclass_transform_spec":null,"deprecated":null,"flags":[],"fullname":"_tkinter.TkappType.exprboolean","name":"exprboolean","type":null}},"exprdouble":{".class":"SymbolTableNode","kind":"Mdef","node":{".class":"FuncDef","abstract_status":0,"arg_kinds":[0,0],"arg_names":[null,null],"dataclass_transform_spec":null,"deprecated":null,"flags":[],"fullname":"_tkinter.TkappType.exprdouble","name":"exprdouble","type":null}},"exprlong":{".class":"SymbolTableNode","kind":"Mdef","node":{".class":"FuncDef","abstract_status":0,"arg_kinds":[0,0],"arg_names":[null,null],"dataclass_transform_spec":null,"deprecated":null,"flags":[],"fullname":"_tkinter.TkappType.exprlong","name":"exprlong","type":null}},"exprstring":{".class":"SymbolTableNode","kind":"Mdef","node":{".class":"FuncDef","abstract_status":0,"arg_kinds":[0,0],"arg_names":[null,null],"dataclass_transform_spec":null,"deprecated":null,"flags":[],"fullname":"_tkinter.TkappType.exprstring","name":"exprstring","type":null}},"getboolean":{".class":"SymbolTableNode","kind":"Mdef","node":{".class":"FuncDef","abstract_status":0,"arg_kinds":[0,0],"arg_names":[null,null],"dataclass_transform_spec":null,"deprecated":null,"flags":[],"fullname":"_tkinter.TkappType.getboolean","name":"getboolean","type":null}},"getdouble":{".class":"SymbolTableNode","kind":"Mdef","node":{".class":"FuncDef","abstract_status":0,"arg_kinds":[0,0],"arg_names":[null,null],"dataclass_transform_spec":null,"deprecated":null,"flags":[],"fullname":"_tkinter.TkappType.getdouble","name":"getdouble","type":null}},"getint":{".class":"SymbolTableNode","kind":"Mdef","node":{".class":"FuncDef","abstract_status":0,"arg_kinds":[0,0],"arg_names":[null,null],"dataclass_transform_spec":null,"deprecated":null,"flags":[],"fullname":"_tkinter.TkappType.getint","name":"getint","type":null}},"gettrace":{".class":"SymbolTableNode","kind":"Mdef","node":{".class":"FuncDef","abstract_status":0,"arg_kinds":[0],"arg_names":[null],"dataclass_transform_spec":null,"deprecated":null,"flags":[],"fullname":"_tkinter.TkappType.gettrace","name":"gettrace","type":{".class":"CallableType","arg_kinds":[0],"arg_names":[null],"arg_types":["_tkinter.TkappType"],"bound_args":[],"def_extras":{"first_arg":"self"},"fallback":"builtins.function","from_concatenate":false,"implicit":false,"imprecise_arg_kinds":false,"is_ellipsis_args":false,"name":"gettrace of TkappType","ret_type":{".class":"UnionType","items":[{".class":"TypeAliasType","args":[],"type_ref":"_tkinter._TkinterTraceFunc"},{".class":"NoneType"}],"uses_pep604_syntax":true},"type_guard":null,"type_is":null,"unpack_kwargs":false,"variables":[]}}},"getvar":{".class":"SymbolTableNode","kind":"Mdef","node":{".class":"FuncDef","abstract_status":0,"arg_kinds":[0,2,4],"arg_names":["self","args","kwargs"],"dataclass_transform_spec":null,"deprecated":null,"flags":[],"fullname":"_tkinter.TkappType.getvar","name":"getvar","type":null}},"globalgetvar":{".class":"SymbolTableNode","kind":"Mdef","node":{".class":"FuncDef","abstract_status":0,"arg_kinds":[0,2,4],"arg_names":["self","args","kwargs"],"dataclass_transform_spec":null,"deprecated":null,"flags":[],"fullname":"_tkinter.TkappType.globalgetvar","name":"globalgetvar","type":null}},"globalsetvar":{".class":"SymbolTableNode","kind":"Mdef","node":{".class":"FuncDef","abstract_status":0,"arg_kinds":[0,2,4],"arg_names":["self","args","kwargs"],"dataclass_transform_spec":null,"deprecated":null,"flags":[],"fullname":"_tkinter.TkappType.globalsetvar","name":"globalsetvar","type":null}},"globalunsetvar":{".class":"SymbolTableNode","kind":"Mdef","node":{".class":"FuncDef","abstract_status":0,"arg_kinds":[0,2,4],"arg_names":["self","args","kwargs"],"dataclass_transform_spec":null,"deprecated":null,"flags":[],"fullname":"_tkinter.TkappType.globalunsetvar","name":"globalunsetvar","type":null}},"interpaddr":{".class":"SymbolTableNode","kind":"Mdef","node":{".class":"FuncDef","abstract_status":0,"arg_kinds":[0],"arg_names":["self"],"dataclass_transform_spec":null,"deprecated":null,"flags":[],"fullname":"_tkinter.TkappType.interpaddr","name":"interpaddr","type":null}},"loadtk":{".class":"SymbolTableNode","kind":"Mdef","node":{".class":"FuncDef","abstract_status":0,"arg_kinds":[0],"arg_names":["self"],"dataclass_transform_spec":null,"deprecated":null,"flags":[],"fullname":"_tkinter.TkappType.loadtk","name":"loadtk","type":{".class":"CallableType","arg_kinds":[0],"arg_names":["self"],"arg_types":["_tkinter.TkappType"],"bound_args":[],"def_extras":{"first_arg":"self"},"fallback":"builtins.function","from_concatenate":false,"implicit":false,"imprecise_arg_kinds":false,"is_ellipsis_args":false,"name":"loadtk of TkappType","ret_type":{".class":"NoneType"},"type_guard":null,"type_is":null,"unpack_kwargs":false,"variables":[]}}},"mainloop":{".class":"SymbolTableNode","kind":"Mdef","node":{".class":"FuncDef","abstract_status":0,"arg_kinds":[0,1],"arg_names":[null,null],"dataclass_transform_spec":null,"deprecated":null,"flags":[],"fullname":"_tkinter.TkappType.mainloop","name":"mainloop","type":{".class":"CallableType","arg_kinds":[0,1],"arg_names":[null,null],"arg_types":["_tkinter.TkappType","builtins.int"],"bound_args":[],"def_extras":{"first_arg":"self"},"fallback":"builtins.function","from_concatenate":false,"implicit":false,"imprecise_arg_kinds":false,"is_ellipsis_args":false,"name":"mainloop of TkappType","ret_type":{".class":"AnyType","missing_import_name":null,"source_any":null,"type_of_any":1},"type_guard":null,"type_is":null,"unpack_kwargs":false,"variables":[]}}},"quit":{".class":"SymbolTableNode","kind":"Mdef","node":{".class":"FuncDef","abstract_status":0,"arg_kinds":[0],"arg_names":["self"],"dataclass_transform_spec":null,"deprecated":null,"flags":[],"fullname":"_tkinter.TkappType.quit","name":"quit","type":null}},"record":{".class":"SymbolTableNode","kind":"Mdef","node":{".class":"FuncDef","abstract_status":0,"arg_kinds":[0,0],"arg_names":[null,null],"dataclass_transform_spec":null,"deprecated":null,"flags":[],"fullname":"_tkinter.TkappType.record","name":"record","type":null}},"settrace":{".class":"SymbolTableNode","kind":"Mdef","node":{".class":"FuncDef","abstract_status":0,"arg_kinds":[0,0],"arg_names":[null,null],"dataclass_transform_spec":null,"deprecated":null,"flags":[],"fullname":"_tkinter.TkappType.settrace","name":"settrace","type":{".class":"CallableType","arg_kinds":[0,0],"arg_names":[null,null],"arg_types":["_tkinter.TkappType",{".class":"UnionType","items":[{".class":"TypeAliasType","args":[],"type_ref":"_tkinter._TkinterTraceFunc"},{".class":"NoneType"}],"uses_pep604_syntax":true}],"bound_args":[],"def_extras":{"first_arg":"self"},"fallback":"builtins.function","from_concatenate":false,"implicit":false,"imprecise_arg_kinds":false,"is_ellipsis_args":false,"name":"settrace of TkappType","ret_type":{".class":"NoneType"},"type_guard":null,"type_is":null,"unpack_kwargs":false,"variables":[]}}},"setvar":{".class":"SymbolTableNode","kind":"Mdef","node":{".class":"FuncDef","abstract_status":0,"arg_kinds":[0,2,4],"arg_names":["self","ags","kwargs"],"dataclass_transform_spec":null,"deprecated":null,"flags":[],"fullname":"_tkinter.TkappType.setvar","name":"setvar","type":null}},"splitlist":{".class":"SymbolTableNode","kind":"Mdef","node":{".class":"FuncDef","abstract_status":0,"arg_kinds":[0,0],"arg_names":[null,null],"dataclass_transform_spec":null,"deprecated":null,"flags":[],"fullname":"_tkinter.TkappType.splitlist","name":"splitlist","type":null}},"unsetvar":{".class":"SymbolTableNode","kind":"Mdef","node":{".class":"FuncDef","abstract_status":0,"arg_kinds":[0,2,4],"arg_names":["self","args","kwargs"],"dataclass_transform_spec":null,"deprecated":null,"flags":[],"fullname":"_tkinter.TkappType.unsetvar","name":"unsetvar","type":null}},"wantobjects":{".class":"SymbolTableNode","kind":"Mdef","node":{".class":"FuncDef","abstract_status":0,"arg_kinds":[0,2,4],"arg_names":["self","args","kwargs"],"dataclass_transform_spec":null,"deprecated":null,"flags":[],"fullname":"_tkinter.TkappType.wantobjects","name":"wantobjects","type":null}},"willdispatch":{".class":"SymbolTableNode","kind":"Mdef","node":{".class":"FuncDef","abstract_status":0,"arg_kinds":[0],"arg_names":["self"],"dataclass_transform_spec":null,"deprecated":null,"flags":[],"fullname":"_tkinter.TkappType.willdispatch","name":"willdispatch","type":null}}},"self_type":{".class":"TypeVarType","default":{".class":"AnyType","missing_import_name":null,"source_any":null,"type_of_any":4},"fullname":"_tkinter.TkappType.Self","id":0,"name":"Self","namespace":"","upper_bound":"_tkinter.TkappType","values":[],"variance":0},"slots":null,"tuple_type":null,"type_vars":[],"typeddict_type":null}},"TkttType":{".class":"SymbolTableNode","kind":"Gdef","node":{".class":"TypeInfo","_promote":[],"abstract_attributes":[],"alt_promote":null,"bases":["builtins.object"],"dataclass_transform_spec":null,"declared_metaclass":null,"defn":{".class":"ClassDef","fullname":"_tkinter.TkttType","name":"TkttType","type_vars":[]},"deletable_attributes":[],"deprecated":null,"flags":["is_final"],"fullname":"_tkinter.TkttType","has_param_spec_type":false,"metaclass_type":null,"metadata":{},"module_name":"_tkinter","mro":["_tkinter.TkttType","builtins.object"],"names":{".class":"SymbolTable","deletetimerhandler":{".class":"SymbolTableNode","kind":"Mdef","node":{".class":"FuncDef","abstract_status":0,"arg_kinds":[0],"arg_names":["self"],"dataclass_transform_spec":null,"deprecated":null,"flags":[],"fullname":"_tkinter.TkttType.deletetimerhandler","name":"deletetimerhandler","type":null}}},"self_type":{".class":"TypeVarType","default":{".class":"AnyType","missing_import_name":null,"source_any":null,"type_of_any":4},"fullname":"_tkinter.TkttType.Self","id":0,"name":"Self","namespace":"","upper_bound":"_tkinter.TkttType","values":[],"variance":0},"slots":null,"tuple_type":null,"type_vars":[],"typeddict_type":null}},"TypeAlias":{".class":"SymbolTableNode","cross_ref":"typing.TypeAlias","kind":"Gdef","module_hidden":true,"module_public":false},"WINDOW_EVENTS":{".class":"SymbolTableNode","kind":"Gdef","node":{".class":"Var","final_value":4,"flags":["is_final","is_ready","is_inferred","has_explicit_value"],"fullname":"_tkinter.WINDOW_EVENTS","name":"WINDOW_EVENTS","type":{".class":"Instance","args":[],"extra_attrs":null,"last_known_value":{".class":"LiteralType","fallback":"builtins.int","value":4},"type_ref":"builtins.int"}}},"WRITABLE":{".class":"SymbolTableNode","kind":"Gdef","node":{".class":"Var","final_value":4,"flags":["is_final","is_ready","is_inferred","has_explicit_value"],"fullname":"_tkinter.WRITABLE","name":"WRITABLE","type":{".class":"Instance","args":[],"extra_attrs":null,"last_known_value":{".class":"LiteralType","fallback":"builtins.int","value":4},"type_ref":"builtins.int"}}},"_TkinterTraceFunc":{".class":"SymbolTableNode","kind":"Gdef","node":{".class":"TypeAlias","alias_tvars":[],"column":0,"fullname":"_tkinter._TkinterTraceFunc","line":35,"no_args":false,"normalized":false,"python_3_12_type_alias":false,"target":{".class":"CallableType","arg_kinds":[0],"arg_names":[null],"arg_types":[{".class":"Instance","args":["builtins.str"],"extra_attrs":null,"type_ref":"builtins.tuple"}],"bound_args":[],"def_extras":{},"fallback":"builtins.function","from_concatenate":false,"implicit":false,"imprecise_arg_kinds":false,"is_ellipsis_args":false,"name":null,"ret_type":"builtins.object","type_guard":null,"type_is":null,"unpack_kwargs":false,"variables":[]}}},"__annotations__":{".class":"SymbolTableNode","kind":"Gdef","node":{".class":"Var","flags":["is_ready"],"fullname":"_tkinter.__annotations__","name":"__annotations__","type":{".class":"Instance","args":["builtins.str",{".class":"AnyType","missing_import_name":null,"source_any":null,"type_of_any":6}],"extra_attrs":null,"type_ref":"builtins.dict"}}},"__doc__":{".class":"SymbolTableNode","kind":"Gdef","node":{".class":"Var","flags":["is_ready"],"fullname":"_tkinter.__doc__","name":"__doc__","type":"builtins.str"}},"__file__":{".class":"SymbolTableNode","kind":"Gdef","node":{".class":"Var","flags":["is_ready"],"fullname":"_tkinter.__file__","name":"__file__","type":"builtins.str"}},"__name__":{".class":"SymbolTableNode","kind":"Gdef","node":{".class":"Var","flags":["is_ready"],"fullname":"_tkinter.__name__","name":"__name__","type":"builtins.str"}},"__package__":{".class":"SymbolTableNode","kind":"Gdef","node":{".class":"Var","flags":["is_ready"],"fullname":"_tkinter.__package__","name":"__package__","type":"builtins.str"}},"__spec__":{".class":"SymbolTableNode","kind":"Gdef","node":{".class":"Var","flags":["is_ready"],"fullname":"_tkinter.__spec__","name":"__spec__","type":"_frozen_importlib.ModuleSpec"}},"create":{".class":"SymbolTableNode","kind":"Gdef","node":{".class":"FuncDef","abstract_status":0,"arg_kinds":[1,1,1,1,1,1,1,1],"arg_names":[null,null,null,null,null,null,null,null],"dataclass_transform_spec":null,"deprecated":null,"flags":[],"fullname":"_tkinter.create","name":"create","type":{".class":"CallableType","arg_kinds":[1,1,1,1,1,1,1,1],"arg_names":[null,null,null,null,null,null,null,null],"arg_types":[{".class":"UnionType","items":["builtins.str",{".class":"NoneType"}],"uses_pep604_syntax":true},"builtins.str","builtins.str","builtins.bool","builtins.int","builtins.bool","builtins.bool",{".class":"UnionType","items":["builtins.str",{".class":"NoneType"}],"uses_pep604_syntax":true}],"bound_args":[],"def_extras":{"first_arg":null},"fallback":"builtins.function","from_concatenate":false,"implicit":false,"imprecise_arg_kinds":false,"is_ellipsis_args":false,"name":"create","ret_type":{".class":"AnyType","missing_import_name":null,"source_any":null,"type_of_any":1},"type_guard":null,"type_is":null,"unpack_kwargs":false,"variables":[]}}},"final":{".class":"SymbolTableNode","cross_ref":"typing.final","kind":"Gdef","module_hidden":true,"module_public":false},"getbusywaitinterval":{".class":"SymbolTableNode","kind":"Gdef","node":{".class":"FuncDef","abstract_status":0,"arg_kinds":[],"arg_names":[],"dataclass_transform_spec":null,"deprecated":null,"flags":[],"fullname":"_tkinter.getbusywaitinterval","name":"getbusywaitinterval","type":null}},"setbusywaitinterval":{".class":"SymbolTableNode","kind":"Gdef","node":{".class":"FuncDef","abstract_status":0,"arg_kinds":[0],"arg_names":[null],"dataclass_transform_spec":null,"deprecated":null,"flags":[],"fullname":"_tkinter.setbusywaitinterval","name":"setbusywaitinterval","type":null}},"sys":{".class":"SymbolTableNode","cross_ref":"sys","kind":"Gdef","module_hidden":true,"module_public":false}},"path":"c:\\Users\\xinan\\.vscode\\extensions\\ms-python.mypy-type-checker-2025.2.0\\bundled\\libs\\mypy\\typeshed\\stdlib\\_tkinter.pyi"}