{".class":"MypyFile","_fullname":"abc","future_import_flags":[],"is_partial_stub_package":false,"is_stub":true,"names":{".class":"SymbolTable","ABC":{".class":"SymbolTableNode","kind":"Gdef","node":{".class":"TypeInfo","_promote":[],"abstract_attributes":[],"alt_promote":null,"bases":["builtins.object"],"dataclass_transform_spec":null,"declared_metaclass":"abc.ABCMeta","defn":{".class":"ClassDef","fullname":"abc.ABC","name":"ABC","type_vars":[]},"deletable_attributes":[],"deprecated":null,"flags":[],"fullname":"abc.ABC","has_param_spec_type":false,"metaclass_type":"abc.ABCMeta","metadata":{},"module_name":"abc","mro":["abc.ABC","builtins.object"],"names":{".class":"SymbolTable","__slots__":{".class":"SymbolTableNode","kind":"Mdef","node":{".class":"Var","flags":["is_initialized_in_class","is_inferred","has_explicit_value","allow_incompatible_override"],"fullname":"abc.ABC.__slots__","name":"__slots__","type":{".class":"TupleType","implicit":false,"items":[],"partial_fallback":{".class":"Instance","args":[{".class":"AnyType","missing_import_name":null,"source_any":null,"type_of_any":6}],"extra_attrs":null,"type_ref":"builtins.tuple"}}}}},"self_type":null,"slots":[],"tuple_type":null,"type_vars":[],"typeddict_type":null}},"ABCMeta":{".class":"SymbolTableNode","kind":"Gdef","node":{".class":"TypeInfo","_promote":[],"abstract_attributes":[],"alt_promote":null,"bases":["builtins.type"],"dataclass_transform_spec":null,"declared_metaclass":null,"defn":{".class":"ClassDef","fullname":"abc.ABCMeta","name":"ABCMeta","type_vars":[]},"deletable_attributes":[],"deprecated":null,"flags":[],"fullname":"abc.ABCMeta","has_param_spec_type":false,"metaclass_type":null,"metadata":{},"module_name":"abc","mro":["abc.ABCMeta","builtins.type","builtins.object"],"names":{".class":"SymbolTable","__abstractmethods__":{".class":"SymbolTableNode","kind":"Mdef","node":{".class":"Var","flags":["is_initialized_in_class","is_ready"],"fullname":"abc.ABCMeta.__abstractmethods__","name":"__abstractmethods__","type":{".class":"Instance","args":["builtins.str"],"extra_attrs":null,"type_ref":"builtins.frozenset"}}},"__instancecheck__":{".class":"SymbolTableNode","kind":"Mdef","node":{".class":"FuncDef","abstract_status":0,"arg_kinds":[0,0],"arg_names":["cls","instance"],"dataclass_transform_spec":null,"deprecated":null,"flags":[],"fullname":"abc.ABCMeta.__instancecheck__","name":"__instancecheck__","type":{".class":"CallableType","arg_kinds":[0,0],"arg_names":["cls","instance"],"arg_types":["abc.ABCMeta",{".class":"AnyType","missing_import_name":null,"source_any":null,"type_of_any":2}],"bound_args":[],"def_extras":{"first_arg":"cls"},"fallback":"builtins.function","from_concatenate":false,"implicit":false,"imprecise_arg_kinds":false,"is_ellipsis_args":false,"name":"__instancecheck__ of ABCMeta","ret_type":"builtins.bool","type_guard":null,"type_is":null,"unpack_kwargs":false,"variables":[]}}},"__new__":{".class":"SymbolTableNode","kind":"Mdef","node":{".class":"FuncDef","abstract_status":0,"arg_kinds":[0,0,0,0,4],"arg_names":[null,null,null,null,"kwargs"],"dataclass_transform_spec":null,"deprecated":null,"flags":["is_static"],"fullname":"abc.ABCMeta.__new__","name":"__new__","type":{".class":"CallableType","arg_kinds":[0,0,0,0,4],"arg_names":[null,null,null,null,"kwargs"],"arg_types":[{".class":"TypeType","item":{".class":"TypeVarType","default":{".class":"AnyType","missing_import_name":null,"source_any":null,"type_of_any":4},"fullname":"_typeshed.Self","id":-1,"name":"_typeshed.Self","namespace":"abc.ABCMeta.__new__","upper_bound":"builtins.object","values":[],"variance":0}},"builtins.str",{".class":"Instance","args":["builtins.type"],"extra_attrs":null,"type_ref":"builtins.tuple"},{".class":"Instance","args":["builtins.str",{".class":"AnyType","missing_import_name":null,"source_any":null,"type_of_any":2}],"extra_attrs":null,"type_ref":"builtins.dict"},{".class":"AnyType","missing_import_name":null,"source_any":null,"type_of_any":2}],"bound_args":[],"def_extras":{"first_arg":null},"fallback":"builtins.function","from_concatenate":false,"implicit":false,"imprecise_arg_kinds":false,"is_ellipsis_args":false,"name":"__new__ of ABCMeta","ret_type":{".class":"TypeVarType","default":{".class":"AnyType","missing_import_name":null,"source_any":null,"type_of_any":4},"fullname":"_typeshed.Self","id":-1,"name":"_typeshed.Self","namespace":"abc.ABCMeta.__new__","upper_bound":"builtins.object","values":[],"variance":0},"type_guard":null,"type_is":null,"unpack_kwargs":false,"variables":[{".class":"TypeVarType","default":{".class":"AnyType","missing_import_name":null,"source_any":null,"type_of_any":4},"fullname":"_typeshed.Self","id":-1,"name":"_typeshed.Self","namespace":"abc.ABCMeta.__new__","upper_bound":"builtins.object","values":[],"variance":0}]}}},"__subclasscheck__":{".class":"SymbolTableNode","kind":"Mdef","node":{".class":"FuncDef","abstract_status":0,"arg_kinds":[0,0],"arg_names":["cls","subclass"],"dataclass_transform_spec":null,"deprecated":null,"flags":[],"fullname":"abc.ABCMeta.__subclasscheck__","name":"__subclasscheck__","type":{".class":"CallableType","arg_kinds":[0,0],"arg_names":["cls","subclass"],"arg_types":["abc.ABCMeta","builtins.type"],"bound_args":[],"def_extras":{"first_arg":"cls"},"fallback":"builtins.function","from_concatenate":false,"implicit":false,"imprecise_arg_kinds":false,"is_ellipsis_args":false,"name":"__subclasscheck__ of ABCMeta","ret_type":"builtins.bool","type_guard":null,"type_is":null,"unpack_kwargs":false,"variables":[]}}},"_dump_registry":{".class":"SymbolTableNode","kind":"Mdef","node":{".class":"FuncDef","abstract_status":0,"arg_kinds":[0,1],"arg_names":["cls","file"],"dataclass_transform_spec":null,"deprecated":null,"flags":[],"fullname":"abc.ABCMeta._dump_registry","name":"_dump_registry","type":{".class":"CallableType","arg_kinds":[0,1],"arg_names":["cls","file"],"arg_types":["abc.ABCMeta",{".class":"UnionType","items":[{".class":"Instance","args":["builtins.str"],"extra_attrs":null,"type_ref":"_typeshed.SupportsWrite"},{".class":"NoneType"}],"uses_pep604_syntax":true}],"bound_args":[],"def_extras":{"first_arg":"cls"},"fallback":"builtins.function","from_concatenate":false,"implicit":false,"imprecise_arg_kinds":false,"is_ellipsis_args":false,"name":"_dump_registry of ABCMeta","ret_type":{".class":"NoneType"},"type_guard":null,"type_is":null,"unpack_kwargs":false,"variables":[]}}},"register":{".class":"SymbolTableNode","kind":"Mdef","node":{".class":"FuncDef","abstract_status":0,"arg_kinds":[0,0],"arg_names":["cls","subclass"],"dataclass_transform_spec":null,"deprecated":null,"flags":[],"fullname":"abc.ABCMeta.register","name":"register","type":{".class":"CallableType","arg_kinds":[0,0],"arg_names":["cls","subclass"],"arg_types":["abc.ABCMeta",{".class":"TypeType","item":{".class":"TypeVarType","default":{".class":"AnyType","missing_import_name":null,"source_any":null,"type_of_any":4},"fullname":"abc._T","id":-1,"name":"_T","namespace":"abc.ABCMeta.register","upper_bound":"builtins.object","values":[],"variance":0}}],"bound_args":[],"def_extras":{"first_arg":"cls"},"fallback":"builtins.function","from_concatenate":false,"implicit":false,"imprecise_arg_kinds":false,"is_ellipsis_args":false,"name":"register of ABCMeta","ret_type":{".class":"TypeType","item":{".class":"TypeVarType","default":{".class":"AnyType","missing_import_name":null,"source_any":null,"type_of_any":4},"fullname":"abc._T","id":-1,"name":"_T","namespace":"abc.ABCMeta.register","upper_bound":"builtins.object","values":[],"variance":0}},"type_guard":null,"type_is":null,"unpack_kwargs":false,"variables":[{".class":"TypeVarType","default":{".class":"AnyType","missing_import_name":null,"source_any":null,"type_of_any":4},"fullname":"abc._T","id":-1,"name":"_T","namespace":"abc.ABCMeta.register","upper_bound":"builtins.object","values":[],"variance":0}]}}}},"self_type":null,"slots":null,"tuple_type":null,"type_vars":[],"typeddict_type":null}},"Any":{".class":"SymbolTableNode","cross_ref":"typing.Any","kind":"Gdef","module_hidden":true,"module_public":false},"Callable":{".class":"SymbolTableNode","cross_ref":"typing.Callable","kind":"Gdef","module_hidden":true,"module_public":false},"Concatenate":{".class":"SymbolTableNode","cross_ref":"typing.Concatenate","kind":"Gdef","module_hidden":true,"module_public":false},"Literal":{".class":"SymbolTableNode","cross_ref":"typing.Literal","kind":"Gdef","module_hidden":true,"module_public":false},"ParamSpec":{".class":"SymbolTableNode","cross_ref":"typing.ParamSpec","kind":"Gdef","module_hidden":true,"module_public":false},"SupportsWrite":{".class":"SymbolTableNode","cross_ref":"_typeshed.SupportsWrite","kind":"Gdef","module_hidden":true,"module_public":false},"TypeVar":{".class":"SymbolTableNode","cross_ref":"typing.TypeVar","kind":"Gdef","module_hidden":true,"module_public":false},"_FuncT":{".class":"SymbolTableNode","kind":"Gdef","node":{".class":"TypeVarExpr","default":{".class":"AnyType","missing_import_name":null,"source_any":null,"type_of_any":4},"fullname":"abc._FuncT","name":"_FuncT","upper_bound":{".class":"CallableType","arg_kinds":[2,4],"arg_names":[null,null],"arg_types":[{".class":"AnyType","missing_import_name":null,"source_any":null,"type_of_any":2},{".class":"AnyType","missing_import_name":null,"source_any":null,"type_of_any":2}],"bound_args":[],"def_extras":{},"fallback":"builtins.function","from_concatenate":false,"implicit":false,"imprecise_arg_kinds":false,"is_ellipsis_args":true,"name":null,"ret_type":{".class":"AnyType","missing_import_name":null,"source_any":null,"type_of_any":2},"type_guard":null,"type_is":null,"unpack_kwargs":false,"variables":[]},"values":[],"variance":0}},"_P":{".class":"SymbolTableNode","kind":"Gdef","node":{".class":"ParamSpecExpr","default":{".class":"AnyType","missing_import_name":null,"source_any":null,"type_of_any":4},"fullname":"abc._P","name":"_P","upper_bound":"builtins.object","variance":0}},"_R_co":{".class":"SymbolTableNode","kind":"Gdef","node":{".class":"TypeVarExpr","default":{".class":"AnyType","missing_import_name":null,"source_any":null,"type_of_any":4},"fullname":"abc._R_co","name":"_R_co","upper_bound":"builtins.object","values":[],"variance":1}},"_T":{".class":"SymbolTableNode","kind":"Gdef","node":{".class":"TypeVarExpr","default":{".class":"AnyType","missing_import_name":null,"source_any":null,"type_of_any":4},"fullname":"abc._T","name":"_T","upper_bound":"builtins.object","values":[],"variance":0}},"__annotations__":{".class":"SymbolTableNode","kind":"Gdef","node":{".class":"Var","flags":["is_ready"],"fullname":"abc.__annotations__","name":"__annotations__","type":{".class":"Instance","args":["builtins.str",{".class":"AnyType","missing_import_name":null,"source_any":null,"type_of_any":6}],"extra_attrs":null,"type_ref":"builtins.dict"}}},"__doc__":{".class":"SymbolTableNode","kind":"Gdef","node":{".class":"Var","flags":["is_ready"],"fullname":"abc.__doc__","name":"__doc__","type":"builtins.str"}},"__file__":{".class":"SymbolTableNode","kind":"Gdef","node":{".class":"Var","flags":["is_ready"],"fullname":"abc.__file__","name":"__file__","type":"builtins.str"}},"__name__":{".class":"SymbolTableNode","kind":"Gdef","node":{".class":"Var","flags":["is_ready"],"fullname":"abc.__name__","name":"__name__","type":"builtins.str"}},"__package__":{".class":"SymbolTableNode","kind":"Gdef","node":{".class":"Var","flags":["is_ready"],"fullname":"abc.__package__","name":"__package__","type":"builtins.str"}},"__spec__":{".class":"SymbolTableNode","kind":"Gdef","node":{".class":"Var","flags":["is_ready"],"fullname":"abc.__spec__","name":"__spec__","type":"_frozen_importlib.ModuleSpec"}},"_typeshed":{".class":"SymbolTableNode","cross_ref":"_typeshed","kind":"Gdef","module_hidden":true,"module_public":false},"abstractclassmethod":{".class":"SymbolTableNode","kind":"Gdef","node":{".class":"TypeInfo","_promote":[],"abstract_attributes":[],"alt_promote":null,"bases":[{".class":"Instance","args":[{".class":"TypeVarType","default":{".class":"AnyType","missing_import_name":null,"source_any":null,"type_of_any":4},"fullname":"abc._T","id":1,"name":"_T","namespace":"abc.abstractclassmethod","upper_bound":"builtins.object","values":[],"variance":0},{".class":"ParamSpecType","default":{".class":"AnyType","missing_import_name":null,"source_any":null,"type_of_any":4},"flavor":0,"fullname":"abc._P","id":2,"name":"_P","namespace":"abc.abstractclassmethod","prefix":{".class":"Parameters","arg_kinds":[],"arg_names":[],"arg_types":[],"imprecise_arg_kinds":false,"variables":[]},"upper_bound":"builtins.object"},{".class":"TypeVarType","default":{".class":"AnyType","missing_import_name":null,"source_any":null,"type_of_any":4},"fullname":"abc._R_co","id":3,"name":"_R_co","namespace":"abc.abstractclassmethod","upper_bound":"builtins.object","values":[],"variance":1}],"extra_attrs":null,"type_ref":"builtins.classmethod"}],"dataclass_transform_spec":null,"declared_metaclass":null,"defn":{".class":"ClassDef","fullname":"abc.abstractclassmethod","name":"abstractclassmethod","type_vars":[{".class":"TypeVarType","default":{".class":"AnyType","missing_import_name":null,"source_any":null,"type_of_any":4},"fullname":"abc._T","id":1,"name":"_T","namespace":"abc.abstractclassmethod","upper_bound":"builtins.object","values":[],"variance":0},{".class":"ParamSpecType","default":{".class":"AnyType","missing_import_name":null,"source_any":null,"type_of_any":4},"flavor":0,"fullname":"abc._P","id":2,"name":"_P","namespace":"abc.abstractclassmethod","prefix":{".class":"Parameters","arg_kinds":[],"arg_names":[],"arg_types":[],"imprecise_arg_kinds":false,"variables":[]},"upper_bound":"builtins.object"},{".class":"TypeVarType","default":{".class":"AnyType","missing_import_name":null,"source_any":null,"type_of_any":4},"fullname":"abc._R_co","id":3,"name":"_R_co","namespace":"abc.abstractclassmethod","upper_bound":"builtins.object","values":[],"variance":1}]},"deletable_attributes":[],"deprecated":"class abc.abstractclassmethod is deprecated: Use 'classmethod' with 'abstractmethod' instead","flags":[],"fullname":"abc.abstractclassmethod","has_param_spec_type":true,"metaclass_type":null,"metadata":{},"module_name":"abc","mro":["abc.abstractclassmethod","builtins.classmethod","builtins.object"],"names":{".class":"SymbolTable","__init__":{".class":"SymbolTableNode","kind":"Mdef","node":{".class":"FuncDef","abstract_status":0,"arg_kinds":[0,0],"arg_names":["self","callable"],"dataclass_transform_spec":null,"deprecated":null,"flags":[],"fullname":"abc.abstractclassmethod.__init__","name":"__init__","type":{".class":"CallableType","arg_kinds":[0,0],"arg_names":["self","callable"],"arg_types":[{".class":"Instance","args":[{".class":"TypeVarType","default":{".class":"AnyType","missing_import_name":null,"source_any":null,"type_of_any":4},"fullname":"abc._T","id":1,"name":"_T","namespace":"abc.abstractclassmethod","upper_bound":"builtins.object","values":[],"variance":0},{".class":"ParamSpecType","default":{".class":"AnyType","missing_import_name":null,"source_any":null,"type_of_any":4},"flavor":0,"fullname":"abc._P","id":2,"name":"_P","namespace":"abc.abstractclassmethod","prefix":{".class":"Parameters","arg_kinds":[],"arg_names":[],"arg_types":[],"imprecise_arg_kinds":false,"variables":[]},"upper_bound":"builtins.object"},{".class":"TypeVarType","default":{".class":"AnyType","missing_import_name":null,"source_any":null,"type_of_any":4},"fullname":"abc._R_co","id":3,"name":"_R_co","namespace":"abc.abstractclassmethod","upper_bound":"builtins.object","values":[],"variance":1}],"extra_attrs":null,"type_ref":"abc.abstractclassmethod"},{".class":"CallableType","arg_kinds":[0,2,4],"arg_names":[null,null,null],"arg_types":[{".class":"TypeType","item":{".class":"TypeVarType","default":{".class":"AnyType","missing_import_name":null,"source_any":null,"type_of_any":4},"fullname":"abc._T","id":1,"name":"_T","namespace":"abc.abstractclassmethod","upper_bound":"builtins.object","values":[],"variance":0}},{".class":"ParamSpecType","default":{".class":"AnyType","missing_import_name":null,"source_any":null,"type_of_any":4},"flavor":1,"fullname":"abc._P","id":2,"name":"_P","namespace":"abc.abstractclassmethod","prefix":{".class":"Parameters","arg_kinds":[],"arg_names":[],"arg_types":[],"imprecise_arg_kinds":false,"variables":[]},"upper_bound":{".class":"Instance","args":["builtins.object"],"extra_attrs":null,"type_ref":"builtins.tuple"}},{".class":"ParamSpecType","default":{".class":"AnyType","missing_import_name":null,"source_any":null,"type_of_any":4},"flavor":2,"fullname":"abc._P","id":2,"name":"_P","namespace":"abc.abstractclassmethod","prefix":{".class":"Parameters","arg_kinds":[],"arg_names":[],"arg_types":[],"imprecise_arg_kinds":false,"variables":[]},"upper_bound":{".class":"Instance","args":["builtins.str","builtins.object"],"extra_attrs":null,"type_ref":"builtins.dict"}}],"bound_args":[],"def_extras":{},"fallback":"builtins.function","from_concatenate":true,"implicit":false,"imprecise_arg_kinds":false,"is_ellipsis_args":false,"name":null,"ret_type":{".class":"TypeVarType","default":{".class":"AnyType","missing_import_name":null,"source_any":null,"type_of_any":4},"fullname":"abc._R_co","id":3,"name":"_R_co","namespace":"abc.abstractclassmethod","upper_bound":"builtins.object","values":[],"variance":1},"type_guard":null,"type_is":null,"unpack_kwargs":false,"variables":[]}],"bound_args":[],"def_extras":{"first_arg":"self"},"fallback":"builtins.function","from_concatenate":false,"implicit":false,"imprecise_arg_kinds":false,"is_ellipsis_args":false,"name":"__init__ of abstractclassmethod","ret_type":{".class":"NoneType"},"type_guard":null,"type_is":null,"unpack_kwargs":false,"variables":[]}}},"__isabstractmethod__":{".class":"SymbolTableNode","kind":"Mdef","node":{".class":"Var","flags":["is_initialized_in_class","is_ready"],"fullname":"abc.abstractclassmethod.__isabstractmethod__","name":"__isabstractmethod__","type":{".class":"LiteralType","fallback":"builtins.bool","value":true}}}},"self_type":null,"slots":null,"tuple_type":null,"type_vars":["_T","_P","_R_co"],"typeddict_type":null}},"abstractmethod":{".class":"SymbolTableNode","kind":"Gdef","node":{".class":"FuncDef","abstract_status":0,"arg_kinds":[0],"arg_names":["funcobj"],"dataclass_transform_spec":null,"deprecated":null,"flags":[],"fullname":"abc.abstractmethod","name":"abstractmethod","type":{".class":"CallableType","arg_kinds":[0],"arg_names":["funcobj"],"arg_types":[{".class":"TypeVarType","default":{".class":"AnyType","missing_import_name":null,"source_any":null,"type_of_any":4},"fullname":"abc._FuncT","id":-1,"name":"_FuncT","namespace":"abc.abstractmethod","upper_bound":{".class":"CallableType","arg_kinds":[2,4],"arg_names":[null,null],"arg_types":[{".class":"AnyType","missing_import_name":null,"source_any":null,"type_of_any":2},{".class":"AnyType","missing_import_name":null,"source_any":null,"type_of_any":2}],"bound_args":[],"def_extras":{},"fallback":"builtins.function","from_concatenate":false,"implicit":false,"imprecise_arg_kinds":false,"is_ellipsis_args":true,"name":null,"ret_type":{".class":"AnyType","missing_import_name":null,"source_any":null,"type_of_any":2},"type_guard":null,"type_is":null,"unpack_kwargs":false,"variables":[]},"values":[],"variance":0}],"bound_args":[],"def_extras":{"first_arg":null},"fallback":"builtins.function","from_concatenate":false,"implicit":false,"imprecise_arg_kinds":false,"is_ellipsis_args":false,"name":"abstractmethod","ret_type":{".class":"TypeVarType","default":{".class":"AnyType","missing_import_name":null,"source_any":null,"type_of_any":4},"fullname":"abc._FuncT","id":-1,"name":"_FuncT","namespace":"abc.abstractmethod","upper_bound":{".class":"CallableType","arg_kinds":[2,4],"arg_names":[null,null],"arg_types":[{".class":"AnyType","missing_import_name":null,"source_any":null,"type_of_any":2},{".class":"AnyType","missing_import_name":null,"source_any":null,"type_of_any":2}],"bound_args":[],"def_extras":{},"fallback":"builtins.function","from_concatenate":false,"implicit":false,"imprecise_arg_kinds":false,"is_ellipsis_args":true,"name":null,"ret_type":{".class":"AnyType","missing_import_name":null,"source_any":null,"type_of_any":2},"type_guard":null,"type_is":null,"unpack_kwargs":false,"variables":[]},"values":[],"variance":0},"type_guard":null,"type_is":null,"unpack_kwargs":false,"variables":[{".class":"TypeVarType","default":{".class":"AnyType","missing_import_name":null,"source_any":null,"type_of_any":4},"fullname":"abc._FuncT","id":-1,"name":"_FuncT","namespace":"abc.abstractmethod","upper_bound":{".class":"CallableType","arg_kinds":[2,4],"arg_names":[null,null],"arg_types":[{".class":"AnyType","missing_import_name":null,"source_any":null,"type_of_any":2},{".class":"AnyType","missing_import_name":null,"source_any":null,"type_of_any":2}],"bound_args":[],"def_extras":{},"fallback":"builtins.function","from_concatenate":false,"implicit":false,"imprecise_arg_kinds":false,"is_ellipsis_args":true,"name":null,"ret_type":{".class":"AnyType","missing_import_name":null,"source_any":null,"type_of_any":2},"type_guard":null,"type_is":null,"unpack_kwargs":false,"variables":[]},"values":[],"variance":0}]}}},"abstractproperty":{".class":"SymbolTableNode","kind":"Gdef","node":{".class":"TypeInfo","_promote":[],"abstract_attributes":[],"alt_promote":null,"bases":["builtins.property"],"dataclass_transform_spec":null,"declared_metaclass":null,"defn":{".class":"ClassDef","fullname":"abc.abstractproperty","name":"abstractproperty","type_vars":[]},"deletable_attributes":[],"deprecated":"class abc.abstractproperty is deprecated: Use 'property' with 'abstractmethod' instead","flags":[],"fullname":"abc.abstractproperty","has_param_spec_type":false,"metaclass_type":null,"metadata":{},"module_name":"abc","mro":["abc.abstractproperty","builtins.property","builtins.object"],"names":{".class":"SymbolTable","__isabstractmethod__":{".class":"SymbolTableNode","kind":"Mdef","node":{".class":"Var","flags":["is_initialized_in_class","is_ready"],"fullname":"abc.abstractproperty.__isabstractmethod__","name":"__isabstractmethod__","type":{".class":"LiteralType","fallback":"builtins.bool","value":true}}}},"self_type":null,"slots":null,"tuple_type":null,"type_vars":[],"typeddict_type":null}},"abstractstaticmethod":{".class":"SymbolTableNode","kind":"Gdef","node":{".class":"TypeInfo","_promote":[],"abstract_attributes":[],"alt_promote":null,"bases":[{".class":"Instance","args":[{".class":"ParamSpecType","default":{".class":"AnyType","missing_import_name":null,"source_any":null,"type_of_any":4},"flavor":0,"fullname":"abc._P","id":1,"name":"_P","namespace":"abc.abstractstaticmethod","prefix":{".class":"Parameters","arg_kinds":[],"arg_names":[],"arg_types":[],"imprecise_arg_kinds":false,"variables":[]},"upper_bound":"builtins.object"},{".class":"TypeVarType","default":{".class":"AnyType","missing_import_name":null,"source_any":null,"type_of_any":4},"fullname":"abc._R_co","id":2,"name":"_R_co","namespace":"abc.abstractstaticmethod","upper_bound":"builtins.object","values":[],"variance":1}],"extra_attrs":null,"type_ref":"builtins.staticmethod"}],"dataclass_transform_spec":null,"declared_metaclass":null,"defn":{".class":"ClassDef","fullname":"abc.abstractstaticmethod","name":"abstractstaticmethod","type_vars":[{".class":"ParamSpecType","default":{".class":"AnyType","missing_import_name":null,"source_any":null,"type_of_any":4},"flavor":0,"fullname":"abc._P","id":1,"name":"_P","namespace":"abc.abstractstaticmethod","prefix":{".class":"Parameters","arg_kinds":[],"arg_names":[],"arg_types":[],"imprecise_arg_kinds":false,"variables":[]},"upper_bound":"builtins.object"},{".class":"TypeVarType","default":{".class":"AnyType","missing_import_name":null,"source_any":null,"type_of_any":4},"fullname":"abc._R_co","id":2,"name":"_R_co","namespace":"abc.abstractstaticmethod","upper_bound":"builtins.object","values":[],"variance":1}]},"deletable_attributes":[],"deprecated":"class abc.abstractstaticmethod is deprecated: Use 'staticmethod' with 'abstractmethod' instead","flags":[],"fullname":"abc.abstractstaticmethod","has_param_spec_type":true,"metaclass_type":null,"metadata":{},"module_name":"abc","mro":["abc.abstractstaticmethod","builtins.staticmethod","builtins.object"],"names":{".class":"SymbolTable","__init__":{".class":"SymbolTableNode","kind":"Mdef","node":{".class":"FuncDef","abstract_status":0,"arg_kinds":[0,0],"arg_names":["self","callable"],"dataclass_transform_spec":null,"deprecated":null,"flags":[],"fullname":"abc.abstractstaticmethod.__init__","name":"__init__","type":{".class":"CallableType","arg_kinds":[0,0],"arg_names":["self","callable"],"arg_types":[{".class":"Instance","args":[{".class":"ParamSpecType","default":{".class":"AnyType","missing_import_name":null,"source_any":null,"type_of_any":4},"flavor":0,"fullname":"abc._P","id":1,"name":"_P","namespace":"abc.abstractstaticmethod","prefix":{".class":"Parameters","arg_kinds":[],"arg_names":[],"arg_types":[],"imprecise_arg_kinds":false,"variables":[]},"upper_bound":"builtins.object"},{".class":"TypeVarType","default":{".class":"AnyType","missing_import_name":null,"source_any":null,"type_of_any":4},"fullname":"abc._R_co","id":2,"name":"_R_co","namespace":"abc.abstractstaticmethod","upper_bound":"builtins.object","values":[],"variance":1}],"extra_attrs":null,"type_ref":"abc.abstractstaticmethod"},{".class":"CallableType","arg_kinds":[2,4],"arg_names":[null,null],"arg_types":[{".class":"ParamSpecType","default":{".class":"AnyType","missing_import_name":null,"source_any":null,"type_of_any":4},"flavor":1,"fullname":"abc._P","id":1,"name":"_P","namespace":"abc.abstractstaticmethod","prefix":{".class":"Parameters","arg_kinds":[],"arg_names":[],"arg_types":[],"imprecise_arg_kinds":false,"variables":[]},"upper_bound":{".class":"Instance","args":["builtins.object"],"extra_attrs":null,"type_ref":"builtins.tuple"}},{".class":"ParamSpecType","default":{".class":"AnyType","missing_import_name":null,"source_any":null,"type_of_any":4},"flavor":2,"fullname":"abc._P","id":1,"name":"_P","namespace":"abc.abstractstaticmethod","prefix":{".class":"Parameters","arg_kinds":[],"arg_names":[],"arg_types":[],"imprecise_arg_kinds":false,"variables":[]},"upper_bound":{".class":"Instance","args":["builtins.str","builtins.object"],"extra_attrs":null,"type_ref":"builtins.dict"}}],"bound_args":[],"def_extras":{},"fallback":"builtins.function","from_concatenate":false,"implicit":false,"imprecise_arg_kinds":false,"is_ellipsis_args":false,"name":null,"ret_type":{".class":"TypeVarType","default":{".class":"AnyType","missing_import_name":null,"source_any":null,"type_of_any":4},"fullname":"abc._R_co","id":2,"name":"_R_co","namespace":"abc.abstractstaticmethod","upper_bound":"builtins.object","values":[],"variance":1},"type_guard":null,"type_is":null,"unpack_kwargs":false,"variables":[]}],"bound_args":[],"def_extras":{"first_arg":"self"},"fallback":"builtins.function","from_concatenate":false,"implicit":false,"imprecise_arg_kinds":false,"is_ellipsis_args":false,"name":"__init__ of abstractstaticmethod","ret_type":{".class":"NoneType"},"type_guard":null,"type_is":null,"unpack_kwargs":false,"variables":[]}}},"__isabstractmethod__":{".class":"SymbolTableNode","kind":"Mdef","node":{".class":"Var","flags":["is_initialized_in_class","is_ready"],"fullname":"abc.abstractstaticmethod.__isabstractmethod__","name":"__isabstractmethod__","type":{".class":"LiteralType","fallback":"builtins.bool","value":true}}}},"self_type":null,"slots":null,"tuple_type":null,"type_vars":["_P","_R_co"],"typeddict_type":null}},"deprecated":{".class":"SymbolTableNode","cross_ref":"warnings.deprecated","kind":"Gdef","module_hidden":true,"module_public":false},"get_cache_token":{".class":"SymbolTableNode","kind":"Gdef","node":{".class":"FuncDef","abstract_status":0,"arg_kinds":[],"arg_names":[],"dataclass_transform_spec":null,"deprecated":null,"flags":[],"fullname":"abc.get_cache_token","name":"get_cache_token","type":{".class":"CallableType","arg_kinds":[],"arg_names":[],"arg_types":[],"bound_args":[],"def_extras":{"first_arg":null},"fallback":"builtins.function","from_concatenate":false,"implicit":false,"imprecise_arg_kinds":false,"is_ellipsis_args":false,"name":"get_cache_token","ret_type":"builtins.object","type_guard":null,"type_is":null,"unpack_kwargs":false,"variables":[]}}},"sys":{".class":"SymbolTableNode","cross_ref":"sys","kind":"Gdef","module_hidden":true,"module_public":false},"update_abstractmethods":{".class":"SymbolTableNode","kind":"Gdef","node":{".class":"FuncDef","abstract_status":0,"arg_kinds":[0],"arg_names":["cls"],"dataclass_transform_spec":null,"deprecated":null,"flags":[],"fullname":"abc.update_abstractmethods","name":"update_abstractmethods","type":{".class":"CallableType","arg_kinds":[0],"arg_names":["cls"],"arg_types":[{".class":"TypeType","item":{".class":"TypeVarType","default":{".class":"AnyType","missing_import_name":null,"source_any":null,"type_of_any":4},"fullname":"abc._T","id":-1,"name":"_T","namespace":"abc.update_abstractmethods","upper_bound":"builtins.object","values":[],"variance":0}}],"bound_args":[],"def_extras":{"first_arg":null},"fallback":"builtins.function","from_concatenate":false,"implicit":false,"imprecise_arg_kinds":false,"is_ellipsis_args":false,"name":"update_abstractmethods","ret_type":{".class":"TypeType","item":{".class":"TypeVarType","default":{".class":"AnyType","missing_import_name":null,"source_any":null,"type_of_any":4},"fullname":"abc._T","id":-1,"name":"_T","namespace":"abc.update_abstractmethods","upper_bound":"builtins.object","values":[],"variance":0}},"type_guard":null,"type_is":null,"unpack_kwargs":false,"variables":[{".class":"TypeVarType","default":{".class":"AnyType","missing_import_name":null,"source_any":null,"type_of_any":4},"fullname":"abc._T","id":-1,"name":"_T","namespace":"abc.update_abstractmethods","upper_bound":"builtins.object","values":[],"variance":0}]}}}},"path":"c:\\Users\\xinan\\.vscode\\extensions\\ms-python.mypy-type-checker-2025.2.0\\bundled\\libs\\mypy\\typeshed\\stdlib\\abc.pyi"}