{".class":"MypyFile","_fullname":"time","future_import_flags":[],"is_partial_stub_package":false,"is_stub":true,"names":{".class":"SymbolTable","Any":{".class":"SymbolTableNode","cross_ref":"typing.Any","kind":"Gdef","module_hidden":true,"module_public":false},"Final":{".class":"SymbolTableNode","cross_ref":"typing.Final","kind":"Gdef","module_hidden":true,"module_public":false},"Literal":{".class":"SymbolTableNode","cross_ref":"typing.Literal","kind":"Gdef","module_hidden":true,"module_public":false},"Protocol":{".class":"SymbolTableNode","cross_ref":"typing.Protocol","kind":"Gdef","module_hidden":true,"module_public":false},"TypeAlias":{".class":"SymbolTableNode","cross_ref":"typing.TypeAlias","kind":"Gdef","module_hidden":true,"module_public":false},"_ClockInfo":{".class":"SymbolTableNode","kind":"Gdef","node":{".class":"TypeInfo","_promote":[],"abstract_attributes":[["adjustable",1],["implementation",1],["monotonic",1],["resolution",1]],"alt_promote":null,"bases":["builtins.object"],"dataclass_transform_spec":null,"declared_metaclass":null,"defn":{".class":"ClassDef","fullname":"time._ClockInfo","name":"_ClockInfo","type_vars":[]},"deletable_attributes":[],"deprecated":null,"flags":["is_abstract","is_protocol"],"fullname":"time._ClockInfo","has_param_spec_type":false,"metaclass_type":"abc.ABCMeta","metadata":{},"module_name":"time","mro":["time._ClockInfo","builtins.object"],"names":{".class":"SymbolTable","adjustable":{".class":"SymbolTableNode","kind":"Mdef","node":{".class":"Var","flags":["is_initialized_in_class","is_abstract_var","is_ready"],"fullname":"time._ClockInfo.adjustable","name":"adjustable","type":"builtins.bool"}},"implementation":{".class":"SymbolTableNode","kind":"Mdef","node":{".class":"Var","flags":["is_initialized_in_class","is_abstract_var","is_ready"],"fullname":"time._ClockInfo.implementation","name":"implementation","type":"builtins.str"}},"monotonic":{".class":"SymbolTableNode","kind":"Mdef","node":{".class":"Var","flags":["is_initialized_in_class","is_abstract_var","is_ready"],"fullname":"time._ClockInfo.monotonic","name":"monotonic","type":"builtins.bool"}},"resolution":{".class":"SymbolTableNode","kind":"Mdef","node":{".class":"Var","flags":["is_initialized_in_class","is_abstract_var","is_ready"],"fullname":"time._ClockInfo.resolution","name":"resolution","type":"builtins.float"}}},"self_type":{".class":"TypeVarType","default":{".class":"AnyType","missing_import_name":null,"source_any":null,"type_of_any":4},"fullname":"time._ClockInfo.Self","id":0,"name":"Self","namespace":"","upper_bound":"time._ClockInfo","values":[],"variance":0},"slots":null,"tuple_type":null,"type_vars":[],"typeddict_type":null}},"_TimeTuple":{".class":"SymbolTableNode","kind":"Gdef","node":{".class":"TypeAlias","alias_tvars":[],"column":0,"fullname":"time._TimeTuple","line":6,"no_args":false,"normalized":false,"python_3_12_type_alias":false,"target":{".class":"TupleType","implicit":false,"items":["builtins.int","builtins.int","builtins.int","builtins.int","builtins.int","builtins.int","builtins.int","builtins.int","builtins.int"],"partial_fallback":{".class":"Instance","args":[{".class":"AnyType","missing_import_name":null,"source_any":null,"type_of_any":6}],"extra_attrs":null,"type_ref":"builtins.tuple"}}}},"__annotations__":{".class":"SymbolTableNode","kind":"Gdef","node":{".class":"Var","flags":["is_ready"],"fullname":"time.__annotations__","name":"__annotations__","type":{".class":"Instance","args":["builtins.str",{".class":"AnyType","missing_import_name":null,"source_any":null,"type_of_any":6}],"extra_attrs":null,"type_ref":"builtins.dict"}}},"__doc__":{".class":"SymbolTableNode","kind":"Gdef","node":{".class":"Var","flags":["is_ready"],"fullname":"time.__doc__","name":"__doc__","type":"builtins.str"}},"__file__":{".class":"SymbolTableNode","kind":"Gdef","node":{".class":"Var","flags":["is_ready"],"fullname":"time.__file__","name":"__file__","type":"builtins.str"}},"__name__":{".class":"SymbolTableNode","kind":"Gdef","node":{".class":"Var","flags":["is_ready"],"fullname":"time.__name__","name":"__name__","type":"builtins.str"}},"__package__":{".class":"SymbolTableNode","kind":"Gdef","node":{".class":"Var","flags":["is_ready"],"fullname":"time.__package__","name":"__package__","type":"builtins.str"}},"__spec__":{".class":"SymbolTableNode","kind":"Gdef","node":{".class":"Var","flags":["is_ready"],"fullname":"time.__spec__","name":"__spec__","type":"_frozen_importlib.ModuleSpec"}},"altzone":{".class":"SymbolTableNode","kind":"Gdef","node":{".class":"Var","flags":["is_ready"],"fullname":"time.altzone","name":"altzone","type":"builtins.int"}},"asctime":{".class":"SymbolTableNode","kind":"Gdef","node":{".class":"FuncDef","abstract_status":0,"arg_kinds":[1],"arg_names":[null],"dataclass_transform_spec":null,"deprecated":null,"flags":[],"fullname":"time.asctime","name":"asctime","type":{".class":"CallableType","arg_kinds":[1],"arg_names":[null],"arg_types":[{".class":"UnionType","items":[{".class":"TypeAliasType","args":[],"type_ref":"time._TimeTuple"},{".class":"TypeAliasType","args":[],"type_ref":"time.struct_time"}],"uses_pep604_syntax":true}],"bound_args":[],"def_extras":{"first_arg":null},"fallback":"builtins.function","from_concatenate":false,"implicit":false,"imprecise_arg_kinds":false,"is_ellipsis_args":false,"name":"asctime","ret_type":"builtins.str","type_guard":null,"type_is":null,"unpack_kwargs":false,"variables":[]}}},"ctime":{".class":"SymbolTableNode","kind":"Gdef","node":{".class":"FuncDef","abstract_status":0,"arg_kinds":[1],"arg_names":[null],"dataclass_transform_spec":null,"deprecated":null,"flags":[],"fullname":"time.ctime","name":"ctime","type":{".class":"CallableType","arg_kinds":[1],"arg_names":[null],"arg_types":[{".class":"UnionType","items":["builtins.float",{".class":"NoneType"}],"uses_pep604_syntax":true}],"bound_args":[],"def_extras":{"first_arg":null},"fallback":"builtins.function","from_concatenate":false,"implicit":false,"imprecise_arg_kinds":false,"is_ellipsis_args":false,"name":"ctime","ret_type":"builtins.str","type_guard":null,"type_is":null,"unpack_kwargs":false,"variables":[]}}},"daylight":{".class":"SymbolTableNode","kind":"Gdef","node":{".class":"Var","flags":["is_ready"],"fullname":"time.daylight","name":"daylight","type":"builtins.int"}},"final":{".class":"SymbolTableNode","cross_ref":"typing.final","kind":"Gdef","module_hidden":true,"module_public":false},"get_clock_info":{".class":"SymbolTableNode","kind":"Gdef","node":{".class":"FuncDef","abstract_status":0,"arg_kinds":[0],"arg_names":[null],"dataclass_transform_spec":null,"deprecated":null,"flags":[],"fullname":"time.get_clock_info","name":"get_clock_info","type":{".class":"CallableType","arg_kinds":[0],"arg_names":[null],"arg_types":[{".class":"UnionType","items":[{".class":"LiteralType","fallback":"builtins.str","value":"monotonic"},{".class":"LiteralType","fallback":"builtins.str","value":"perf_counter"},{".class":"LiteralType","fallback":"builtins.str","value":"process_time"},{".class":"LiteralType","fallback":"builtins.str","value":"time"},{".class":"LiteralType","fallback":"builtins.str","value":"thread_time"}],"uses_pep604_syntax":false}],"bound_args":[],"def_extras":{"first_arg":null},"fallback":"builtins.function","from_concatenate":false,"implicit":false,"imprecise_arg_kinds":false,"is_ellipsis_args":false,"name":"get_clock_info","ret_type":"time._ClockInfo","type_guard":null,"type_is":null,"unpack_kwargs":false,"variables":[]}}},"gmtime":{".class":"SymbolTableNode","kind":"Gdef","node":{".class":"FuncDef","abstract_status":0,"arg_kinds":[1],"arg_names":[null],"dataclass_transform_spec":null,"deprecated":null,"flags":[],"fullname":"time.gmtime","name":"gmtime","type":{".class":"CallableType","arg_kinds":[1],"arg_names":[null],"arg_types":[{".class":"UnionType","items":["builtins.float",{".class":"NoneType"}],"uses_pep604_syntax":true}],"bound_args":[],"def_extras":{"first_arg":null},"fallback":"builtins.function","from_concatenate":false,"implicit":false,"imprecise_arg_kinds":false,"is_ellipsis_args":false,"name":"gmtime","ret_type":{".class":"TypeAliasType","args":[],"type_ref":"time.struct_time"},"type_guard":null,"type_is":null,"unpack_kwargs":false,"variables":[]}}},"localtime":{".class":"SymbolTableNode","kind":"Gdef","node":{".class":"FuncDef","abstract_status":0,"arg_kinds":[1],"arg_names":[null],"dataclass_transform_spec":null,"deprecated":null,"flags":[],"fullname":"time.localtime","name":"localtime","type":{".class":"CallableType","arg_kinds":[1],"arg_names":[null],"arg_types":[{".class":"UnionType","items":["builtins.float",{".class":"NoneType"}],"uses_pep604_syntax":true}],"bound_args":[],"def_extras":{"first_arg":null},"fallback":"builtins.function","from_concatenate":false,"implicit":false,"imprecise_arg_kinds":false,"is_ellipsis_args":false,"name":"localtime","ret_type":{".class":"TypeAliasType","args":[],"type_ref":"time.struct_time"},"type_guard":null,"type_is":null,"unpack_kwargs":false,"variables":[]}}},"mktime":{".class":"SymbolTableNode","kind":"Gdef","node":{".class":"FuncDef","abstract_status":0,"arg_kinds":[0],"arg_names":[null],"dataclass_transform_spec":null,"deprecated":null,"flags":[],"fullname":"time.mktime","name":"mktime","type":{".class":"CallableType","arg_kinds":[0],"arg_names":[null],"arg_types":[{".class":"UnionType","items":[{".class":"TypeAliasType","args":[],"type_ref":"time._TimeTuple"},{".class":"TypeAliasType","args":[],"type_ref":"time.struct_time"}],"uses_pep604_syntax":true}],"bound_args":[],"def_extras":{"first_arg":null},"fallback":"builtins.function","from_concatenate":false,"implicit":false,"imprecise_arg_kinds":false,"is_ellipsis_args":false,"name":"mktime","ret_type":"builtins.float","type_guard":null,"type_is":null,"unpack_kwargs":false,"variables":[]}}},"monotonic":{".class":"SymbolTableNode","kind":"Gdef","node":{".class":"FuncDef","abstract_status":0,"arg_kinds":[],"arg_names":[],"dataclass_transform_spec":null,"deprecated":null,"flags":[],"fullname":"time.monotonic","name":"monotonic","type":{".class":"CallableType","arg_kinds":[],"arg_names":[],"arg_types":[],"bound_args":[],"def_extras":{"first_arg":null},"fallback":"builtins.function","from_concatenate":false,"implicit":false,"imprecise_arg_kinds":false,"is_ellipsis_args":false,"name":"monotonic","ret_type":"builtins.float","type_guard":null,"type_is":null,"unpack_kwargs":false,"variables":[]}}},"monotonic_ns":{".class":"SymbolTableNode","kind":"Gdef","node":{".class":"FuncDef","abstract_status":0,"arg_kinds":[],"arg_names":[],"dataclass_transform_spec":null,"deprecated":null,"flags":[],"fullname":"time.monotonic_ns","name":"monotonic_ns","type":{".class":"CallableType","arg_kinds":[],"arg_names":[],"arg_types":[],"bound_args":[],"def_extras":{"first_arg":null},"fallback":"builtins.function","from_concatenate":false,"implicit":false,"imprecise_arg_kinds":false,"is_ellipsis_args":false,"name":"monotonic_ns","ret_type":"builtins.int","type_guard":null,"type_is":null,"unpack_kwargs":false,"variables":[]}}},"perf_counter":{".class":"SymbolTableNode","kind":"Gdef","node":{".class":"FuncDef","abstract_status":0,"arg_kinds":[],"arg_names":[],"dataclass_transform_spec":null,"deprecated":null,"flags":[],"fullname":"time.perf_counter","name":"perf_counter","type":{".class":"CallableType","arg_kinds":[],"arg_names":[],"arg_types":[],"bound_args":[],"def_extras":{"first_arg":null},"fallback":"builtins.function","from_concatenate":false,"implicit":false,"imprecise_arg_kinds":false,"is_ellipsis_args":false,"name":"perf_counter","ret_type":"builtins.float","type_guard":null,"type_is":null,"unpack_kwargs":false,"variables":[]}}},"perf_counter_ns":{".class":"SymbolTableNode","kind":"Gdef","node":{".class":"FuncDef","abstract_status":0,"arg_kinds":[],"arg_names":[],"dataclass_transform_spec":null,"deprecated":null,"flags":[],"fullname":"time.perf_counter_ns","name":"perf_counter_ns","type":{".class":"CallableType","arg_kinds":[],"arg_names":[],"arg_types":[],"bound_args":[],"def_extras":{"first_arg":null},"fallback":"builtins.function","from_concatenate":false,"implicit":false,"imprecise_arg_kinds":false,"is_ellipsis_args":false,"name":"perf_counter_ns","ret_type":"builtins.int","type_guard":null,"type_is":null,"unpack_kwargs":false,"variables":[]}}},"process_time":{".class":"SymbolTableNode","kind":"Gdef","node":{".class":"FuncDef","abstract_status":0,"arg_kinds":[],"arg_names":[],"dataclass_transform_spec":null,"deprecated":null,"flags":[],"fullname":"time.process_time","name":"process_time","type":{".class":"CallableType","arg_kinds":[],"arg_names":[],"arg_types":[],"bound_args":[],"def_extras":{"first_arg":null},"fallback":"builtins.function","from_concatenate":false,"implicit":false,"imprecise_arg_kinds":false,"is_ellipsis_args":false,"name":"process_time","ret_type":"builtins.float","type_guard":null,"type_is":null,"unpack_kwargs":false,"variables":[]}}},"process_time_ns":{".class":"SymbolTableNode","kind":"Gdef","node":{".class":"FuncDef","abstract_status":0,"arg_kinds":[],"arg_names":[],"dataclass_transform_spec":null,"deprecated":null,"flags":[],"fullname":"time.process_time_ns","name":"process_time_ns","type":{".class":"CallableType","arg_kinds":[],"arg_names":[],"arg_types":[],"bound_args":[],"def_extras":{"first_arg":null},"fallback":"builtins.function","from_concatenate":false,"implicit":false,"imprecise_arg_kinds":false,"is_ellipsis_args":false,"name":"process_time_ns","ret_type":"builtins.int","type_guard":null,"type_is":null,"unpack_kwargs":false,"variables":[]}}},"sleep":{".class":"SymbolTableNode","kind":"Gdef","node":{".class":"FuncDef","abstract_status":0,"arg_kinds":[0],"arg_names":[null],"dataclass_transform_spec":null,"deprecated":null,"flags":[],"fullname":"time.sleep","name":"sleep","type":{".class":"CallableType","arg_kinds":[0],"arg_names":[null],"arg_types":["builtins.float"],"bound_args":[],"def_extras":{"first_arg":null},"fallback":"builtins.function","from_concatenate":false,"implicit":false,"imprecise_arg_kinds":false,"is_ellipsis_args":false,"name":"sleep","ret_type":{".class":"NoneType"},"type_guard":null,"type_is":null,"unpack_kwargs":false,"variables":[]}}},"strftime":{".class":"SymbolTableNode","kind":"Gdef","node":{".class":"FuncDef","abstract_status":0,"arg_kinds":[0,1],"arg_names":[null,null],"dataclass_transform_spec":null,"deprecated":null,"flags":[],"fullname":"time.strftime","name":"strftime","type":{".class":"CallableType","arg_kinds":[0,1],"arg_names":[null,null],"arg_types":["builtins.str",{".class":"UnionType","items":[{".class":"TypeAliasType","args":[],"type_ref":"time._TimeTuple"},{".class":"TypeAliasType","args":[],"type_ref":"time.struct_time"}],"uses_pep604_syntax":true}],"bound_args":[],"def_extras":{"first_arg":null},"fallback":"builtins.function","from_concatenate":false,"implicit":false,"imprecise_arg_kinds":false,"is_ellipsis_args":false,"name":"strftime","ret_type":"builtins.str","type_guard":null,"type_is":null,"unpack_kwargs":false,"variables":[]}}},"strptime":{".class":"SymbolTableNode","kind":"Gdef","node":{".class":"FuncDef","abstract_status":0,"arg_kinds":[0,1],"arg_names":[null,null],"dataclass_transform_spec":null,"deprecated":null,"flags":[],"fullname":"time.strptime","name":"strptime","type":{".class":"CallableType","arg_kinds":[0,1],"arg_names":[null,null],"arg_types":["builtins.str","builtins.str"],"bound_args":[],"def_extras":{"first_arg":null},"fallback":"builtins.function","from_concatenate":false,"implicit":false,"imprecise_arg_kinds":false,"is_ellipsis_args":false,"name":"strptime","ret_type":{".class":"TypeAliasType","args":[],"type_ref":"time.struct_time"},"type_guard":null,"type_is":null,"unpack_kwargs":false,"variables":[]}}},"struct_time":{".class":"SymbolTableNode","kind":"Gdef","node":{".class":"TypeInfo","_promote":[],"abstract_attributes":[],"alt_promote":null,"bases":[{".class":"Instance","args":[{".class":"UnionType","items":[{".class":"AnyType","missing_import_name":null,"source_any":null,"type_of_any":2},"builtins.int"],"uses_pep604_syntax":true}],"extra_attrs":null,"type_ref":"_typeshed.structseq"},{".class":"Instance","args":["builtins.int"],"extra_attrs":null,"type_ref":"builtins.tuple"}],"dataclass_transform_spec":null,"declared_metaclass":null,"defn":{".class":"ClassDef","fullname":"time.struct_time","name":"struct_time","type_vars":[]},"deletable_attributes":[],"deprecated":null,"flags":["is_final"],"fullname":"time.struct_time","has_param_spec_type":false,"metaclass_type":"abc.ABCMeta","metadata":{},"module_name":"time","mro":["time.struct_time","_typeshed.structseq","builtins.tuple","typing.Sequence","typing.Reversible","typing.Collection","typing.Iterable","typing.Container","builtins.object"],"names":{".class":"SymbolTable","__match_args__":{".class":"SymbolTableNode","kind":"Mdef","node":{".class":"Var","flags":["is_initialized_in_class","is_final","is_inferred","has_explicit_value","allow_incompatible_override"],"fullname":"time.struct_time.__match_args__","name":"__match_args__","type":{".class":"TupleType","implicit":false,"items":[{".class":"Instance","args":[],"extra_attrs":null,"last_known_value":{".class":"LiteralType","fallback":"builtins.str","value":"tm_year"},"type_ref":"builtins.str"},{".class":"Instance","args":[],"extra_attrs":null,"last_known_value":{".class":"LiteralType","fallback":"builtins.str","value":"tm_mon"},"type_ref":"builtins.str"},{".class":"Instance","args":[],"extra_attrs":null,"last_known_value":{".class":"LiteralType","fallback":"builtins.str","value":"tm_mday"},"type_ref":"builtins.str"},{".class":"Instance","args":[],"extra_attrs":null,"last_known_value":{".class":"LiteralType","fallback":"builtins.str","value":"tm_hour"},"type_ref":"builtins.str"},{".class":"Instance","args":[],"extra_attrs":null,"last_known_value":{".class":"LiteralType","fallback":"builtins.str","value":"tm_min"},"type_ref":"builtins.str"},{".class":"Instance","args":[],"extra_attrs":null,"last_known_value":{".class":"LiteralType","fallback":"builtins.str","value":"tm_sec"},"type_ref":"builtins.str"},{".class":"Instance","args":[],"extra_attrs":null,"last_known_value":{".class":"LiteralType","fallback":"builtins.str","value":"tm_wday"},"type_ref":"builtins.str"},{".class":"Instance","args":[],"extra_attrs":null,"last_known_value":{".class":"LiteralType","fallback":"builtins.str","value":"tm_yday"},"type_ref":"builtins.str"},{".class":"Instance","args":[],"extra_attrs":null,"last_known_value":{".class":"LiteralType","fallback":"builtins.str","value":"tm_isdst"},"type_ref":"builtins.str"}],"partial_fallback":{".class":"Instance","args":[{".class":"AnyType","missing_import_name":null,"source_any":null,"type_of_any":6}],"extra_attrs":null,"type_ref":"builtins.tuple"}}}},"tm_gmtoff":{".class":"SymbolTableNode","kind":"Mdef","node":{".class":"Decorator","func":{".class":"FuncDef","abstract_status":0,"arg_kinds":[0],"arg_names":["self"],"dataclass_transform_spec":null,"deprecated":null,"flags":["is_property","is_decorated"],"fullname":"time.struct_time.tm_gmtoff","name":"tm_gmtoff","type":{".class":"CallableType","arg_kinds":[0],"arg_names":["self"],"arg_types":[{".class":"TupleType","implicit":false,"items":["builtins.int","builtins.int","builtins.int","builtins.int","builtins.int","builtins.int","builtins.int","builtins.int","builtins.int"],"partial_fallback":"time.struct_time"}],"bound_args":[],"def_extras":{"first_arg":"self"},"fallback":"builtins.function","from_concatenate":false,"implicit":false,"imprecise_arg_kinds":false,"is_ellipsis_args":false,"name":"tm_gmtoff of struct_time","ret_type":"builtins.int","type_guard":null,"type_is":null,"unpack_kwargs":false,"variables":[]}},"is_overload":false,"var":{".class":"Var","flags":["is_initialized_in_class","is_property","is_ready","is_inferred"],"fullname":"time.struct_time.tm_gmtoff","name":"tm_gmtoff","type":{".class":"CallableType","arg_kinds":[0],"arg_names":["self"],"arg_types":[{".class":"TupleType","implicit":false,"items":["builtins.int","builtins.int","builtins.int","builtins.int","builtins.int","builtins.int","builtins.int","builtins.int","builtins.int"],"partial_fallback":"time.struct_time"}],"bound_args":[],"def_extras":{"first_arg":"self"},"fallback":"builtins.function","from_concatenate":false,"implicit":false,"imprecise_arg_kinds":false,"is_ellipsis_args":false,"name":"tm_gmtoff of struct_time","ret_type":"builtins.int","type_guard":null,"type_is":null,"unpack_kwargs":false,"variables":[]}}}},"tm_hour":{".class":"SymbolTableNode","kind":"Mdef","node":{".class":"Decorator","func":{".class":"FuncDef","abstract_status":0,"arg_kinds":[0],"arg_names":["self"],"dataclass_transform_spec":null,"deprecated":null,"flags":["is_property","is_decorated"],"fullname":"time.struct_time.tm_hour","name":"tm_hour","type":{".class":"CallableType","arg_kinds":[0],"arg_names":["self"],"arg_types":[{".class":"TupleType","implicit":false,"items":["builtins.int","builtins.int","builtins.int","builtins.int","builtins.int","builtins.int","builtins.int","builtins.int","builtins.int"],"partial_fallback":"time.struct_time"}],"bound_args":[],"def_extras":{"first_arg":"self"},"fallback":"builtins.function","from_concatenate":false,"implicit":false,"imprecise_arg_kinds":false,"is_ellipsis_args":false,"name":"tm_hour of struct_time","ret_type":"builtins.int","type_guard":null,"type_is":null,"unpack_kwargs":false,"variables":[]}},"is_overload":false,"var":{".class":"Var","flags":["is_initialized_in_class","is_property","is_ready","is_inferred"],"fullname":"time.struct_time.tm_hour","name":"tm_hour","type":{".class":"CallableType","arg_kinds":[0],"arg_names":["self"],"arg_types":[{".class":"TupleType","implicit":false,"items":["builtins.int","builtins.int","builtins.int","builtins.int","builtins.int","builtins.int","builtins.int","builtins.int","builtins.int"],"partial_fallback":"time.struct_time"}],"bound_args":[],"def_extras":{"first_arg":"self"},"fallback":"builtins.function","from_concatenate":false,"implicit":false,"imprecise_arg_kinds":false,"is_ellipsis_args":false,"name":"tm_hour of struct_time","ret_type":"builtins.int","type_guard":null,"type_is":null,"unpack_kwargs":false,"variables":[]}}}},"tm_isdst":{".class":"SymbolTableNode","kind":"Mdef","node":{".class":"Decorator","func":{".class":"FuncDef","abstract_status":0,"arg_kinds":[0],"arg_names":["self"],"dataclass_transform_spec":null,"deprecated":null,"flags":["is_property","is_decorated"],"fullname":"time.struct_time.tm_isdst","name":"tm_isdst","type":{".class":"CallableType","arg_kinds":[0],"arg_names":["self"],"arg_types":[{".class":"TupleType","implicit":false,"items":["builtins.int","builtins.int","builtins.int","builtins.int","builtins.int","builtins.int","builtins.int","builtins.int","builtins.int"],"partial_fallback":"time.struct_time"}],"bound_args":[],"def_extras":{"first_arg":"self"},"fallback":"builtins.function","from_concatenate":false,"implicit":false,"imprecise_arg_kinds":false,"is_ellipsis_args":false,"name":"tm_isdst of struct_time","ret_type":"builtins.int","type_guard":null,"type_is":null,"unpack_kwargs":false,"variables":[]}},"is_overload":false,"var":{".class":"Var","flags":["is_initialized_in_class","is_property","is_ready","is_inferred"],"fullname":"time.struct_time.tm_isdst","name":"tm_isdst","type":{".class":"CallableType","arg_kinds":[0],"arg_names":["self"],"arg_types":[{".class":"TupleType","implicit":false,"items":["builtins.int","builtins.int","builtins.int","builtins.int","builtins.int","builtins.int","builtins.int","builtins.int","builtins.int"],"partial_fallback":"time.struct_time"}],"bound_args":[],"def_extras":{"first_arg":"self"},"fallback":"builtins.function","from_concatenate":false,"implicit":false,"imprecise_arg_kinds":false,"is_ellipsis_args":false,"name":"tm_isdst of struct_time","ret_type":"builtins.int","type_guard":null,"type_is":null,"unpack_kwargs":false,"variables":[]}}}},"tm_mday":{".class":"SymbolTableNode","kind":"Mdef","node":{".class":"Decorator","func":{".class":"FuncDef","abstract_status":0,"arg_kinds":[0],"arg_names":["self"],"dataclass_transform_spec":null,"deprecated":null,"flags":["is_property","is_decorated"],"fullname":"time.struct_time.tm_mday","name":"tm_mday","type":{".class":"CallableType","arg_kinds":[0],"arg_names":["self"],"arg_types":[{".class":"TupleType","implicit":false,"items":["builtins.int","builtins.int","builtins.int","builtins.int","builtins.int","builtins.int","builtins.int","builtins.int","builtins.int"],"partial_fallback":"time.struct_time"}],"bound_args":[],"def_extras":{"first_arg":"self"},"fallback":"builtins.function","from_concatenate":false,"implicit":false,"imprecise_arg_kinds":false,"is_ellipsis_args":false,"name":"tm_mday of struct_time","ret_type":"builtins.int","type_guard":null,"type_is":null,"unpack_kwargs":false,"variables":[]}},"is_overload":false,"var":{".class":"Var","flags":["is_initialized_in_class","is_property","is_ready","is_inferred"],"fullname":"time.struct_time.tm_mday","name":"tm_mday","type":{".class":"CallableType","arg_kinds":[0],"arg_names":["self"],"arg_types":[{".class":"TupleType","implicit":false,"items":["builtins.int","builtins.int","builtins.int","builtins.int","builtins.int","builtins.int","builtins.int","builtins.int","builtins.int"],"partial_fallback":"time.struct_time"}],"bound_args":[],"def_extras":{"first_arg":"self"},"fallback":"builtins.function","from_concatenate":false,"implicit":false,"imprecise_arg_kinds":false,"is_ellipsis_args":false,"name":"tm_mday of struct_time","ret_type":"builtins.int","type_guard":null,"type_is":null,"unpack_kwargs":false,"variables":[]}}}},"tm_min":{".class":"SymbolTableNode","kind":"Mdef","node":{".class":"Decorator","func":{".class":"FuncDef","abstract_status":0,"arg_kinds":[0],"arg_names":["self"],"dataclass_transform_spec":null,"deprecated":null,"flags":["is_property","is_decorated"],"fullname":"time.struct_time.tm_min","name":"tm_min","type":{".class":"CallableType","arg_kinds":[0],"arg_names":["self"],"arg_types":[{".class":"TupleType","implicit":false,"items":["builtins.int","builtins.int","builtins.int","builtins.int","builtins.int","builtins.int","builtins.int","builtins.int","builtins.int"],"partial_fallback":"time.struct_time"}],"bound_args":[],"def_extras":{"first_arg":"self"},"fallback":"builtins.function","from_concatenate":false,"implicit":false,"imprecise_arg_kinds":false,"is_ellipsis_args":false,"name":"tm_min of struct_time","ret_type":"builtins.int","type_guard":null,"type_is":null,"unpack_kwargs":false,"variables":[]}},"is_overload":false,"var":{".class":"Var","flags":["is_initialized_in_class","is_property","is_ready","is_inferred"],"fullname":"time.struct_time.tm_min","name":"tm_min","type":{".class":"CallableType","arg_kinds":[0],"arg_names":["self"],"arg_types":[{".class":"TupleType","implicit":false,"items":["builtins.int","builtins.int","builtins.int","builtins.int","builtins.int","builtins.int","builtins.int","builtins.int","builtins.int"],"partial_fallback":"time.struct_time"}],"bound_args":[],"def_extras":{"first_arg":"self"},"fallback":"builtins.function","from_concatenate":false,"implicit":false,"imprecise_arg_kinds":false,"is_ellipsis_args":false,"name":"tm_min of struct_time","ret_type":"builtins.int","type_guard":null,"type_is":null,"unpack_kwargs":false,"variables":[]}}}},"tm_mon":{".class":"SymbolTableNode","kind":"Mdef","node":{".class":"Decorator","func":{".class":"FuncDef","abstract_status":0,"arg_kinds":[0],"arg_names":["self"],"dataclass_transform_spec":null,"deprecated":null,"flags":["is_property","is_decorated"],"fullname":"time.struct_time.tm_mon","name":"tm_mon","type":{".class":"CallableType","arg_kinds":[0],"arg_names":["self"],"arg_types":[{".class":"TupleType","implicit":false,"items":["builtins.int","builtins.int","builtins.int","builtins.int","builtins.int","builtins.int","builtins.int","builtins.int","builtins.int"],"partial_fallback":"time.struct_time"}],"bound_args":[],"def_extras":{"first_arg":"self"},"fallback":"builtins.function","from_concatenate":false,"implicit":false,"imprecise_arg_kinds":false,"is_ellipsis_args":false,"name":"tm_mon of struct_time","ret_type":"builtins.int","type_guard":null,"type_is":null,"unpack_kwargs":false,"variables":[]}},"is_overload":false,"var":{".class":"Var","flags":["is_initialized_in_class","is_property","is_ready","is_inferred"],"fullname":"time.struct_time.tm_mon","name":"tm_mon","type":{".class":"CallableType","arg_kinds":[0],"arg_names":["self"],"arg_types":[{".class":"TupleType","implicit":false,"items":["builtins.int","builtins.int","builtins.int","builtins.int","builtins.int","builtins.int","builtins.int","builtins.int","builtins.int"],"partial_fallback":"time.struct_time"}],"bound_args":[],"def_extras":{"first_arg":"self"},"fallback":"builtins.function","from_concatenate":false,"implicit":false,"imprecise_arg_kinds":false,"is_ellipsis_args":false,"name":"tm_mon of struct_time","ret_type":"builtins.int","type_guard":null,"type_is":null,"unpack_kwargs":false,"variables":[]}}}},"tm_sec":{".class":"SymbolTableNode","kind":"Mdef","node":{".class":"Decorator","func":{".class":"FuncDef","abstract_status":0,"arg_kinds":[0],"arg_names":["self"],"dataclass_transform_spec":null,"deprecated":null,"flags":["is_property","is_decorated"],"fullname":"time.struct_time.tm_sec","name":"tm_sec","type":{".class":"CallableType","arg_kinds":[0],"arg_names":["self"],"arg_types":[{".class":"TupleType","implicit":false,"items":["builtins.int","builtins.int","builtins.int","builtins.int","builtins.int","builtins.int","builtins.int","builtins.int","builtins.int"],"partial_fallback":"time.struct_time"}],"bound_args":[],"def_extras":{"first_arg":"self"},"fallback":"builtins.function","from_concatenate":false,"implicit":false,"imprecise_arg_kinds":false,"is_ellipsis_args":false,"name":"tm_sec of struct_time","ret_type":"builtins.int","type_guard":null,"type_is":null,"unpack_kwargs":false,"variables":[]}},"is_overload":false,"var":{".class":"Var","flags":["is_initialized_in_class","is_property","is_ready","is_inferred"],"fullname":"time.struct_time.tm_sec","name":"tm_sec","type":{".class":"CallableType","arg_kinds":[0],"arg_names":["self"],"arg_types":[{".class":"TupleType","implicit":false,"items":["builtins.int","builtins.int","builtins.int","builtins.int","builtins.int","builtins.int","builtins.int","builtins.int","builtins.int"],"partial_fallback":"time.struct_time"}],"bound_args":[],"def_extras":{"first_arg":"self"},"fallback":"builtins.function","from_concatenate":false,"implicit":false,"imprecise_arg_kinds":false,"is_ellipsis_args":false,"name":"tm_sec of struct_time","ret_type":"builtins.int","type_guard":null,"type_is":null,"unpack_kwargs":false,"variables":[]}}}},"tm_wday":{".class":"SymbolTableNode","kind":"Mdef","node":{".class":"Decorator","func":{".class":"FuncDef","abstract_status":0,"arg_kinds":[0],"arg_names":["self"],"dataclass_transform_spec":null,"deprecated":null,"flags":["is_property","is_decorated"],"fullname":"time.struct_time.tm_wday","name":"tm_wday","type":{".class":"CallableType","arg_kinds":[0],"arg_names":["self"],"arg_types":[{".class":"TupleType","implicit":false,"items":["builtins.int","builtins.int","builtins.int","builtins.int","builtins.int","builtins.int","builtins.int","builtins.int","builtins.int"],"partial_fallback":"time.struct_time"}],"bound_args":[],"def_extras":{"first_arg":"self"},"fallback":"builtins.function","from_concatenate":false,"implicit":false,"imprecise_arg_kinds":false,"is_ellipsis_args":false,"name":"tm_wday of struct_time","ret_type":"builtins.int","type_guard":null,"type_is":null,"unpack_kwargs":false,"variables":[]}},"is_overload":false,"var":{".class":"Var","flags":["is_initialized_in_class","is_property","is_ready","is_inferred"],"fullname":"time.struct_time.tm_wday","name":"tm_wday","type":{".class":"CallableType","arg_kinds":[0],"arg_names":["self"],"arg_types":[{".class":"TupleType","implicit":false,"items":["builtins.int","builtins.int","builtins.int","builtins.int","builtins.int","builtins.int","builtins.int","builtins.int","builtins.int"],"partial_fallback":"time.struct_time"}],"bound_args":[],"def_extras":{"first_arg":"self"},"fallback":"builtins.function","from_concatenate":false,"implicit":false,"imprecise_arg_kinds":false,"is_ellipsis_args":false,"name":"tm_wday of struct_time","ret_type":"builtins.int","type_guard":null,"type_is":null,"unpack_kwargs":false,"variables":[]}}}},"tm_yday":{".class":"SymbolTableNode","kind":"Mdef","node":{".class":"Decorator","func":{".class":"FuncDef","abstract_status":0,"arg_kinds":[0],"arg_names":["self"],"dataclass_transform_spec":null,"deprecated":null,"flags":["is_property","is_decorated"],"fullname":"time.struct_time.tm_yday","name":"tm_yday","type":{".class":"CallableType","arg_kinds":[0],"arg_names":["self"],"arg_types":[{".class":"TupleType","implicit":false,"items":["builtins.int","builtins.int","builtins.int","builtins.int","builtins.int","builtins.int","builtins.int","builtins.int","builtins.int"],"partial_fallback":"time.struct_time"}],"bound_args":[],"def_extras":{"first_arg":"self"},"fallback":"builtins.function","from_concatenate":false,"implicit":false,"imprecise_arg_kinds":false,"is_ellipsis_args":false,"name":"tm_yday of struct_time","ret_type":"builtins.int","type_guard":null,"type_is":null,"unpack_kwargs":false,"variables":[]}},"is_overload":false,"var":{".class":"Var","flags":["is_initialized_in_class","is_property","is_ready","is_inferred"],"fullname":"time.struct_time.tm_yday","name":"tm_yday","type":{".class":"CallableType","arg_kinds":[0],"arg_names":["self"],"arg_types":[{".class":"TupleType","implicit":false,"items":["builtins.int","builtins.int","builtins.int","builtins.int","builtins.int","builtins.int","builtins.int","builtins.int","builtins.int"],"partial_fallback":"time.struct_time"}],"bound_args":[],"def_extras":{"first_arg":"self"},"fallback":"builtins.function","from_concatenate":false,"implicit":false,"imprecise_arg_kinds":false,"is_ellipsis_args":false,"name":"tm_yday of struct_time","ret_type":"builtins.int","type_guard":null,"type_is":null,"unpack_kwargs":false,"variables":[]}}}},"tm_year":{".class":"SymbolTableNode","kind":"Mdef","node":{".class":"Decorator","func":{".class":"FuncDef","abstract_status":0,"arg_kinds":[0],"arg_names":["self"],"dataclass_transform_spec":null,"deprecated":null,"flags":["is_property","is_decorated"],"fullname":"time.struct_time.tm_year","name":"tm_year","type":{".class":"CallableType","arg_kinds":[0],"arg_names":["self"],"arg_types":[{".class":"TupleType","implicit":false,"items":["builtins.int","builtins.int","builtins.int","builtins.int","builtins.int","builtins.int","builtins.int","builtins.int","builtins.int"],"partial_fallback":"time.struct_time"}],"bound_args":[],"def_extras":{"first_arg":"self"},"fallback":"builtins.function","from_concatenate":false,"implicit":false,"imprecise_arg_kinds":false,"is_ellipsis_args":false,"name":"tm_year of struct_time","ret_type":"builtins.int","type_guard":null,"type_is":null,"unpack_kwargs":false,"variables":[]}},"is_overload":false,"var":{".class":"Var","flags":["is_initialized_in_class","is_property","is_ready","is_inferred"],"fullname":"time.struct_time.tm_year","name":"tm_year","type":{".class":"CallableType","arg_kinds":[0],"arg_names":["self"],"arg_types":[{".class":"TupleType","implicit":false,"items":["builtins.int","builtins.int","builtins.int","builtins.int","builtins.int","builtins.int","builtins.int","builtins.int","builtins.int"],"partial_fallback":"time.struct_time"}],"bound_args":[],"def_extras":{"first_arg":"self"},"fallback":"builtins.function","from_concatenate":false,"implicit":false,"imprecise_arg_kinds":false,"is_ellipsis_args":false,"name":"tm_year of struct_time","ret_type":"builtins.int","type_guard":null,"type_is":null,"unpack_kwargs":false,"variables":[]}}}},"tm_zone":{".class":"SymbolTableNode","kind":"Mdef","node":{".class":"Decorator","func":{".class":"FuncDef","abstract_status":0,"arg_kinds":[0],"arg_names":["self"],"dataclass_transform_spec":null,"deprecated":null,"flags":["is_property","is_decorated"],"fullname":"time.struct_time.tm_zone","name":"tm_zone","type":{".class":"CallableType","arg_kinds":[0],"arg_names":["self"],"arg_types":[{".class":"TupleType","implicit":false,"items":["builtins.int","builtins.int","builtins.int","builtins.int","builtins.int","builtins.int","builtins.int","builtins.int","builtins.int"],"partial_fallback":"time.struct_time"}],"bound_args":[],"def_extras":{"first_arg":"self"},"fallback":"builtins.function","from_concatenate":false,"implicit":false,"imprecise_arg_kinds":false,"is_ellipsis_args":false,"name":"tm_zone of struct_time","ret_type":"builtins.str","type_guard":null,"type_is":null,"unpack_kwargs":false,"variables":[]}},"is_overload":false,"var":{".class":"Var","flags":["is_initialized_in_class","is_property","is_ready","is_inferred"],"fullname":"time.struct_time.tm_zone","name":"tm_zone","type":{".class":"CallableType","arg_kinds":[0],"arg_names":["self"],"arg_types":[{".class":"TupleType","implicit":false,"items":["builtins.int","builtins.int","builtins.int","builtins.int","builtins.int","builtins.int","builtins.int","builtins.int","builtins.int"],"partial_fallback":"time.struct_time"}],"bound_args":[],"def_extras":{"first_arg":"self"},"fallback":"builtins.function","from_concatenate":false,"implicit":false,"imprecise_arg_kinds":false,"is_ellipsis_args":false,"name":"tm_zone of struct_time","ret_type":"builtins.str","type_guard":null,"type_is":null,"unpack_kwargs":false,"variables":[]}}}}},"self_type":{".class":"TypeVarType","default":{".class":"AnyType","missing_import_name":null,"source_any":null,"type_of_any":4},"fullname":"time.struct_time.Self","id":0,"name":"Self","namespace":"","upper_bound":{".class":"TupleType","implicit":false,"items":["builtins.int","builtins.int","builtins.int","builtins.int","builtins.int","builtins.int","builtins.int","builtins.int","builtins.int"],"partial_fallback":"time.struct_time"},"values":[],"variance":0},"slots":null,"tuple_type":{".class":"TupleType","implicit":false,"items":["builtins.int","builtins.int","builtins.int","builtins.int","builtins.int","builtins.int","builtins.int","builtins.int","builtins.int"],"partial_fallback":{".class":"Instance","args":["builtins.int"],"extra_attrs":null,"type_ref":"builtins.tuple"}},"type_vars":[],"typeddict_type":null}},"structseq":{".class":"SymbolTableNode","cross_ref":"_typeshed.structseq","kind":"Gdef","module_hidden":true,"module_public":false},"sys":{".class":"SymbolTableNode","cross_ref":"sys","kind":"Gdef","module_hidden":true,"module_public":false},"thread_time":{".class":"SymbolTableNode","kind":"Gdef","node":{".class":"FuncDef","abstract_status":0,"arg_kinds":[],"arg_names":[],"dataclass_transform_spec":null,"deprecated":null,"flags":[],"fullname":"time.thread_time","name":"thread_time","type":{".class":"CallableType","arg_kinds":[],"arg_names":[],"arg_types":[],"bound_args":[],"def_extras":{"first_arg":null},"fallback":"builtins.function","from_concatenate":false,"implicit":false,"imprecise_arg_kinds":false,"is_ellipsis_args":false,"name":"thread_time","ret_type":"builtins.float","type_guard":null,"type_is":null,"unpack_kwargs":false,"variables":[]}}},"thread_time_ns":{".class":"SymbolTableNode","kind":"Gdef","node":{".class":"FuncDef","abstract_status":0,"arg_kinds":[],"arg_names":[],"dataclass_transform_spec":null,"deprecated":null,"flags":[],"fullname":"time.thread_time_ns","name":"thread_time_ns","type":{".class":"CallableType","arg_kinds":[],"arg_names":[],"arg_types":[],"bound_args":[],"def_extras":{"first_arg":null},"fallback":"builtins.function","from_concatenate":false,"implicit":false,"imprecise_arg_kinds":false,"is_ellipsis_args":false,"name":"thread_time_ns","ret_type":"builtins.int","type_guard":null,"type_is":null,"unpack_kwargs":false,"variables":[]}}},"time":{".class":"SymbolTableNode","kind":"Gdef","node":{".class":"FuncDef","abstract_status":0,"arg_kinds":[],"arg_names":[],"dataclass_transform_spec":null,"deprecated":null,"flags":[],"fullname":"time.time","name":"time","type":{".class":"CallableType","arg_kinds":[],"arg_names":[],"arg_types":[],"bound_args":[],"def_extras":{"first_arg":null},"fallback":"builtins.function","from_concatenate":false,"implicit":false,"imprecise_arg_kinds":false,"is_ellipsis_args":false,"name":"time","ret_type":"builtins.float","type_guard":null,"type_is":null,"unpack_kwargs":false,"variables":[]}}},"time_ns":{".class":"SymbolTableNode","kind":"Gdef","node":{".class":"FuncDef","abstract_status":0,"arg_kinds":[],"arg_names":[],"dataclass_transform_spec":null,"deprecated":null,"flags":[],"fullname":"time.time_ns","name":"time_ns","type":{".class":"CallableType","arg_kinds":[],"arg_names":[],"arg_types":[],"bound_args":[],"def_extras":{"first_arg":null},"fallback":"builtins.function","from_concatenate":false,"implicit":false,"imprecise_arg_kinds":false,"is_ellipsis_args":false,"name":"time_ns","ret_type":"builtins.int","type_guard":null,"type_is":null,"unpack_kwargs":false,"variables":[]}}},"timezone":{".class":"SymbolTableNode","kind":"Gdef","node":{".class":"Var","flags":["is_ready"],"fullname":"time.timezone","name":"timezone","type":"builtins.int"}},"tzname":{".class":"SymbolTableNode","kind":"Gdef","node":{".class":"Var","flags":["is_ready"],"fullname":"time.tzname","name":"tzname","type":{".class":"TupleType","implicit":false,"items":["builtins.str","builtins.str"],"partial_fallback":{".class":"Instance","args":[{".class":"AnyType","missing_import_name":null,"source_any":null,"type_of_any":6}],"extra_attrs":null,"type_ref":"builtins.tuple"}}}}},"path":"c:\\Users\\xinan\\.vscode\\extensions\\ms-python.mypy-type-checker-2025.2.0\\bundled\\libs\\mypy\\typeshed\\stdlib\\time.pyi"}