{".class":"MypyFile","_fullname":"Turtle Graphics","future_import_flags":[],"is_partial_stub_package":false,"is_stub":false,"names":{".class":"SymbolTable","TurtleDraw":{".class":"SymbolTableNode","kind":"Gdef","node":{".class":"TypeInfo","_promote":[],"abstract_attributes":[],"alt_promote":null,"bases":["builtins.object"],"dataclass_transform_spec":null,"declared_metaclass":null,"defn":{".class":"ClassDef","fullname":"Turtle Graphics.TurtleDraw","name":"TurtleDraw","type_vars":[]},"deletable_attributes":[],"deprecated":null,"flags":[],"fullname":"Turtle Graphics.TurtleDraw","has_param_spec_type":false,"metaclass_type":null,"metadata":{},"module_name":"Turtle Graphics","mro":["Turtle Graphics.TurtleDraw","builtins.object"],"names":{".class":"SymbolTable","HexagonPentagon":{".class":"SymbolTableNode","kind":"Mdef","node":{".class":"FuncDef","abstract_status":0,"arg_kinds":[0,0],"arg_names":["self","length"],"dataclass_transform_spec":null,"deprecated":null,"flags":[],"fullname":"Turtle Graphics.TurtleDraw.HexagonPentagon","name":"HexagonPentagon","type":null}},"OctagonHeptagon":{".class":"SymbolTableNode","kind":"Mdef","node":{".class":"FuncDef","abstract_status":0,"arg_kinds":[0,0],"arg_names":["self","length"],"dataclass_transform_spec":null,"deprecated":null,"flags":[],"fullname":"Turtle Graphics.TurtleDraw.OctagonHeptagon","name":"OctagonHeptagon","type":null}},"PToGoLISCENSE":{".class":"SymbolTableNode","kind":"Mdef","node":{".class":"FuncDef","abstract_status":0,"arg_kinds":[0],"arg_names":["self"],"dataclass_transform_spec":null,"deprecated":null,"flags":[],"fullname":"Turtle Graphics.TurtleDraw.PToGoLISCENSE","name":"PToGoLISCENSE","type":null}},"RandomNonPolygon":{".class":"SymbolTableNode","kind":"Mdef","node":{".class":"FuncDef","abstract_status":0,"arg_kinds":[0],"arg_names":["self"],"dataclass_transform_spec":null,"deprecated":null,"flags":[],"fullname":"Turtle Graphics.TurtleDraw.RandomNonPolygon","name":"RandomNonPolygon","type":null}},"RandomRectangle":{".class":"SymbolTableNode","kind":"Mdef","node":{".class":"FuncDef","abstract_status":0,"arg_kinds":[0,0],"arg_names":["self","amount"],"dataclass_transform_spec":null,"deprecated":null,"flags":[],"fullname":"Turtle Graphics.TurtleDraw.RandomRectangle","name":"RandomRectangle","type":null}},"TriangeSquare":{".class":"SymbolTableNode","kind":"Mdef","node":{".class":"FuncDef","abstract_status":0,"arg_kinds":[0,0],"arg_names":["self","length"],"dataclass_transform_spec":null,"deprecated":null,"flags":[],"fullname":"Turtle Graphics.TurtleDraw.TriangeSquare","name":"TriangeSquare","type":null}},"aboutFunctions":{".class":"SymbolTableNode","kind":"Mdef","node":{".class":"FuncDef","abstract_status":0,"arg_kinds":[0,0],"arg_names":["self","function"],"dataclass_transform_spec":null,"deprecated":null,"flags":[],"fullname":"Turtle Graphics.TurtleDraw.aboutFunctions","name":"aboutFunctions","type":null}},"clearCanvas":{".class":"SymbolTableNode","kind":"Mdef","node":{".class":"FuncDef","abstract_status":0,"arg_kinds":[0],"arg_names":["self"],"dataclass_transform_spec":null,"deprecated":null,"flags":[],"fullname":"Turtle Graphics.TurtleDraw.clearCanvas","name":"clearCanvas","type":null}},"combinationDraw":{".class":"SymbolTableNode","kind":"Mdef","node":{".class":"FuncDef","abstract_status":0,"arg_kinds":[0],"arg_names":["self"],"dataclass_transform_spec":null,"deprecated":null,"flags":[],"fullname":"Turtle Graphics.TurtleDraw.combinationDraw","name":"combinationDraw","type":null}},"drawCircle":{".class":"SymbolTableNode","kind":"Mdef","node":{".class":"FuncDef","abstract_status":0,"arg_kinds":[0,0,0],"arg_names":["self","radius","fill"],"dataclass_transform_spec":null,"deprecated":null,"flags":[],"fullname":"Turtle Graphics.TurtleDraw.drawCircle","name":"drawCircle","type":null}},"drawHeptagon":{".class":"SymbolTableNode","kind":"Mdef","node":{".class":"FuncDef","abstract_status":0,"arg_kinds":[0,0],"arg_names":["self","length"],"dataclass_transform_spec":null,"deprecated":null,"flags":[],"fullname":"Turtle Graphics.TurtleDraw.drawHeptagon","name":"drawHeptagon","type":null}},"drawHexagon":{".class":"SymbolTableNode","kind":"Mdef","node":{".class":"FuncDef","abstract_status":0,"arg_kinds":[0,0],"arg_names":["self","length"],"dataclass_transform_spec":null,"deprecated":null,"flags":[],"fullname":"Turtle Graphics.TurtleDraw.drawHexagon","name":"drawHexagon","type":null}},"drawLineBK":{".class":"SymbolTableNode","kind":"Mdef","node":{".class":"FuncDef","abstract_status":0,"arg_kinds":[0,0,0],"arg_names":["self","angle","length"],"dataclass_transform_spec":null,"deprecated":null,"flags":[],"fullname":"Turtle Graphics.TurtleDraw.drawLineBK","name":"drawLineBK","type":null}},"drawLineFD":{".class":"SymbolTableNode","kind":"Mdef","node":{".class":"FuncDef","abstract_status":0,"arg_kinds":[0,0,0],"arg_names":["self","angle","length"],"dataclass_transform_spec":null,"deprecated":null,"flags":[],"fullname":"Turtle Graphics.TurtleDraw.drawLineFD","name":"drawLineFD","type":null}},"drawNonPolygon":{".class":"SymbolTableNode","kind":"Mdef","node":{".class":"FuncDef","abstract_status":0,"arg_kinds":[0,0,0,0],"arg_names":["self","sides","length","missing"],"dataclass_transform_spec":null,"deprecated":null,"flags":[],"fullname":"Turtle Graphics.TurtleDraw.drawNonPolygon","name":"drawNonPolygon","type":null}},"drawOctagon":{".class":"SymbolTableNode","kind":"Mdef","node":{".class":"FuncDef","abstract_status":0,"arg_kinds":[0,0],"arg_names":["self","length"],"dataclass_transform_spec":null,"deprecated":null,"flags":[],"fullname":"Turtle Graphics.TurtleDraw.drawOctagon","name":"drawOctagon","type":null}},"drawPentagon":{".class":"SymbolTableNode","kind":"Mdef","node":{".class":"FuncDef","abstract_status":0,"arg_kinds":[0,0],"arg_names":["self","length"],"dataclass_transform_spec":null,"deprecated":null,"flags":[],"fullname":"Turtle Graphics.TurtleDraw.drawPentagon","name":"drawPentagon","type":null}},"drawPolygon":{".class":"SymbolTableNode","kind":"Mdef","node":{".class":"FuncDef","abstract_status":0,"arg_kinds":[0,0,0,0],"arg_names":["self","length","sides","fill"],"dataclass_transform_spec":null,"deprecated":null,"flags":[],"fullname":"Turtle Graphics.TurtleDraw.drawPolygon","name":"drawPolygon","type":null}},"drawRectangle":{".class":"SymbolTableNode","kind":"Mdef","node":{".class":"FuncDef","abstract_status":0,"arg_kinds":[0,0,0,0],"arg_names":["self","side1","side2","fill"],"dataclass_transform_spec":null,"deprecated":null,"flags":[],"fullname":"Turtle Graphics.TurtleDraw.drawRectangle","name":"drawRectangle","type":null}},"drawSquare":{".class":"SymbolTableNode","kind":"Mdef","node":{".class":"FuncDef","abstract_status":0,"arg_kinds":[0,0],"arg_names":["self","length"],"dataclass_transform_spec":null,"deprecated":null,"flags":[],"fullname":"Turtle Graphics.TurtleDraw.drawSquare","name":"drawSquare","type":null}},"drawStar":{".class":"SymbolTableNode","kind":"Mdef","node":{".class":"FuncDef","abstract_status":0,"arg_kinds":[0,0,0,0],"arg_names":["self","points","length","filled"],"dataclass_transform_spec":null,"deprecated":null,"flags":[],"fullname":"Turtle Graphics.TurtleDraw.drawStar","name":"drawStar","type":null}},"drawStarCircle":{".class":"SymbolTableNode","kind":"Mdef","node":{".class":"FuncDef","abstract_status":0,"arg_kinds":[0,0,0,0],"arg_names":["self","radius","density","fill"],"dataclass_transform_spec":null,"deprecated":null,"flags":[],"fullname":"Turtle Graphics.TurtleDraw.drawStarCircle","name":"drawStarCircle","type":null}},"drawTriangle":{".class":"SymbolTableNode","kind":"Mdef","node":{".class":"FuncDef","abstract_status":0,"arg_kinds":[0,0],"arg_names":["self","length"],"dataclass_transform_spec":null,"deprecated":null,"flags":[],"fullname":"Turtle Graphics.TurtleDraw.drawTriangle","name":"drawTriangle","type":null}},"drawWave":{".class":"SymbolTableNode","kind":"Mdef","node":{".class":"FuncDef","abstract_status":0,"arg_kinds":[0,0,0],"arg_names":["self","density","frequency"],"dataclass_transform_spec":null,"deprecated":null,"flags":[],"fullname":"Turtle Graphics.TurtleDraw.drawWave","name":"drawWave","type":null}},"import_":{".class":"SymbolTableNode","kind":"Mdef","node":{".class":"FuncDef","abstract_status":0,"arg_kinds":[0],"arg_names":["self"],"dataclass_transform_spec":null,"deprecated":null,"flags":[],"fullname":"Turtle Graphics.TurtleDraw.import_","name":"import_","type":null}},"penColor":{".class":"SymbolTableNode","kind":"Mdef","node":{".class":"FuncDef","abstract_status":0,"arg_kinds":[0,0,0,0,0],"arg_names":["self","r","g","b","random"],"dataclass_transform_spec":null,"deprecated":null,"flags":[],"fullname":"Turtle Graphics.TurtleDraw.penColor","name":"penColor","type":null}},"randomLine":{".class":"SymbolTableNode","kind":"Mdef","node":{".class":"FuncDef","abstract_status":0,"arg_kinds":[0,0],"arg_names":["self","lines"],"dataclass_transform_spec":null,"deprecated":null,"flags":[],"fullname":"Turtle Graphics.TurtleDraw.randomLine","name":"randomLine","type":null}},"selfPos":{".class":"SymbolTableNode","kind":"Mdef","node":{".class":"FuncDef","abstract_status":0,"arg_kinds":[0],"arg_names":["self"],"dataclass_transform_spec":null,"deprecated":null,"flags":[],"fullname":"Turtle Graphics.TurtleDraw.selfPos","name":"selfPos","type":null}}},"self_type":{".class":"TypeVarType","default":{".class":"AnyType","missing_import_name":null,"source_any":null,"type_of_any":4},"fullname":"Turtle Graphics.TurtleDraw.Self","id":0,"name":"Self","namespace":"","upper_bound":"Turtle Graphics.TurtleDraw","values":[],"variance":0},"slots":null,"tuple_type":null,"type_vars":[],"typeddict_type":null}},"__annotations__":{".class":"SymbolTableNode","kind":"Gdef","node":{".class":"Var","flags":["is_ready"],"fullname":"Turtle Graphics.__annotations__","name":"__annotations__","type":{".class":"Instance","args":["builtins.str",{".class":"AnyType","missing_import_name":null,"source_any":null,"type_of_any":6}],"extra_attrs":null,"type_ref":"builtins.dict"}}},"__doc__":{".class":"SymbolTableNode","kind":"Gdef","node":{".class":"Var","flags":["is_ready"],"fullname":"Turtle Graphics.__doc__","name":"__doc__","type":"builtins.str"}},"__file__":{".class":"SymbolTableNode","kind":"Gdef","node":{".class":"Var","flags":["is_ready"],"fullname":"Turtle Graphics.__file__","name":"__file__","type":"builtins.str"}},"__name__":{".class":"SymbolTableNode","kind":"Gdef","node":{".class":"Var","flags":["is_ready"],"fullname":"Turtle Graphics.__name__","name":"__name__","type":"builtins.str"}},"__package__":{".class":"SymbolTableNode","kind":"Gdef","node":{".class":"Var","flags":["is_ready"],"fullname":"Turtle Graphics.__package__","name":"__package__","type":"builtins.str"}},"__spec__":{".class":"SymbolTableNode","kind":"Gdef","node":{".class":"Var","flags":["is_ready"],"fullname":"Turtle Graphics.__spec__","name":"__spec__","type":"_frozen_importlib.ModuleSpec"}},"e":{".class":"SymbolTableNode","kind":"Gdef","node":{".class":"Var","flags":["is_inferred"],"fullname":"Turtle Graphics.e","name":"e","type":{".class":"DeletedType","source":"e"}}},"randint":{".class":"SymbolTableNode","cross_ref":"random.randint","kind":"Gdef"},"sure":{".class":"SymbolTableNode","kind":"Gdef","node":{".class":"Var","flags":["is_inferred","has_explicit_value"],"fullname":"Turtle Graphics.sure","name":"sure","type":"builtins.str"}},"t1":{".class":"SymbolTableNode","kind":"Gdef","node":{".class":"Var","flags":["is_inferred","has_explicit_value"],"fullname":"Turtle Graphics.t1","name":"t1","type":"builtins.float"}},"t2":{".class":"SymbolTableNode","kind":"Gdef","node":{".class":"Var","flags":["is_inferred","has_explicit_value"],"fullname":"Turtle Graphics.t2","name":"t2","type":"builtins.float"}},"time":{".class":"SymbolTableNode","cross_ref":"time","kind":"Gdef"},"turtle":{".class":"SymbolTableNode","kind":"Gdef","node":{".class":"Var","flags":["is_inferred","has_explicit_value"],"fullname":"Turtle Graphics.turtle","name":"turtle","type":"Turtle Graphics.TurtleDraw"}},"turtledraw":{".class":"SymbolTableNode","kind":"Gdef","node":{".class":"Var","flags":["is_inferred","has_explicit_value"],"fullname":"Turtle Graphics.turtledraw","name":"turtledraw","type":"builtins.str"}}},"path":"D:\\Nan\\CODE\\Turtle Graphics.py"}