{"data_mtime":1759099735,"dep_lines":[2,3,6,1,1,1,1,1,1,1],"dep_prios":[10,5,20,5,30,30,30,30,30,30],"dependencies":["time","random","turtle","builtins","_collections_abc","_frozen_importlib","_typeshed","abc","types","typing"],"hash":"55939cf155765638e2552d66f747e398e78a891f","id":"Turtle Graphics","ignore_all":false,"interface_hash":"569132758ed4841b58983ea387a4421dea031c0f","mtime":1759099733,"options":{"allow_redefinition":false,"allow_untyped_globals":false,"always_false":[],"always_true":[],"bazel":false,"check_untyped_defs":false,"disable_bytearray_promotion":false,"disable_error_code":[],"disable_memoryview_promotion":false,"disabled_error_codes":[],"disallow_any_decorated":false,"disallow_any_explicit":false,"disallow_any_expr":false,"disallow_any_generics":false,"disallow_any_unimported":false,"disallow_incomplete_defs":false,"disallow_subclassing_any":false,"disallow_untyped_calls":false,"disallow_untyped_decorators":false,"disallow_untyped_defs":false,"enable_error_code":[],"enabled_error_codes":[],"extra_checks":false,"follow_imports":"normal","follow_imports_for_stubs":false,"follow_untyped_imports":false,"ignore_errors":false,"ignore_missing_imports":false,"implicit_optional":false,"implicit_reexport":true,"local_partial_types":false,"mypyc":false,"old_type_inference":false,"platform":"win32","plugins":[],"strict_bytes":false,"strict_concatenate":false,"strict_equality":false,"strict_optional":true,"warn_no_return":true,"warn_return_any":false,"warn_unreachable":false,"warn_unused_ignores":false},"path":"D:\\Nan\\CODE\\Turtle Graphics.py","plugin_data":null,"size":10046,"suppressed":[],"version_id":"1.15.0"}