{"data_mtime":1759099338,"dep_lines":[3,4,17,1,2,20,21,663,1,1,1],"dep_prios":[5,5,5,10,5,5,5,5,30,30,30],"dependencies":["_typeshed.importlib","collections.abc","importlib.machinery","sys","_typeshed","typing","typing_extensions","builtins","_frozen_importlib","abc","warnings"],"hash":"ee4ded2c420ddf7b9278d6721987e28f3bd5c89d","id":"types","ignore_all":true,"interface_hash":"b90d019af3c35e10f11838b3ce570ef598dac655","mtime":1758677622,"options":{"allow_redefinition":false,"allow_untyped_globals":false,"always_false":[],"always_true":[],"bazel":false,"check_untyped_defs":false,"disable_bytearray_promotion":false,"disable_error_code":[],"disable_memoryview_promotion":false,"disabled_error_codes":[],"disallow_any_decorated":false,"disallow_any_explicit":false,"disallow_any_expr":false,"disallow_any_generics":false,"disallow_any_unimported":false,"disallow_incomplete_defs":false,"disallow_subclassing_any":false,"disallow_untyped_calls":false,"disallow_untyped_decorators":false,"disallow_untyped_defs":false,"enable_error_code":[],"enabled_error_codes":[],"extra_checks":false,"follow_imports":"normal","follow_imports_for_stubs":false,"follow_untyped_imports":false,"ignore_errors":false,"ignore_missing_imports":false,"implicit_optional":false,"implicit_reexport":true,"local_partial_types":false,"mypyc":false,"old_type_inference":false,"platform":"win32","plugins":[],"strict_bytes":false,"strict_concatenate":false,"strict_equality":false,"strict_optional":true,"warn_no_return":true,"warn_return_any":false,"warn_unreachable":false,"warn_unused_ignores":false},"path":"c:\\Users\\xinan\\.vscode\\extensions\\ms-python.mypy-type-checker-2025.2.0\\bundled\\libs\\mypy\\typeshed\\stdlib\\types.pyi","plugin_data":null,"size":22884,"suppressed":[],"version_id":"1.15.0"}