{".class":"MypyFile","_fullname":"typing_extensions","future_import_flags":[],"is_partial_stub_package":false,"is_stub":true,"names":{".class":"SymbolTable","AbstractSet":{".class":"SymbolTableNode","cross_ref":"typing.AbstractSet","kind":"Gdef"},"Annotated":{".class":"SymbolTableNode","kind":"Gdef","node":{".class":"Var","flags":["is_ready"],"fullname":"typing_extensions.Annotated","name":"Annotated","type":"typing_extensions._SpecialForm"}},"Any":{".class":"SymbolTableNode","cross_ref":"typing.Any","kind":"Gdef"},"AnyStr":{".class":"SymbolTableNode","cross_ref":"typing.AnyStr","kind":"Gdef"},"AsyncContextManager":{".class":"SymbolTableNode","cross_ref":"contextlib.AbstractAsyncContextManager","kind":"Gdef"},"AsyncGenerator":{".class":"SymbolTableNode","cross_ref":"typing.AsyncGenerator","kind":"Gdef"},"AsyncIterable":{".class":"SymbolTableNode","cross_ref":"typing.AsyncIterable","kind":"Gdef"},"AsyncIterator":{".class":"SymbolTableNode","cross_ref":"typing.AsyncIterator","kind":"Gdef"},"Awaitable":{".class":"SymbolTableNode","cross_ref":"typing.Awaitable","kind":"Gdef"},"BinaryIO":{".class":"SymbolTableNode","cross_ref":"typing.BinaryIO","kind":"Gdef"},"Buffer":{".class":"SymbolTableNode","cross_ref":"_collections_abc.Buffer","kind":"Gdef"},"Callable":{".class":"SymbolTableNode","cross_ref":"typing.Callable","kind":"Gdef"},"CapsuleType":{".class":"SymbolTableNode","cross_ref":"types.CapsuleType","kind":"Gdef"},"ChainMap":{".class":"SymbolTableNode","cross_ref":"typing.ChainMap","kind":"Gdef"},"ClassVar":{".class":"SymbolTableNode","cross_ref":"typing.ClassVar","kind":"Gdef"},"Collection":{".class":"SymbolTableNode","cross_ref":"typing.Collection","kind":"Gdef"},"Concatenate":{".class":"SymbolTableNode","cross_ref":"typing.Concatenate","kind":"Gdef"},"Container":{".class":"SymbolTableNode","cross_ref":"typing.Container","kind":"Gdef"},"ContextManager":{".class":"SymbolTableNode","cross_ref":"contextlib.AbstractContextManager","kind":"Gdef"},"Coroutine":{".class":"SymbolTableNode","cross_ref":"typing.Coroutine","kind":"Gdef"},"Counter":{".class":"SymbolTableNode","cross_ref":"typing.Counter","kind":"Gdef"},"DefaultDict":{".class":"SymbolTableNode","cross_ref":"typing.DefaultDict","kind":"Gdef"},"Deque":{".class":"SymbolTableNode","cross_ref":"typing.Deque","kind":"Gdef"},"Dict":{".class":"SymbolTableNode","cross_ref":"typing.Dict","kind":"Gdef"},"Doc":{".class":"SymbolTableNode","kind":"Gdef","node":{".class":"TypeInfo","_promote":[],"abstract_attributes":[],"alt_promote":null,"bases":["builtins.object"],"dataclass_transform_spec":null,"declared_metaclass":null,"defn":{".class":"ClassDef","fullname":"typing_extensions.Doc","name":"Doc","type_vars":[]},"deletable_attributes":[],"deprecated":null,"flags":[],"fullname":"typing_extensions.Doc","has_param_spec_type":false,"metaclass_type":null,"metadata":{},"module_name":"typing_extensions","mro":["typing_extensions.Doc","builtins.object"],"names":{".class":"SymbolTable","__eq__":{".class":"SymbolTableNode","kind":"Mdef","node":{".class":"FuncDef","abstract_status":0,"arg_kinds":[0,0],"arg_names":[null,null],"dataclass_transform_spec":null,"deprecated":null,"flags":[],"fullname":"typing_extensions.Doc.__eq__","name":"__eq__","type":{".class":"CallableType","arg_kinds":[0,0],"arg_names":[null,null],"arg_types":["typing_extensions.Doc","builtins.object"],"bound_args":[],"def_extras":{"first_arg":"self"},"fallback":"builtins.function","from_concatenate":false,"implicit":false,"imprecise_arg_kinds":false,"is_ellipsis_args":false,"name":"__eq__ of Doc","ret_type":"builtins.bool","type_guard":null,"type_is":null,"unpack_kwargs":false,"variables":[]}}},"__hash__":{".class":"SymbolTableNode","kind":"Mdef","node":{".class":"FuncDef","abstract_status":0,"arg_kinds":[0],"arg_names":["self"],"dataclass_transform_spec":null,"deprecated":null,"flags":[],"fullname":"typing_extensions.Doc.__hash__","name":"__hash__","type":{".class":"CallableType","arg_kinds":[0],"arg_names":["self"],"arg_types":["typing_extensions.Doc"],"bound_args":[],"def_extras":{"first_arg":"self"},"fallback":"builtins.function","from_concatenate":false,"implicit":false,"imprecise_arg_kinds":false,"is_ellipsis_args":false,"name":"__hash__ of Doc","ret_type":"builtins.int","type_guard":null,"type_is":null,"unpack_kwargs":false,"variables":[]}}},"__init__":{".class":"SymbolTableNode","kind":"Mdef","node":{".class":"FuncDef","abstract_status":0,"arg_kinds":[0,0],"arg_names":[null,null],"dataclass_transform_spec":null,"deprecated":null,"flags":[],"fullname":"typing_extensions.Doc.__init__","name":"__init__","type":{".class":"CallableType","arg_kinds":[0,0],"arg_names":[null,null],"arg_types":["typing_extensions.Doc","builtins.str"],"bound_args":[],"def_extras":{"first_arg":"self"},"fallback":"builtins.function","from_concatenate":false,"implicit":false,"imprecise_arg_kinds":false,"is_ellipsis_args":false,"name":"__init__ of Doc","ret_type":{".class":"NoneType"},"type_guard":null,"type_is":null,"unpack_kwargs":false,"variables":[]}}},"documentation":{".class":"SymbolTableNode","kind":"Mdef","node":{".class":"Var","flags":["is_initialized_in_class","is_ready"],"fullname":"typing_extensions.Doc.documentation","name":"documentation","type":"builtins.str"}}},"self_type":null,"slots":null,"tuple_type":null,"type_vars":[],"typeddict_type":null}},"Final":{".class":"SymbolTableNode","kind":"Gdef","node":{".class":"Var","flags":["is_ready"],"fullname":"typing_extensions.Final","name":"Final","type":"typing_extensions._SpecialForm"}},"ForwardRef":{".class":"SymbolTableNode","cross_ref":"typing.ForwardRef","kind":"Gdef"},"FrozenSet":{".class":"SymbolTableNode","cross_ref":"typing.FrozenSet","kind":"Gdef"},"Generator":{".class":"SymbolTableNode","cross_ref":"typing.Generator","kind":"Gdef"},"Generic":{".class":"SymbolTableNode","cross_ref":"typing.Generic","kind":"Gdef"},"GenericAlias":{".class":"SymbolTableNode","cross_ref":"types.GenericAlias","kind":"Gdef","module_hidden":true,"module_public":false},"Hashable":{".class":"SymbolTableNode","cross_ref":"typing.Hashable","kind":"Gdef"},"IO":{".class":"SymbolTableNode","cross_ref":"typing.IO","kind":"Gdef"},"IdentityFunction":{".class":"SymbolTableNode","cross_ref":"_typeshed.IdentityFunction","kind":"Gdef","module_hidden":true,"module_public":false},"IntVar":{".class":"SymbolTableNode","kind":"Gdef","node":{".class":"FuncDef","abstract_status":0,"arg_kinds":[0],"arg_names":["name"],"dataclass_transform_spec":null,"deprecated":null,"flags":[],"fullname":"typing_extensions.IntVar","name":"IntVar","type":{".class":"CallableType","arg_kinds":[0],"arg_names":["name"],"arg_types":["builtins.str"],"bound_args":[],"def_extras":{"first_arg":null},"fallback":"builtins.function","from_concatenate":false,"implicit":false,"imprecise_arg_kinds":false,"is_ellipsis_args":false,"name":"IntVar","ret_type":{".class":"AnyType","missing_import_name":null,"source_any":null,"type_of_any":2},"type_guard":null,"type_is":null,"unpack_kwargs":false,"variables":[]}}},"ItemsView":{".class":"SymbolTableNode","cross_ref":"typing.ItemsView","kind":"Gdef"},"Iterable":{".class":"SymbolTableNode","cross_ref":"typing.Iterable","kind":"Gdef"},"Iterator":{".class":"SymbolTableNode","cross_ref":"typing.Iterator","kind":"Gdef"},"KeysView":{".class":"SymbolTableNode","cross_ref":"typing.KeysView","kind":"Gdef"},"List":{".class":"SymbolTableNode","cross_ref":"typing.List","kind":"Gdef"},"Literal":{".class":"SymbolTableNode","kind":"Gdef","node":{".class":"Var","flags":["is_ready"],"fullname":"typing_extensions.Literal","name":"Literal","type":"typing_extensions._SpecialForm"}},"LiteralString":{".class":"SymbolTableNode","cross_ref":"typing.LiteralString","kind":"Gdef"},"Mapping":{".class":"SymbolTableNode","cross_ref":"typing.Mapping","kind":"Gdef"},"MappingView":{".class":"SymbolTableNode","cross_ref":"typing.MappingView","kind":"Gdef"},"Match":{".class":"SymbolTableNode","cross_ref":"re.Match","kind":"Gdef"},"MutableMapping":{".class":"SymbolTableNode","cross_ref":"typing.MutableMapping","kind":"Gdef"},"MutableSequence":{".class":"SymbolTableNode","cross_ref":"typing.MutableSequence","kind":"Gdef"},"MutableSet":{".class":"SymbolTableNode","cross_ref":"typing.MutableSet","kind":"Gdef"},"NamedTuple":{".class":"SymbolTableNode","cross_ref":"typing.NamedTuple","kind":"Gdef"},"Never":{".class":"SymbolTableNode","cross_ref":"typing.Never","kind":"Gdef"},"NewType":{".class":"SymbolTableNode","cross_ref":"typing.NewType","kind":"Gdef"},"NoDefault":{".class":"SymbolTableNode","cross_ref":"typing.NoDefault","kind":"Gdef"},"NoReturn":{".class":"SymbolTableNode","cross_ref":"typing.NoReturn","kind":"Gdef"},"NotRequired":{".class":"SymbolTableNode","cross_ref":"typing.NotRequired","kind":"Gdef"},"Optional":{".class":"SymbolTableNode","cross_ref":"typing.Optional","kind":"Gdef"},"OrderedDict":{".class":"SymbolTableNode","kind":"Gdef","node":{".class":"TypeAlias","alias_tvars":[],"column":-1,"fullname":"typing_extensions.OrderedDict","line":-1,"no_args":true,"normalized":true,"python_3_12_type_alias":false,"target":{".class":"Instance","args":[{".class":"AnyType","missing_import_name":null,"source_any":null,"type_of_any":4},{".class":"AnyType","missing_import_name":null,"source_any":null,"type_of_any":4}],"extra_attrs":null,"type_ref":"collections.OrderedDict"}}},"ParamSpec":{".class":"SymbolTableNode","cross_ref":"typing.ParamSpec","kind":"Gdef"},"ParamSpecArgs":{".class":"SymbolTableNode","cross_ref":"typing.ParamSpecArgs","kind":"Gdef"},"ParamSpecKwargs":{".class":"SymbolTableNode","cross_ref":"typing.ParamSpecKwargs","kind":"Gdef"},"Pattern":{".class":"SymbolTableNode","cross_ref":"re.Pattern","kind":"Gdef"},"Protocol":{".class":"SymbolTableNode","kind":"Gdef","node":{".class":"Var","flags":["is_ready"],"fullname":"typing_extensions.Protocol","name":"Protocol","type":"typing_extensions._SpecialForm"}},"ReadOnly":{".class":"SymbolTableNode","cross_ref":"typing.ReadOnly","kind":"Gdef"},"Required":{".class":"SymbolTableNode","cross_ref":"typing.Required","kind":"Gdef"},"Reversible":{".class":"SymbolTableNode","cross_ref":"typing.Reversible","kind":"Gdef"},"Self":{".class":"SymbolTableNode","cross_ref":"typing.Self","kind":"Gdef"},"Sequence":{".class":"SymbolTableNode","cross_ref":"typing.Sequence","kind":"Gdef"},"Set":{".class":"SymbolTableNode","cross_ref":"typing.Set","kind":"Gdef"},"Sized":{".class":"SymbolTableNode","cross_ref":"typing.Sized","kind":"Gdef"},"SupportsAbs":{".class":"SymbolTableNode","cross_ref":"typing.SupportsAbs","kind":"Gdef"},"SupportsBytes":{".class":"SymbolTableNode","cross_ref":"typing.SupportsBytes","kind":"Gdef"},"SupportsComplex":{".class":"SymbolTableNode","cross_ref":"typing.SupportsComplex","kind":"Gdef"},"SupportsFloat":{".class":"SymbolTableNode","cross_ref":"typing.SupportsFloat","kind":"Gdef"},"SupportsIndex":{".class":"SymbolTableNode","cross_ref":"typing.SupportsIndex","kind":"Gdef"},"SupportsInt":{".class":"SymbolTableNode","cross_ref":"typing.SupportsInt","kind":"Gdef"},"SupportsRound":{".class":"SymbolTableNode","cross_ref":"typing.SupportsRound","kind":"Gdef"},"TYPE_CHECKING":{".class":"SymbolTableNode","cross_ref":"typing.TYPE_CHECKING","kind":"Gdef"},"Text":{".class":"SymbolTableNode","cross_ref":"typing.Text","kind":"Gdef"},"TextIO":{".class":"SymbolTableNode","cross_ref":"typing.TextIO","kind":"Gdef"},"Tuple":{".class":"SymbolTableNode","cross_ref":"typing.Tuple","kind":"Gdef"},"Type":{".class":"SymbolTableNode","cross_ref":"typing.Type","kind":"Gdef"},"TypeAlias":{".class":"SymbolTableNode","cross_ref":"typing.TypeAlias","kind":"Gdef"},"TypeAliasType":{".class":"SymbolTableNode","cross_ref":"typing.TypeAliasType","kind":"Gdef"},"TypeGuard":{".class":"SymbolTableNode","cross_ref":"typing.TypeGuard","kind":"Gdef"},"TypeIs":{".class":"SymbolTableNode","cross_ref":"typing.TypeIs","kind":"Gdef"},"TypeVar":{".class":"SymbolTableNode","cross_ref":"typing.TypeVar","kind":"Gdef"},"TypeVarTuple":{".class":"SymbolTableNode","cross_ref":"typing.TypeVarTuple","kind":"Gdef"},"TypedDict":{".class":"SymbolTableNode","cross_ref":"typing.TypedDict","kind":"Gdef"},"Union":{".class":"SymbolTableNode","cross_ref":"typing.Union","kind":"Gdef"},"UnionType":{".class":"SymbolTableNode","cross_ref":"types.UnionType","kind":"Gdef","module_hidden":true,"module_public":false},"Unpack":{".class":"SymbolTableNode","cross_ref":"typing.Unpack","kind":"Gdef"},"ValuesView":{".class":"SymbolTableNode","cross_ref":"typing.ValuesView","kind":"Gdef"},"_Alias":{".class":"SymbolTableNode","cross_ref":"typing._Alias","kind":"Gdef","module_hidden":true,"module_public":false},"_AnnotatedAlias":{".class":"SymbolTableNode","kind":"Gdef","module_public":false,"node":{".class":"Var","flags":["is_ready"],"fullname":"typing_extensions._AnnotatedAlias","name":"_AnnotatedAlias","type":{".class":"AnyType","missing_import_name":null,"source_any":null,"type_of_any":2}}},"_F":{".class":"SymbolTableNode","kind":"Gdef","module_public":false,"node":{".class":"TypeVarExpr","default":{".class":"AnyType","missing_import_name":null,"source_any":null,"type_of_any":4},"fullname":"typing_extensions._F","name":"_F","upper_bound":{".class":"CallableType","arg_kinds":[2,4],"arg_names":[null,null],"arg_types":[{".class":"AnyType","missing_import_name":null,"source_any":null,"type_of_any":2},{".class":"AnyType","missing_import_name":null,"source_any":null,"type_of_any":2}],"bound_args":[],"def_extras":{},"fallback":"builtins.function","from_concatenate":false,"implicit":false,"imprecise_arg_kinds":false,"is_ellipsis_args":true,"name":null,"ret_type":{".class":"AnyType","missing_import_name":null,"source_any":null,"type_of_any":2},"type_guard":null,"type_is":null,"unpack_kwargs":false,"variables":[]},"values":[],"variance":0}},"_Final":{".class":"SymbolTableNode","kind":"Gdef","module_public":false,"node":{".class":"TypeInfo","_promote":[],"abstract_attributes":[],"alt_promote":null,"bases":["builtins.object"],"dataclass_transform_spec":null,"declared_metaclass":null,"defn":{".class":"ClassDef","fullname":"typing_extensions._Final","name":"_Final","type_vars":[]},"deletable_attributes":[],"deprecated":null,"flags":[],"fullname":"typing_extensions._Final","has_param_spec_type":false,"metaclass_type":null,"metadata":{},"module_name":"typing_extensions","mro":["typing_extensions._Final","builtins.object"],"names":{".class":"SymbolTable"},"self_type":null,"slots":null,"tuple_type":null,"type_vars":[],"typeddict_type":null}},"_SpecialForm":{".class":"SymbolTableNode","kind":"Gdef","module_public":false,"node":{".class":"TypeInfo","_promote":[],"abstract_attributes":[],"alt_promote":null,"bases":["typing_extensions._Final"],"dataclass_transform_spec":null,"declared_metaclass":null,"defn":{".class":"ClassDef","fullname":"typing_extensions._SpecialForm","name":"_SpecialForm","type_vars":[]},"deletable_attributes":[],"deprecated":null,"flags":[],"fullname":"typing_extensions._SpecialForm","has_param_spec_type":false,"metaclass_type":null,"metadata":{},"module_name":"typing_extensions","mro":["typing_extensions._SpecialForm","typing_extensions._Final","builtins.object"],"names":{".class":"SymbolTable","__getitem__":{".class":"SymbolTableNode","kind":"Mdef","node":{".class":"FuncDef","abstract_status":0,"arg_kinds":[0,0],"arg_names":[null,null],"dataclass_transform_spec":null,"deprecated":null,"flags":[],"fullname":"typing_extensions._SpecialForm.__getitem__","name":"__getitem__","type":{".class":"CallableType","arg_kinds":[0,0],"arg_names":[null,null],"arg_types":["typing_extensions._SpecialForm",{".class":"AnyType","missing_import_name":null,"source_any":null,"type_of_any":2}],"bound_args":[],"def_extras":{"first_arg":"self"},"fallback":"builtins.function","from_concatenate":false,"implicit":false,"imprecise_arg_kinds":false,"is_ellipsis_args":false,"name":"__getitem__ of _SpecialForm","ret_type":"builtins.object","type_guard":null,"type_is":null,"unpack_kwargs":false,"variables":[]}}},"__or__":{".class":"SymbolTableNode","kind":"Mdef","node":{".class":"FuncDef","abstract_status":0,"arg_kinds":[0,0],"arg_names":[null,null],"dataclass_transform_spec":null,"deprecated":null,"flags":[],"fullname":"typing_extensions._SpecialForm.__or__","name":"__or__","type":{".class":"CallableType","arg_kinds":[0,0],"arg_names":[null,null],"arg_types":["typing_extensions._SpecialForm",{".class":"AnyType","missing_import_name":null,"source_any":null,"type_of_any":2}],"bound_args":[],"def_extras":{"first_arg":"self"},"fallback":"builtins.function","from_concatenate":false,"implicit":false,"imprecise_arg_kinds":false,"is_ellipsis_args":false,"name":"__or__ of _SpecialForm","ret_type":"typing_extensions._SpecialForm","type_guard":null,"type_is":null,"unpack_kwargs":false,"variables":[]}}},"__ror__":{".class":"SymbolTableNode","kind":"Mdef","node":{".class":"FuncDef","abstract_status":0,"arg_kinds":[0,0],"arg_names":[null,null],"dataclass_transform_spec":null,"deprecated":null,"flags":[],"fullname":"typing_extensions._SpecialForm.__ror__","name":"__ror__","type":{".class":"CallableType","arg_kinds":[0,0],"arg_names":[null,null],"arg_types":["typing_extensions._SpecialForm",{".class":"AnyType","missing_import_name":null,"source_any":null,"type_of_any":2}],"bound_args":[],"def_extras":{"first_arg":"self"},"fallback":"builtins.function","from_concatenate":false,"implicit":false,"imprecise_arg_kinds":false,"is_ellipsis_args":false,"name":"__ror__ of _SpecialForm","ret_type":"typing_extensions._SpecialForm","type_guard":null,"type_is":null,"unpack_kwargs":false,"variables":[]}}}},"self_type":null,"slots":null,"tuple_type":null,"type_vars":[],"typeddict_type":null}},"_T":{".class":"SymbolTableNode","kind":"Gdef","module_public":false,"node":{".class":"TypeVarExpr","default":{".class":"AnyType","missing_import_name":null,"source_any":null,"type_of_any":4},"fullname":"typing_extensions._T","name":"_T","upper_bound":"builtins.object","values":[],"variance":0}},"_TC":{".class":"SymbolTableNode","kind":"Gdef","module_public":false,"node":{".class":"TypeVarExpr","default":{".class":"AnyType","missing_import_name":null,"source_any":null,"type_of_any":4},"fullname":"typing_extensions._TC","name":"_TC","upper_bound":{".class":"TypeType","item":"builtins.object"},"values":[],"variance":0}},"_T_co":{".class":"SymbolTableNode","kind":"Gdef","module_public":false,"node":{".class":"TypeVarExpr","default":{".class":"AnyType","missing_import_name":null,"source_any":null,"type_of_any":4},"fullname":"typing_extensions._T_co","name":"_T_co","upper_bound":"builtins.object","values":[],"variance":1}},"_TypedDict":{".class":"SymbolTableNode","kind":"Gdef","module_public":false,"node":{".class":"TypeInfo","_promote":[],"abstract_attributes":[["__getitem__",1],["__iter__",1],["__len__",1]],"alt_promote":null,"bases":[{".class":"Instance","args":["builtins.str","builtins.object"],"extra_attrs":null,"type_ref":"typing.Mapping"}],"dataclass_transform_spec":null,"declared_metaclass":"abc.ABCMeta","defn":{".class":"ClassDef","fullname":"typing_extensions._TypedDict","name":"_TypedDict","type_vars":[]},"deletable_attributes":[],"deprecated":null,"flags":["is_abstract"],"fullname":"typing_extensions._TypedDict","has_param_spec_type":false,"metaclass_type":"abc.ABCMeta","metadata":{},"module_name":"typing_extensions","mro":["typing_extensions._TypedDict","typing.Mapping","typing.Collection","typing.Iterable","typing.Container","builtins.object"],"names":{".class":"SymbolTable","__closed__":{".class":"SymbolTableNode","kind":"Mdef","node":{".class":"Var","flags":["is_initialized_in_class","is_classvar","is_ready"],"fullname":"typing_extensions._TypedDict.__closed__","name":"__closed__","type":"builtins.bool"}},"__delitem__":{".class":"SymbolTableNode","kind":"Mdef","node":{".class":"FuncDef","abstract_status":0,"arg_kinds":[0,0],"arg_names":[null,null],"dataclass_transform_spec":null,"deprecated":null,"flags":[],"fullname":"typing_extensions._TypedDict.__delitem__","name":"__delitem__","type":{".class":"CallableType","arg_kinds":[0,0],"arg_names":[null,null],"arg_types":["typing_extensions._TypedDict",{".class":"UninhabitedType"}],"bound_args":[],"def_extras":{"first_arg":"self"},"fallback":"builtins.function","from_concatenate":false,"implicit":false,"imprecise_arg_kinds":false,"is_ellipsis_args":false,"name":"__delitem__ of TypedDict","ret_type":{".class":"NoneType"},"type_guard":null,"type_is":null,"unpack_kwargs":false,"variables":[]}}},"__extra_items__":{".class":"SymbolTableNode","kind":"Mdef","node":{".class":"Var","flags":["is_initialized_in_class","is_classvar","is_ready"],"fullname":"typing_extensions._TypedDict.__extra_items__","name":"__extra_items__","type":{".class":"AnyType","missing_import_name":null,"source_any":null,"type_of_any":2}}},"__ior__":{".class":"SymbolTableNode","kind":"Mdef","node":{".class":"FuncDef","abstract_status":0,"arg_kinds":[0,0],"arg_names":[null,null],"dataclass_transform_spec":null,"deprecated":null,"flags":[],"fullname":"typing_extensions._TypedDict.__ior__","name":"__ior__","type":{".class":"CallableType","arg_kinds":[0,0],"arg_names":[null,null],"arg_types":[{".class":"TypeVarType","default":{".class":"AnyType","missing_import_name":null,"source_any":null,"type_of_any":4},"fullname":"typing_extensions._TypedDict.Self","id":0,"name":"Self","namespace":"","upper_bound":"typing_extensions._TypedDict","values":[],"variance":0},{".class":"TypeVarType","default":{".class":"AnyType","missing_import_name":null,"source_any":null,"type_of_any":4},"fullname":"typing_extensions._TypedDict.Self","id":0,"name":"Self","namespace":"","upper_bound":"typing_extensions._TypedDict","values":[],"variance":0}],"bound_args":[],"def_extras":{"first_arg":"self"},"fallback":"builtins.function","from_concatenate":false,"implicit":false,"imprecise_arg_kinds":false,"is_ellipsis_args":false,"name":"__ior__ of TypedDict","ret_type":{".class":"TypeVarType","default":{".class":"AnyType","missing_import_name":null,"source_any":null,"type_of_any":4},"fullname":"typing_extensions._TypedDict.Self","id":0,"name":"Self","namespace":"","upper_bound":"typing_extensions._TypedDict","values":[],"variance":0},"type_guard":null,"type_is":null,"unpack_kwargs":false,"variables":[{".class":"TypeVarType","default":{".class":"AnyType","missing_import_name":null,"source_any":null,"type_of_any":4},"fullname":"typing_extensions._TypedDict.Self","id":0,"name":"Self","namespace":"","upper_bound":"typing_extensions._TypedDict","values":[],"variance":0}]}}},"__mutable_keys__":{".class":"SymbolTableNode","kind":"Mdef","node":{".class":"Var","flags":["is_initialized_in_class","is_classvar","is_ready"],"fullname":"typing_extensions._TypedDict.__mutable_keys__","name":"__mutable_keys__","type":{".class":"Instance","args":["builtins.str"],"extra_attrs":null,"type_ref":"builtins.frozenset"}}},"__optional_keys__":{".class":"SymbolTableNode","kind":"Mdef","node":{".class":"Var","flags":["is_initialized_in_class","is_classvar","is_ready"],"fullname":"typing_extensions._TypedDict.__optional_keys__","name":"__optional_keys__","type":{".class":"Instance","args":["builtins.str"],"extra_attrs":null,"type_ref":"builtins.frozenset"}}},"__or__":{".class":"SymbolTableNode","kind":"Mdef","node":{".class":"OverloadedFuncDef","deprecated":null,"flags":[],"fullname":"typing_extensions._TypedDict.__or__","impl":null,"items":[{".class":"Decorator","func":{".class":"FuncDef","abstract_status":0,"arg_kinds":[0,0],"arg_names":[null,null],"dataclass_transform_spec":null,"deprecated":null,"flags":["is_overload","is_decorated"],"fullname":"typing_extensions._TypedDict.__or__","name":"__or__","type":{".class":"CallableType","arg_kinds":[0,0],"arg_names":[null,null],"arg_types":[{".class":"TypeVarType","default":{".class":"AnyType","missing_import_name":null,"source_any":null,"type_of_any":4},"fullname":"typing_extensions._TypedDict.Self","id":0,"name":"Self","namespace":"","upper_bound":"typing_extensions._TypedDict","values":[],"variance":0},{".class":"TypeVarType","default":{".class":"AnyType","missing_import_name":null,"source_any":null,"type_of_any":4},"fullname":"typing_extensions._TypedDict.Self","id":0,"name":"Self","namespace":"","upper_bound":"typing_extensions._TypedDict","values":[],"variance":0}],"bound_args":[],"def_extras":{"first_arg":"self"},"fallback":"builtins.function","from_concatenate":false,"implicit":false,"imprecise_arg_kinds":false,"is_ellipsis_args":false,"name":"__or__ of TypedDict","ret_type":{".class":"TypeVarType","default":{".class":"AnyType","missing_import_name":null,"source_any":null,"type_of_any":4},"fullname":"typing_extensions._TypedDict.Self","id":0,"name":"Self","namespace":"","upper_bound":"typing_extensions._TypedDict","values":[],"variance":0},"type_guard":null,"type_is":null,"unpack_kwargs":false,"variables":[{".class":"TypeVarType","default":{".class":"AnyType","missing_import_name":null,"source_any":null,"type_of_any":4},"fullname":"typing_extensions._TypedDict.Self","id":0,"name":"Self","namespace":"","upper_bound":"typing_extensions._TypedDict","values":[],"variance":0}]}},"is_overload":true,"var":{".class":"Var","flags":["is_ready","is_inferred"],"fullname":"typing_extensions._TypedDict.__or__","name":"__or__","type":{".class":"CallableType","arg_kinds":[0,0],"arg_names":[null,null],"arg_types":[{".class":"TypeVarType","default":{".class":"AnyType","missing_import_name":null,"source_any":null,"type_of_any":4},"fullname":"typing_extensions._TypedDict.Self","id":0,"name":"Self","namespace":"","upper_bound":"typing_extensions._TypedDict","values":[],"variance":0},{".class":"TypeVarType","default":{".class":"AnyType","missing_import_name":null,"source_any":null,"type_of_any":4},"fullname":"typing_extensions._TypedDict.Self","id":0,"name":"Self","namespace":"","upper_bound":"typing_extensions._TypedDict","values":[],"variance":0}],"bound_args":[],"def_extras":{"first_arg":"self"},"fallback":"builtins.function","from_concatenate":false,"implicit":false,"imprecise_arg_kinds":false,"is_ellipsis_args":false,"name":"__or__ of TypedDict","ret_type":{".class":"TypeVarType","default":{".class":"AnyType","missing_import_name":null,"source_any":null,"type_of_any":4},"fullname":"typing_extensions._TypedDict.Self","id":0,"name":"Self","namespace":"","upper_bound":"typing_extensions._TypedDict","values":[],"variance":0},"type_guard":null,"type_is":null,"unpack_kwargs":false,"variables":[{".class":"TypeVarType","default":{".class":"AnyType","missing_import_name":null,"source_any":null,"type_of_any":4},"fullname":"typing_extensions._TypedDict.Self","id":0,"name":"Self","namespace":"","upper_bound":"typing_extensions._TypedDict","values":[],"variance":0}]}}},{".class":"Decorator","func":{".class":"FuncDef","abstract_status":0,"arg_kinds":[0,0],"arg_names":[null,null],"dataclass_transform_spec":null,"deprecated":null,"flags":["is_overload","is_decorated"],"fullname":"typing_extensions._TypedDict.__or__","name":"__or__","type":{".class":"CallableType","arg_kinds":[0,0],"arg_names":[null,null],"arg_types":["typing_extensions._TypedDict",{".class":"Instance","args":["builtins.str",{".class":"AnyType","missing_import_name":null,"source_any":null,"type_of_any":2}],"extra_attrs":null,"type_ref":"builtins.dict"}],"bound_args":[],"def_extras":{"first_arg":"self"},"fallback":"builtins.function","from_concatenate":false,"implicit":false,"imprecise_arg_kinds":false,"is_ellipsis_args":false,"name":"__or__ of TypedDict","ret_type":{".class":"Instance","args":["builtins.str","builtins.object"],"extra_attrs":null,"type_ref":"builtins.dict"},"type_guard":null,"type_is":null,"unpack_kwargs":false,"variables":[]}},"is_overload":true,"var":{".class":"Var","flags":["is_ready","is_inferred"],"fullname":"typing_extensions._TypedDict.__or__","name":"__or__","type":{".class":"CallableType","arg_kinds":[0,0],"arg_names":[null,null],"arg_types":["typing_extensions._TypedDict",{".class":"Instance","args":["builtins.str",{".class":"AnyType","missing_import_name":null,"source_any":null,"type_of_any":2}],"extra_attrs":null,"type_ref":"builtins.dict"}],"bound_args":[],"def_extras":{"first_arg":"self"},"fallback":"builtins.function","from_concatenate":false,"implicit":false,"imprecise_arg_kinds":false,"is_ellipsis_args":false,"name":"__or__ of TypedDict","ret_type":{".class":"Instance","args":["builtins.str","builtins.object"],"extra_attrs":null,"type_ref":"builtins.dict"},"type_guard":null,"type_is":null,"unpack_kwargs":false,"variables":[]}}}],"type":{".class":"Overloaded","items":[{".class":"CallableType","arg_kinds":[0,0],"arg_names":[null,null],"arg_types":[{".class":"TypeVarType","default":{".class":"AnyType","missing_import_name":null,"source_any":null,"type_of_any":4},"fullname":"typing_extensions._TypedDict.Self","id":0,"name":"Self","namespace":"","upper_bound":"typing_extensions._TypedDict","values":[],"variance":0},{".class":"TypeVarType","default":{".class":"AnyType","missing_import_name":null,"source_any":null,"type_of_any":4},"fullname":"typing_extensions._TypedDict.Self","id":0,"name":"Self","namespace":"","upper_bound":"typing_extensions._TypedDict","values":[],"variance":0}],"bound_args":[],"def_extras":{"first_arg":"self"},"fallback":"builtins.function","from_concatenate":false,"implicit":false,"imprecise_arg_kinds":false,"is_ellipsis_args":false,"name":"__or__ of TypedDict","ret_type":{".class":"TypeVarType","default":{".class":"AnyType","missing_import_name":null,"source_any":null,"type_of_any":4},"fullname":"typing_extensions._TypedDict.Self","id":0,"name":"Self","namespace":"","upper_bound":"typing_extensions._TypedDict","values":[],"variance":0},"type_guard":null,"type_is":null,"unpack_kwargs":false,"variables":[{".class":"TypeVarType","default":{".class":"AnyType","missing_import_name":null,"source_any":null,"type_of_any":4},"fullname":"typing_extensions._TypedDict.Self","id":0,"name":"Self","namespace":"","upper_bound":"typing_extensions._TypedDict","values":[],"variance":0}]},{".class":"CallableType","arg_kinds":[0,0],"arg_names":[null,null],"arg_types":["typing_extensions._TypedDict",{".class":"Instance","args":["builtins.str",{".class":"AnyType","missing_import_name":null,"source_any":null,"type_of_any":2}],"extra_attrs":null,"type_ref":"builtins.dict"}],"bound_args":[],"def_extras":{"first_arg":"self"},"fallback":"builtins.function","from_concatenate":false,"implicit":false,"imprecise_arg_kinds":false,"is_ellipsis_args":false,"name":"__or__ of TypedDict","ret_type":{".class":"Instance","args":["builtins.str","builtins.object"],"extra_attrs":null,"type_ref":"builtins.dict"},"type_guard":null,"type_is":null,"unpack_kwargs":false,"variables":[]}]}}},"__orig_bases__":{".class":"SymbolTableNode","kind":"Mdef","node":{".class":"Var","flags":["is_initialized_in_class","is_classvar","is_ready"],"fullname":"typing_extensions._TypedDict.__orig_bases__","name":"__orig_bases__","type":{".class":"Instance","args":[{".class":"AnyType","missing_import_name":null,"source_any":null,"type_of_any":2}],"extra_attrs":null,"type_ref":"builtins.tuple"}}},"__readonly_keys__":{".class":"SymbolTableNode","kind":"Mdef","node":{".class":"Var","flags":["is_initialized_in_class","is_classvar","is_ready"],"fullname":"typing_extensions._TypedDict.__readonly_keys__","name":"__readonly_keys__","type":{".class":"Instance","args":["builtins.str"],"extra_attrs":null,"type_ref":"builtins.frozenset"}}},"__required_keys__":{".class":"SymbolTableNode","kind":"Mdef","node":{".class":"Var","flags":["is_initialized_in_class","is_classvar","is_ready"],"fullname":"typing_extensions._TypedDict.__required_keys__","name":"__required_keys__","type":{".class":"Instance","args":["builtins.str"],"extra_attrs":null,"type_ref":"builtins.frozenset"}}},"__ror__":{".class":"SymbolTableNode","kind":"Mdef","node":{".class":"OverloadedFuncDef","deprecated":null,"flags":[],"fullname":"typing_extensions._TypedDict.__ror__","impl":null,"items":[{".class":"Decorator","func":{".class":"FuncDef","abstract_status":0,"arg_kinds":[0,0],"arg_names":[null,null],"dataclass_transform_spec":null,"deprecated":null,"flags":["is_overload","is_decorated"],"fullname":"typing_extensions._TypedDict.__ror__","name":"__ror__","type":{".class":"CallableType","arg_kinds":[0,0],"arg_names":[null,null],"arg_types":[{".class":"TypeVarType","default":{".class":"AnyType","missing_import_name":null,"source_any":null,"type_of_any":4},"fullname":"typing_extensions._TypedDict.Self","id":0,"name":"Self","namespace":"","upper_bound":"typing_extensions._TypedDict","values":[],"variance":0},{".class":"TypeVarType","default":{".class":"AnyType","missing_import_name":null,"source_any":null,"type_of_any":4},"fullname":"typing_extensions._TypedDict.Self","id":0,"name":"Self","namespace":"","upper_bound":"typing_extensions._TypedDict","values":[],"variance":0}],"bound_args":[],"def_extras":{"first_arg":"self"},"fallback":"builtins.function","from_concatenate":false,"implicit":false,"imprecise_arg_kinds":false,"is_ellipsis_args":false,"name":"__ror__ of TypedDict","ret_type":{".class":"TypeVarType","default":{".class":"AnyType","missing_import_name":null,"source_any":null,"type_of_any":4},"fullname":"typing_extensions._TypedDict.Self","id":0,"name":"Self","namespace":"","upper_bound":"typing_extensions._TypedDict","values":[],"variance":0},"type_guard":null,"type_is":null,"unpack_kwargs":false,"variables":[{".class":"TypeVarType","default":{".class":"AnyType","missing_import_name":null,"source_any":null,"type_of_any":4},"fullname":"typing_extensions._TypedDict.Self","id":0,"name":"Self","namespace":"","upper_bound":"typing_extensions._TypedDict","values":[],"variance":0}]}},"is_overload":true,"var":{".class":"Var","flags":["is_ready","is_inferred"],"fullname":"typing_extensions._TypedDict.__ror__","name":"__ror__","type":{".class":"CallableType","arg_kinds":[0,0],"arg_names":[null,null],"arg_types":[{".class":"TypeVarType","default":{".class":"AnyType","missing_import_name":null,"source_any":null,"type_of_any":4},"fullname":"typing_extensions._TypedDict.Self","id":0,"name":"Self","namespace":"","upper_bound":"typing_extensions._TypedDict","values":[],"variance":0},{".class":"TypeVarType","default":{".class":"AnyType","missing_import_name":null,"source_any":null,"type_of_any":4},"fullname":"typing_extensions._TypedDict.Self","id":0,"name":"Self","namespace":"","upper_bound":"typing_extensions._TypedDict","values":[],"variance":0}],"bound_args":[],"def_extras":{"first_arg":"self"},"fallback":"builtins.function","from_concatenate":false,"implicit":false,"imprecise_arg_kinds":false,"is_ellipsis_args":false,"name":"__ror__ of TypedDict","ret_type":{".class":"TypeVarType","default":{".class":"AnyType","missing_import_name":null,"source_any":null,"type_of_any":4},"fullname":"typing_extensions._TypedDict.Self","id":0,"name":"Self","namespace":"","upper_bound":"typing_extensions._TypedDict","values":[],"variance":0},"type_guard":null,"type_is":null,"unpack_kwargs":false,"variables":[{".class":"TypeVarType","default":{".class":"AnyType","missing_import_name":null,"source_any":null,"type_of_any":4},"fullname":"typing_extensions._TypedDict.Self","id":0,"name":"Self","namespace":"","upper_bound":"typing_extensions._TypedDict","values":[],"variance":0}]}}},{".class":"Decorator","func":{".class":"FuncDef","abstract_status":0,"arg_kinds":[0,0],"arg_names":[null,null],"dataclass_transform_spec":null,"deprecated":null,"flags":["is_overload","is_decorated"],"fullname":"typing_extensions._TypedDict.__ror__","name":"__ror__","type":{".class":"CallableType","arg_kinds":[0,0],"arg_names":[null,null],"arg_types":["typing_extensions._TypedDict",{".class":"Instance","args":["builtins.str",{".class":"AnyType","missing_import_name":null,"source_any":null,"type_of_any":2}],"extra_attrs":null,"type_ref":"builtins.dict"}],"bound_args":[],"def_extras":{"first_arg":"self"},"fallback":"builtins.function","from_concatenate":false,"implicit":false,"imprecise_arg_kinds":false,"is_ellipsis_args":false,"name":"__ror__ of TypedDict","ret_type":{".class":"Instance","args":["builtins.str","builtins.object"],"extra_attrs":null,"type_ref":"builtins.dict"},"type_guard":null,"type_is":null,"unpack_kwargs":false,"variables":[]}},"is_overload":true,"var":{".class":"Var","flags":["is_ready","is_inferred"],"fullname":"typing_extensions._TypedDict.__ror__","name":"__ror__","type":{".class":"CallableType","arg_kinds":[0,0],"arg_names":[null,null],"arg_types":["typing_extensions._TypedDict",{".class":"Instance","args":["builtins.str",{".class":"AnyType","missing_import_name":null,"source_any":null,"type_of_any":2}],"extra_attrs":null,"type_ref":"builtins.dict"}],"bound_args":[],"def_extras":{"first_arg":"self"},"fallback":"builtins.function","from_concatenate":false,"implicit":false,"imprecise_arg_kinds":false,"is_ellipsis_args":false,"name":"__ror__ of TypedDict","ret_type":{".class":"Instance","args":["builtins.str","builtins.object"],"extra_attrs":null,"type_ref":"builtins.dict"},"type_guard":null,"type_is":null,"unpack_kwargs":false,"variables":[]}}}],"type":{".class":"Overloaded","items":[{".class":"CallableType","arg_kinds":[0,0],"arg_names":[null,null],"arg_types":[{".class":"TypeVarType","default":{".class":"AnyType","missing_import_name":null,"source_any":null,"type_of_any":4},"fullname":"typing_extensions._TypedDict.Self","id":0,"name":"Self","namespace":"","upper_bound":"typing_extensions._TypedDict","values":[],"variance":0},{".class":"TypeVarType","default":{".class":"AnyType","missing_import_name":null,"source_any":null,"type_of_any":4},"fullname":"typing_extensions._TypedDict.Self","id":0,"name":"Self","namespace":"","upper_bound":"typing_extensions._TypedDict","values":[],"variance":0}],"bound_args":[],"def_extras":{"first_arg":"self"},"fallback":"builtins.function","from_concatenate":false,"implicit":false,"imprecise_arg_kinds":false,"is_ellipsis_args":false,"name":"__ror__ of TypedDict","ret_type":{".class":"TypeVarType","default":{".class":"AnyType","missing_import_name":null,"source_any":null,"type_of_any":4},"fullname":"typing_extensions._TypedDict.Self","id":0,"name":"Self","namespace":"","upper_bound":"typing_extensions._TypedDict","values":[],"variance":0},"type_guard":null,"type_is":null,"unpack_kwargs":false,"variables":[{".class":"TypeVarType","default":{".class":"AnyType","missing_import_name":null,"source_any":null,"type_of_any":4},"fullname":"typing_extensions._TypedDict.Self","id":0,"name":"Self","namespace":"","upper_bound":"typing_extensions._TypedDict","values":[],"variance":0}]},{".class":"CallableType","arg_kinds":[0,0],"arg_names":[null,null],"arg_types":["typing_extensions._TypedDict",{".class":"Instance","args":["builtins.str",{".class":"AnyType","missing_import_name":null,"source_any":null,"type_of_any":2}],"extra_attrs":null,"type_ref":"builtins.dict"}],"bound_args":[],"def_extras":{"first_arg":"self"},"fallback":"builtins.function","from_concatenate":false,"implicit":false,"imprecise_arg_kinds":false,"is_ellipsis_args":false,"name":"__ror__ of TypedDict","ret_type":{".class":"Instance","args":["builtins.str","builtins.object"],"extra_attrs":null,"type_ref":"builtins.dict"},"type_guard":null,"type_is":null,"unpack_kwargs":false,"variables":[]}]}}},"__total__":{".class":"SymbolTableNode","kind":"Mdef","node":{".class":"Var","flags":["is_initialized_in_class","is_classvar","is_ready"],"fullname":"typing_extensions._TypedDict.__total__","name":"__total__","type":"builtins.bool"}},"copy":{".class":"SymbolTableNode","kind":"Mdef","node":{".class":"FuncDef","abstract_status":0,"arg_kinds":[0],"arg_names":["self"],"dataclass_transform_spec":null,"deprecated":null,"flags":[],"fullname":"typing_extensions._TypedDict.copy","name":"copy","type":{".class":"CallableType","arg_kinds":[0],"arg_names":["self"],"arg_types":[{".class":"TypeVarType","default":{".class":"AnyType","missing_import_name":null,"source_any":null,"type_of_any":4},"fullname":"typing_extensions._TypedDict.Self","id":0,"name":"Self","namespace":"","upper_bound":"typing_extensions._TypedDict","values":[],"variance":0}],"bound_args":[],"def_extras":{"first_arg":"self"},"fallback":"builtins.function","from_concatenate":false,"implicit":false,"imprecise_arg_kinds":false,"is_ellipsis_args":false,"name":"copy of TypedDict","ret_type":{".class":"TypeVarType","default":{".class":"AnyType","missing_import_name":null,"source_any":null,"type_of_any":4},"fullname":"typing_extensions._TypedDict.Self","id":0,"name":"Self","namespace":"","upper_bound":"typing_extensions._TypedDict","values":[],"variance":0},"type_guard":null,"type_is":null,"unpack_kwargs":false,"variables":[{".class":"TypeVarType","default":{".class":"AnyType","missing_import_name":null,"source_any":null,"type_of_any":4},"fullname":"typing_extensions._TypedDict.Self","id":0,"name":"Self","namespace":"","upper_bound":"typing_extensions._TypedDict","values":[],"variance":0}]}}},"items":{".class":"SymbolTableNode","kind":"Mdef","node":{".class":"FuncDef","abstract_status":0,"arg_kinds":[0],"arg_names":["self"],"dataclass_transform_spec":null,"deprecated":null,"flags":[],"fullname":"typing_extensions._TypedDict.items","name":"items","type":{".class":"CallableType","arg_kinds":[0],"arg_names":["self"],"arg_types":["typing_extensions._TypedDict"],"bound_args":[],"def_extras":{"first_arg":"self"},"fallback":"builtins.function","from_concatenate":false,"implicit":false,"imprecise_arg_kinds":false,"is_ellipsis_args":false,"name":"items of TypedDict","ret_type":{".class":"Instance","args":["builtins.str","builtins.object"],"extra_attrs":null,"type_ref":"_collections_abc.dict_items"},"type_guard":null,"type_is":null,"unpack_kwargs":false,"variables":[]}}},"keys":{".class":"SymbolTableNode","kind":"Mdef","node":{".class":"FuncDef","abstract_status":0,"arg_kinds":[0],"arg_names":["self"],"dataclass_transform_spec":null,"deprecated":null,"flags":[],"fullname":"typing_extensions._TypedDict.keys","name":"keys","type":{".class":"CallableType","arg_kinds":[0],"arg_names":["self"],"arg_types":["typing_extensions._TypedDict"],"bound_args":[],"def_extras":{"first_arg":"self"},"fallback":"builtins.function","from_concatenate":false,"implicit":false,"imprecise_arg_kinds":false,"is_ellipsis_args":false,"name":"keys of TypedDict","ret_type":{".class":"Instance","args":["builtins.str","builtins.object"],"extra_attrs":null,"type_ref":"_collections_abc.dict_keys"},"type_guard":null,"type_is":null,"unpack_kwargs":false,"variables":[]}}},"pop":{".class":"SymbolTableNode","kind":"Mdef","node":{".class":"FuncDef","abstract_status":0,"arg_kinds":[0,0,1],"arg_names":["self","k","default"],"dataclass_transform_spec":null,"deprecated":null,"flags":[],"fullname":"typing_extensions._TypedDict.pop","name":"pop","type":{".class":"CallableType","arg_kinds":[0,0,1],"arg_names":["self","k","default"],"arg_types":["typing_extensions._TypedDict",{".class":"UninhabitedType"},{".class":"TypeVarType","default":{".class":"AnyType","missing_import_name":null,"source_any":null,"type_of_any":4},"fullname":"typing_extensions._T","id":-1,"name":"_T","namespace":"typing_extensions._TypedDict.pop","upper_bound":"builtins.object","values":[],"variance":0}],"bound_args":[],"def_extras":{"first_arg":"self"},"fallback":"builtins.function","from_concatenate":false,"implicit":false,"imprecise_arg_kinds":false,"is_ellipsis_args":false,"name":"pop of TypedDict","ret_type":"builtins.object","type_guard":null,"type_is":null,"unpack_kwargs":false,"variables":[{".class":"TypeVarType","default":{".class":"AnyType","missing_import_name":null,"source_any":null,"type_of_any":4},"fullname":"typing_extensions._T","id":-1,"name":"_T","namespace":"typing_extensions._TypedDict.pop","upper_bound":"builtins.object","values":[],"variance":0}]}}},"setdefault":{".class":"SymbolTableNode","kind":"Mdef","node":{".class":"FuncDef","abstract_status":0,"arg_kinds":[0,0,0],"arg_names":["self","k","default"],"dataclass_transform_spec":null,"deprecated":null,"flags":[],"fullname":"typing_extensions._TypedDict.setdefault","name":"setdefault","type":{".class":"CallableType","arg_kinds":[0,0,0],"arg_names":["self","k","default"],"arg_types":["typing_extensions._TypedDict",{".class":"UninhabitedType"},"builtins.object"],"bound_args":[],"def_extras":{"first_arg":"self"},"fallback":"builtins.function","from_concatenate":false,"implicit":false,"imprecise_arg_kinds":false,"is_ellipsis_args":false,"name":"setdefault of TypedDict","ret_type":"builtins.object","type_guard":null,"type_is":null,"unpack_kwargs":false,"variables":[]}}},"update":{".class":"SymbolTableNode","kind":"Mdef","node":{".class":"FuncDef","abstract_status":0,"arg_kinds":[0,0],"arg_names":[null,null],"dataclass_transform_spec":null,"deprecated":null,"flags":[],"fullname":"typing_extensions._TypedDict.update","name":"update","type":{".class":"CallableType","arg_kinds":[0,0],"arg_names":[null,null],"arg_types":[{".class":"TypeVarType","default":{".class":"AnyType","missing_import_name":null,"source_any":null,"type_of_any":4},"fullname":"typing_extensions._T","id":-1,"name":"_T","namespace":"typing_extensions._TypedDict.update","upper_bound":"builtins.object","values":[],"variance":0},{".class":"TypeVarType","default":{".class":"AnyType","missing_import_name":null,"source_any":null,"type_of_any":4},"fullname":"typing_extensions._T","id":-1,"name":"_T","namespace":"typing_extensions._TypedDict.update","upper_bound":"builtins.object","values":[],"variance":0}],"bound_args":[],"def_extras":{"first_arg":"self"},"fallback":"builtins.function","from_concatenate":false,"implicit":false,"imprecise_arg_kinds":false,"is_ellipsis_args":false,"name":"update of TypedDict","ret_type":{".class":"NoneType"},"type_guard":null,"type_is":null,"unpack_kwargs":false,"variables":[{".class":"TypeVarType","default":{".class":"AnyType","missing_import_name":null,"source_any":null,"type_of_any":4},"fullname":"typing_extensions._T","id":-1,"name":"_T","namespace":"typing_extensions._TypedDict.update","upper_bound":"builtins.object","values":[],"variance":0}]}}},"values":{".class":"SymbolTableNode","kind":"Mdef","node":{".class":"FuncDef","abstract_status":0,"arg_kinds":[0],"arg_names":["self"],"dataclass_transform_spec":null,"deprecated":null,"flags":[],"fullname":"typing_extensions._TypedDict.values","name":"values","type":{".class":"CallableType","arg_kinds":[0],"arg_names":["self"],"arg_types":["typing_extensions._TypedDict"],"bound_args":[],"def_extras":{"first_arg":"self"},"fallback":"builtins.function","from_concatenate":false,"implicit":false,"imprecise_arg_kinds":false,"is_ellipsis_args":false,"name":"values of TypedDict","ret_type":{".class":"Instance","args":["builtins.str","builtins.object"],"extra_attrs":null,"type_ref":"_collections_abc.dict_values"},"type_guard":null,"type_is":null,"unpack_kwargs":false,"variables":[]}}}},"self_type":{".class":"TypeVarType","default":{".class":"AnyType","missing_import_name":null,"source_any":null,"type_of_any":4},"fullname":"typing_extensions._TypedDict.Self","id":0,"name":"Self","namespace":"","upper_bound":"typing_extensions._TypedDict","values":[],"variance":0},"slots":null,"tuple_type":null,"type_vars":[],"typeddict_type":null}},"__all__":{".class":"SymbolTableNode","kind":"Gdef","module_public":false,"node":{".class":"Var","flags":["is_inferred","has_explicit_value"],"fullname":"typing_extensions.__all__","name":"__all__","type":{".class":"Instance","args":["builtins.str"],"extra_attrs":null,"type_ref":"builtins.list"}}},"__annotations__":{".class":"SymbolTableNode","kind":"Gdef","module_public":false,"node":{".class":"Var","flags":["is_ready"],"fullname":"typing_extensions.__annotations__","name":"__annotations__","type":{".class":"Instance","args":["builtins.str",{".class":"AnyType","missing_import_name":null,"source_any":null,"type_of_any":6}],"extra_attrs":null,"type_ref":"builtins.dict"}}},"__doc__":{".class":"SymbolTableNode","kind":"Gdef","module_public":false,"node":{".class":"Var","flags":["is_ready"],"fullname":"typing_extensions.__doc__","name":"__doc__","type":"builtins.str"}},"__file__":{".class":"SymbolTableNode","kind":"Gdef","module_public":false,"node":{".class":"Var","flags":["is_ready"],"fullname":"typing_extensions.__file__","name":"__file__","type":"builtins.str"}},"__name__":{".class":"SymbolTableNode","kind":"Gdef","module_public":false,"node":{".class":"Var","flags":["is_ready"],"fullname":"typing_extensions.__name__","name":"__name__","type":"builtins.str"}},"__package__":{".class":"SymbolTableNode","kind":"Gdef","module_public":false,"node":{".class":"Var","flags":["is_ready"],"fullname":"typing_extensions.__package__","name":"__package__","type":"builtins.str"}},"__spec__":{".class":"SymbolTableNode","kind":"Gdef","module_public":false,"node":{".class":"Var","flags":["is_ready"],"fullname":"typing_extensions.__spec__","name":"__spec__","type":"_frozen_importlib.ModuleSpec"}},"abc":{".class":"SymbolTableNode","cross_ref":"abc","kind":"Gdef","module_hidden":true,"module_public":false},"assert_never":{".class":"SymbolTableNode","cross_ref":"typing.assert_never","kind":"Gdef"},"assert_type":{".class":"SymbolTableNode","cross_ref":"typing.assert_type","kind":"Gdef"},"cast":{".class":"SymbolTableNode","cross_ref":"typing.cast","kind":"Gdef"},"clear_overloads":{".class":"SymbolTableNode","cross_ref":"typing.clear_overloads","kind":"Gdef"},"dataclass_transform":{".class":"SymbolTableNode","cross_ref":"typing.dataclass_transform","kind":"Gdef"},"deprecated":{".class":"SymbolTableNode","cross_ref":"warnings.deprecated","kind":"Gdef"},"dict_items":{".class":"SymbolTableNode","cross_ref":"_collections_abc.dict_items","kind":"Gdef","module_hidden":true,"module_public":false},"dict_keys":{".class":"SymbolTableNode","cross_ref":"_collections_abc.dict_keys","kind":"Gdef","module_hidden":true,"module_public":false},"dict_values":{".class":"SymbolTableNode","cross_ref":"_collections_abc.dict_values","kind":"Gdef","module_hidden":true,"module_public":false},"final":{".class":"SymbolTableNode","kind":"Gdef","node":{".class":"FuncDef","abstract_status":0,"arg_kinds":[0],"arg_names":["f"],"dataclass_transform_spec":null,"deprecated":null,"flags":[],"fullname":"typing_extensions.final","name":"final","type":{".class":"CallableType","arg_kinds":[0],"arg_names":["f"],"arg_types":[{".class":"TypeVarType","default":{".class":"AnyType","missing_import_name":null,"source_any":null,"type_of_any":4},"fullname":"typing_extensions._F","id":-1,"name":"_F","namespace":"typing_extensions.final","upper_bound":{".class":"CallableType","arg_kinds":[2,4],"arg_names":[null,null],"arg_types":[{".class":"AnyType","missing_import_name":null,"source_any":null,"type_of_any":2},{".class":"AnyType","missing_import_name":null,"source_any":null,"type_of_any":2}],"bound_args":[],"def_extras":{},"fallback":"builtins.function","from_concatenate":false,"implicit":false,"imprecise_arg_kinds":false,"is_ellipsis_args":true,"name":null,"ret_type":{".class":"AnyType","missing_import_name":null,"source_any":null,"type_of_any":2},"type_guard":null,"type_is":null,"unpack_kwargs":false,"variables":[]},"values":[],"variance":0}],"bound_args":[],"def_extras":{"first_arg":null},"fallback":"builtins.function","from_concatenate":false,"implicit":false,"imprecise_arg_kinds":false,"is_ellipsis_args":false,"name":"final","ret_type":{".class":"TypeVarType","default":{".class":"AnyType","missing_import_name":null,"source_any":null,"type_of_any":4},"fullname":"typing_extensions._F","id":-1,"name":"_F","namespace":"typing_extensions.final","upper_bound":{".class":"CallableType","arg_kinds":[2,4],"arg_names":[null,null],"arg_types":[{".class":"AnyType","missing_import_name":null,"source_any":null,"type_of_any":2},{".class":"AnyType","missing_import_name":null,"source_any":null,"type_of_any":2}],"bound_args":[],"def_extras":{},"fallback":"builtins.function","from_concatenate":false,"implicit":false,"imprecise_arg_kinds":false,"is_ellipsis_args":true,"name":null,"ret_type":{".class":"AnyType","missing_import_name":null,"source_any":null,"type_of_any":2},"type_guard":null,"type_is":null,"unpack_kwargs":false,"variables":[]},"values":[],"variance":0},"type_guard":null,"type_is":null,"unpack_kwargs":false,"variables":[{".class":"TypeVarType","default":{".class":"AnyType","missing_import_name":null,"source_any":null,"type_of_any":4},"fullname":"typing_extensions._F","id":-1,"name":"_F","namespace":"typing_extensions.final","upper_bound":{".class":"CallableType","arg_kinds":[2,4],"arg_names":[null,null],"arg_types":[{".class":"AnyType","missing_import_name":null,"source_any":null,"type_of_any":2},{".class":"AnyType","missing_import_name":null,"source_any":null,"type_of_any":2}],"bound_args":[],"def_extras":{},"fallback":"builtins.function","from_concatenate":false,"implicit":false,"imprecise_arg_kinds":false,"is_ellipsis_args":true,"name":null,"ret_type":{".class":"AnyType","missing_import_name":null,"source_any":null,"type_of_any":2},"type_guard":null,"type_is":null,"unpack_kwargs":false,"variables":[]},"values":[],"variance":0}]}}},"get_args":{".class":"SymbolTableNode","kind":"Gdef","node":{".class":"FuncDef","abstract_status":0,"arg_kinds":[0],"arg_names":["tp"],"dataclass_transform_spec":null,"deprecated":null,"flags":[],"fullname":"typing_extensions.get_args","name":"get_args","type":{".class":"CallableType","arg_kinds":[0],"arg_names":["tp"],"arg_types":[{".class":"AnyType","missing_import_name":null,"source_any":null,"type_of_any":2}],"bound_args":[],"def_extras":{"first_arg":null},"fallback":"builtins.function","from_concatenate":false,"implicit":false,"imprecise_arg_kinds":false,"is_ellipsis_args":false,"name":"get_args","ret_type":{".class":"Instance","args":[{".class":"AnyType","missing_import_name":null,"source_any":null,"type_of_any":2}],"extra_attrs":null,"type_ref":"builtins.tuple"},"type_guard":null,"type_is":null,"unpack_kwargs":false,"variables":[]}}},"get_origin":{".class":"SymbolTableNode","kind":"Gdef","node":{".class":"OverloadedFuncDef","deprecated":null,"flags":[],"fullname":"typing_extensions.get_origin","impl":null,"items":[{".class":"Decorator","func":{".class":"FuncDef","abstract_status":0,"arg_kinds":[0],"arg_names":["tp"],"dataclass_transform_spec":null,"deprecated":null,"flags":["is_overload","is_decorated"],"fullname":"typing_extensions.get_origin","name":"get_origin","type":{".class":"CallableType","arg_kinds":[0],"arg_names":["tp"],"arg_types":["types.UnionType"],"bound_args":[],"def_extras":{"first_arg":null},"fallback":"builtins.function","from_concatenate":false,"implicit":false,"imprecise_arg_kinds":false,"is_ellipsis_args":false,"name":"get_origin","ret_type":{".class":"TypeType","item":"types.UnionType"},"type_guard":null,"type_is":null,"unpack_kwargs":false,"variables":[]}},"is_overload":true,"var":{".class":"Var","flags":["is_ready","is_inferred"],"fullname":"typing_extensions.get_origin","name":"get_origin","type":{".class":"CallableType","arg_kinds":[0],"arg_names":["tp"],"arg_types":["types.UnionType"],"bound_args":[],"def_extras":{"first_arg":null},"fallback":"builtins.function","from_concatenate":false,"implicit":false,"imprecise_arg_kinds":false,"is_ellipsis_args":false,"name":"get_origin","ret_type":{".class":"TypeType","item":"types.UnionType"},"type_guard":null,"type_is":null,"unpack_kwargs":false,"variables":[]}}},{".class":"Decorator","func":{".class":"FuncDef","abstract_status":0,"arg_kinds":[0],"arg_names":["tp"],"dataclass_transform_spec":null,"deprecated":null,"flags":["is_overload","is_decorated"],"fullname":"typing_extensions.get_origin","name":"get_origin","type":{".class":"CallableType","arg_kinds":[0],"arg_names":["tp"],"arg_types":["types.GenericAlias"],"bound_args":[],"def_extras":{"first_arg":null},"fallback":"builtins.function","from_concatenate":false,"implicit":false,"imprecise_arg_kinds":false,"is_ellipsis_args":false,"name":"get_origin","ret_type":"builtins.type","type_guard":null,"type_is":null,"unpack_kwargs":false,"variables":[]}},"is_overload":true,"var":{".class":"Var","flags":["is_ready","is_inferred"],"fullname":"typing_extensions.get_origin","name":"get_origin","type":{".class":"CallableType","arg_kinds":[0],"arg_names":["tp"],"arg_types":["types.GenericAlias"],"bound_args":[],"def_extras":{"first_arg":null},"fallback":"builtins.function","from_concatenate":false,"implicit":false,"imprecise_arg_kinds":false,"is_ellipsis_args":false,"name":"get_origin","ret_type":"builtins.type","type_guard":null,"type_is":null,"unpack_kwargs":false,"variables":[]}}},{".class":"Decorator","func":{".class":"FuncDef","abstract_status":0,"arg_kinds":[0],"arg_names":["tp"],"dataclass_transform_spec":null,"deprecated":null,"flags":["is_overload","is_decorated"],"fullname":"typing_extensions.get_origin","name":"get_origin","type":{".class":"CallableType","arg_kinds":[0],"arg_names":["tp"],"arg_types":[{".class":"UnionType","items":["typing.ParamSpecArgs","typing.ParamSpecKwargs"],"uses_pep604_syntax":true}],"bound_args":[],"def_extras":{"first_arg":null},"fallback":"builtins.function","from_concatenate":false,"implicit":false,"imprecise_arg_kinds":false,"is_ellipsis_args":false,"name":"get_origin","ret_type":"typing.ParamSpec","type_guard":null,"type_is":null,"unpack_kwargs":false,"variables":[]}},"is_overload":true,"var":{".class":"Var","flags":["is_ready","is_inferred"],"fullname":"typing_extensions.get_origin","name":"get_origin","type":{".class":"CallableType","arg_kinds":[0],"arg_names":["tp"],"arg_types":[{".class":"UnionType","items":["typing.ParamSpecArgs","typing.ParamSpecKwargs"],"uses_pep604_syntax":true}],"bound_args":[],"def_extras":{"first_arg":null},"fallback":"builtins.function","from_concatenate":false,"implicit":false,"imprecise_arg_kinds":false,"is_ellipsis_args":false,"name":"get_origin","ret_type":"typing.ParamSpec","type_guard":null,"type_is":null,"unpack_kwargs":false,"variables":[]}}},{".class":"Decorator","func":{".class":"FuncDef","abstract_status":0,"arg_kinds":[0],"arg_names":["tp"],"dataclass_transform_spec":null,"deprecated":null,"flags":["is_overload","is_decorated"],"fullname":"typing_extensions.get_origin","name":"get_origin","type":{".class":"CallableType","arg_kinds":[0],"arg_names":["tp"],"arg_types":[{".class":"AnyType","missing_import_name":null,"source_any":null,"type_of_any":2}],"bound_args":[],"def_extras":{"first_arg":null},"fallback":"builtins.function","from_concatenate":false,"implicit":false,"imprecise_arg_kinds":false,"is_ellipsis_args":false,"name":"get_origin","ret_type":{".class":"UnionType","items":[{".class":"AnyType","missing_import_name":null,"source_any":null,"type_of_any":2},{".class":"NoneType"}],"uses_pep604_syntax":true},"type_guard":null,"type_is":null,"unpack_kwargs":false,"variables":[]}},"is_overload":true,"var":{".class":"Var","flags":["is_ready","is_inferred"],"fullname":"typing_extensions.get_origin","name":"get_origin","type":{".class":"CallableType","arg_kinds":[0],"arg_names":["tp"],"arg_types":[{".class":"AnyType","missing_import_name":null,"source_any":null,"type_of_any":2}],"bound_args":[],"def_extras":{"first_arg":null},"fallback":"builtins.function","from_concatenate":false,"implicit":false,"imprecise_arg_kinds":false,"is_ellipsis_args":false,"name":"get_origin","ret_type":{".class":"UnionType","items":[{".class":"AnyType","missing_import_name":null,"source_any":null,"type_of_any":2},{".class":"NoneType"}],"uses_pep604_syntax":true},"type_guard":null,"type_is":null,"unpack_kwargs":false,"variables":[]}}}],"type":{".class":"Overloaded","items":[{".class":"CallableType","arg_kinds":[0],"arg_names":["tp"],"arg_types":["types.UnionType"],"bound_args":[],"def_extras":{"first_arg":null},"fallback":"builtins.function","from_concatenate":false,"implicit":false,"imprecise_arg_kinds":false,"is_ellipsis_args":false,"name":"get_origin","ret_type":{".class":"TypeType","item":"types.UnionType"},"type_guard":null,"type_is":null,"unpack_kwargs":false,"variables":[]},{".class":"CallableType","arg_kinds":[0],"arg_names":["tp"],"arg_types":["types.GenericAlias"],"bound_args":[],"def_extras":{"first_arg":null},"fallback":"builtins.function","from_concatenate":false,"implicit":false,"imprecise_arg_kinds":false,"is_ellipsis_args":false,"name":"get_origin","ret_type":"builtins.type","type_guard":null,"type_is":null,"unpack_kwargs":false,"variables":[]},{".class":"CallableType","arg_kinds":[0],"arg_names":["tp"],"arg_types":[{".class":"UnionType","items":["typing.ParamSpecArgs","typing.ParamSpecKwargs"],"uses_pep604_syntax":true}],"bound_args":[],"def_extras":{"first_arg":null},"fallback":"builtins.function","from_concatenate":false,"implicit":false,"imprecise_arg_kinds":false,"is_ellipsis_args":false,"name":"get_origin","ret_type":"typing.ParamSpec","type_guard":null,"type_is":null,"unpack_kwargs":false,"variables":[]},{".class":"CallableType","arg_kinds":[0],"arg_names":["tp"],"arg_types":[{".class":"AnyType","missing_import_name":null,"source_any":null,"type_of_any":2}],"bound_args":[],"def_extras":{"first_arg":null},"fallback":"builtins.function","from_concatenate":false,"implicit":false,"imprecise_arg_kinds":false,"is_ellipsis_args":false,"name":"get_origin","ret_type":{".class":"UnionType","items":[{".class":"AnyType","missing_import_name":null,"source_any":null,"type_of_any":2},{".class":"NoneType"}],"uses_pep604_syntax":true},"type_guard":null,"type_is":null,"unpack_kwargs":false,"variables":[]}]}}},"get_original_bases":{".class":"SymbolTableNode","cross_ref":"types.get_original_bases","kind":"Gdef"},"get_overloads":{".class":"SymbolTableNode","cross_ref":"typing.get_overloads","kind":"Gdef"},"get_protocol_members":{".class":"SymbolTableNode","cross_ref":"typing.get_protocol_members","kind":"Gdef"},"get_type_hints":{".class":"SymbolTableNode","kind":"Gdef","node":{".class":"FuncDef","abstract_status":0,"arg_kinds":[0,1,1,1],"arg_names":["obj","globalns","localns","include_extras"],"dataclass_transform_spec":null,"deprecated":null,"flags":[],"fullname":"typing_extensions.get_type_hints","name":"get_type_hints","type":{".class":"CallableType","arg_kinds":[0,1,1,1],"arg_names":["obj","globalns","localns","include_extras"],"arg_types":[{".class":"CallableType","arg_kinds":[2,4],"arg_names":[null,null],"arg_types":[{".class":"AnyType","missing_import_name":null,"source_any":null,"type_of_any":2},{".class":"AnyType","missing_import_name":null,"source_any":null,"type_of_any":2}],"bound_args":[],"def_extras":{},"fallback":"builtins.function","from_concatenate":false,"implicit":false,"imprecise_arg_kinds":false,"is_ellipsis_args":true,"name":null,"ret_type":{".class":"AnyType","missing_import_name":null,"source_any":null,"type_of_any":2},"type_guard":null,"type_is":null,"unpack_kwargs":false,"variables":[]},{".class":"UnionType","items":[{".class":"Instance","args":["builtins.str",{".class":"AnyType","missing_import_name":null,"source_any":null,"type_of_any":2}],"extra_attrs":null,"type_ref":"builtins.dict"},{".class":"NoneType"}],"uses_pep604_syntax":true},{".class":"UnionType","items":[{".class":"Instance","args":["builtins.str",{".class":"AnyType","missing_import_name":null,"source_any":null,"type_of_any":2}],"extra_attrs":null,"type_ref":"typing.Mapping"},{".class":"NoneType"}],"uses_pep604_syntax":true},"builtins.bool"],"bound_args":[],"def_extras":{"first_arg":null},"fallback":"builtins.function","from_concatenate":false,"implicit":false,"imprecise_arg_kinds":false,"is_ellipsis_args":false,"name":"get_type_hints","ret_type":{".class":"Instance","args":["builtins.str",{".class":"AnyType","missing_import_name":null,"source_any":null,"type_of_any":2}],"extra_attrs":null,"type_ref":"builtins.dict"},"type_guard":null,"type_is":null,"unpack_kwargs":false,"variables":[]}}},"is_protocol":{".class":"SymbolTableNode","cross_ref":"typing.is_protocol","kind":"Gdef"},"is_typeddict":{".class":"SymbolTableNode","cross_ref":"typing.is_typeddict","kind":"Gdef"},"no_type_check":{".class":"SymbolTableNode","cross_ref":"typing.no_type_check","kind":"Gdef"},"no_type_check_decorator":{".class":"SymbolTableNode","cross_ref":"typing.no_type_check_decorator","kind":"Gdef"},"overload":{".class":"SymbolTableNode","cross_ref":"typing.overload","kind":"Gdef"},"override":{".class":"SymbolTableNode","cross_ref":"typing.override","kind":"Gdef"},"reveal_type":{".class":"SymbolTableNode","cross_ref":"typing.reveal_type","kind":"Gdef"},"runtime":{".class":"SymbolTableNode","kind":"Gdef","node":{".class":"Var","flags":["is_inferred","has_explicit_value"],"fullname":"typing_extensions.runtime","name":"runtime","type":{".class":"CallableType","arg_kinds":[0],"arg_names":["cls"],"arg_types":[{".class":"TypeVarType","default":{".class":"AnyType","missing_import_name":null,"source_any":null,"type_of_any":4},"fullname":"typing_extensions._TC","id":-1,"name":"_TC","namespace":"typing_extensions.runtime_checkable","upper_bound":{".class":"TypeType","item":"builtins.object"},"values":[],"variance":0}],"bound_args":[],"def_extras":{"first_arg":null},"fallback":"builtins.function","from_concatenate":false,"implicit":false,"imprecise_arg_kinds":false,"is_ellipsis_args":false,"name":null,"ret_type":{".class":"TypeVarType","default":{".class":"AnyType","missing_import_name":null,"source_any":null,"type_of_any":4},"fullname":"typing_extensions._TC","id":-1,"name":"_TC","namespace":"typing_extensions.runtime_checkable","upper_bound":{".class":"TypeType","item":"builtins.object"},"values":[],"variance":0},"type_guard":null,"type_is":null,"unpack_kwargs":false,"variables":[{".class":"TypeVarType","default":{".class":"AnyType","missing_import_name":null,"source_any":null,"type_of_any":4},"fullname":"typing_extensions._TC","id":-1,"name":"_TC","namespace":"typing_extensions.runtime_checkable","upper_bound":{".class":"TypeType","item":"builtins.object"},"values":[],"variance":0}]}}},"runtime_checkable":{".class":"SymbolTableNode","kind":"Gdef","node":{".class":"FuncDef","abstract_status":0,"arg_kinds":[0],"arg_names":["cls"],"dataclass_transform_spec":null,"deprecated":null,"flags":[],"fullname":"typing_extensions.runtime_checkable","name":"runtime_checkable","type":{".class":"CallableType","arg_kinds":[0],"arg_names":["cls"],"arg_types":[{".class":"TypeVarType","default":{".class":"AnyType","missing_import_name":null,"source_any":null,"type_of_any":4},"fullname":"typing_extensions._TC","id":-1,"name":"_TC","namespace":"typing_extensions.runtime_checkable","upper_bound":{".class":"TypeType","item":"builtins.object"},"values":[],"variance":0}],"bound_args":[],"def_extras":{"first_arg":null},"fallback":"builtins.function","from_concatenate":false,"implicit":false,"imprecise_arg_kinds":false,"is_ellipsis_args":false,"name":"runtime_checkable","ret_type":{".class":"TypeVarType","default":{".class":"AnyType","missing_import_name":null,"source_any":null,"type_of_any":4},"fullname":"typing_extensions._TC","id":-1,"name":"_TC","namespace":"typing_extensions.runtime_checkable","upper_bound":{".class":"TypeType","item":"builtins.object"},"values":[],"variance":0},"type_guard":null,"type_is":null,"unpack_kwargs":false,"variables":[{".class":"TypeVarType","default":{".class":"AnyType","missing_import_name":null,"source_any":null,"type_of_any":4},"fullname":"typing_extensions._TC","id":-1,"name":"_TC","namespace":"typing_extensions.runtime_checkable","upper_bound":{".class":"TypeType","item":"builtins.object"},"values":[],"variance":0}]}}},"sys":{".class":"SymbolTableNode","cross_ref":"sys","kind":"Gdef","module_hidden":true,"module_public":false},"type_check_only":{".class":"SymbolTableNode","cross_ref":"typing.type_check_only","kind":"Gdef","module_hidden":true,"module_public":false},"typing":{".class":"SymbolTableNode","cross_ref":"typing","kind":"Gdef","module_hidden":true,"module_public":false}},"path":"c:\\Users\\xinan\\.vscode\\extensions\\ms-python.mypy-type-checker-2025.2.0\\bundled\\libs\\mypy\\typeshed\\stdlib\\typing_extensions.pyi"}