{".class":"MypyFile","_fullname":"collections.abc","future_import_flags":[],"is_partial_stub_package":false,"is_stub":true,"names":{".class":"SymbolTable","AsyncGenerator":{".class":"SymbolTableNode","cross_ref":"typing.AsyncGenerator","kind":"Gdef"},"AsyncIterable":{".class":"SymbolTableNode","cross_ref":"typing.AsyncIterable","kind":"Gdef"},"AsyncIterator":{".class":"SymbolTableNode","cross_ref":"typing.AsyncIterator","kind":"Gdef"},"Awaitable":{".class":"SymbolTableNode","cross_ref":"typing.Awaitable","kind":"Gdef"},"Buffer":{".class":"SymbolTableNode","cross_ref":"_collections_abc.Buffer","kind":"Gdef"},"ByteString":{".class":"SymbolTableNode","cross_ref":"typing.ByteString","kind":"Gdef"},"Callable":{".class":"SymbolTableNode","cross_ref":"typing.Callable","kind":"Gdef"},"Collection":{".class":"SymbolTableNode","cross_ref":"typing.Collection","kind":"Gdef"},"Container":{".class":"SymbolTableNode","cross_ref":"typing.Container","kind":"Gdef"},"Coroutine":{".class":"SymbolTableNode","cross_ref":"typing.Coroutine","kind":"Gdef"},"Generator":{".class":"SymbolTableNode","cross_ref":"typing.Generator","kind":"Gdef"},"Hashable":{".class":"SymbolTableNode","cross_ref":"typing.Hashable","kind":"Gdef"},"ItemsView":{".class":"SymbolTableNode","cross_ref":"typing.ItemsView","kind":"Gdef"},"Iterable":{".class":"SymbolTableNode","cross_ref":"typing.Iterable","kind":"Gdef"},"Iterator":{".class":"SymbolTableNode","cross_ref":"typing.Iterator","kind":"Gdef"},"KeysView":{".class":"SymbolTableNode","cross_ref":"typing.KeysView","kind":"Gdef"},"Mapping":{".class":"SymbolTableNode","cross_ref":"typing.Mapping","kind":"Gdef"},"MappingView":{".class":"SymbolTableNode","cross_ref":"typing.MappingView","kind":"Gdef"},"MutableMapping":{".class":"SymbolTableNode","cross_ref":"typing.MutableMapping","kind":"Gdef"},"MutableSequence":{".class":"SymbolTableNode","cross_ref":"typing.MutableSequence","kind":"Gdef"},"MutableSet":{".class":"SymbolTableNode","cross_ref":"typing.MutableSet","kind":"Gdef"},"Reversible":{".class":"SymbolTableNode","cross_ref":"typing.Reversible","kind":"Gdef"},"Sequence":{".class":"SymbolTableNode","cross_ref":"typing.Sequence","kind":"Gdef"},"Set":{".class":"SymbolTableNode","cross_ref":"typing.AbstractSet","kind":"Gdef"},"Sized":{".class":"SymbolTableNode","cross_ref":"typing.Sized","kind":"Gdef"},"ValuesView":{".class":"SymbolTableNode","cross_ref":"typing.ValuesView","kind":"Gdef"},"__all__":{".class":"SymbolTableNode","cross_ref":"_collections_abc.__all__","kind":"Gdef","module_public":false},"__annotations__":{".class":"SymbolTableNode","kind":"Gdef","module_public":false,"node":{".class":"Var","flags":["is_ready"],"fullname":"collections.abc.__annotations__","name":"__annotations__","type":{".class":"Instance","args":["builtins.str",{".class":"AnyType","missing_import_name":null,"source_any":null,"type_of_any":6}],"extra_attrs":null,"type_ref":"builtins.dict"}}},"__doc__":{".class":"SymbolTableNode","kind":"Gdef","module_public":false,"node":{".class":"Var","flags":["is_ready"],"fullname":"collections.abc.__doc__","name":"__doc__","type":"builtins.str"}},"__file__":{".class":"SymbolTableNode","kind":"Gdef","module_public":false,"node":{".class":"Var","flags":["is_ready"],"fullname":"collections.abc.__file__","name":"__file__","type":"builtins.str"}},"__name__":{".class":"SymbolTableNode","kind":"Gdef","module_public":false,"node":{".class":"Var","flags":["is_ready"],"fullname":"collections.abc.__name__","name":"__name__","type":"builtins.str"}},"__package__":{".class":"SymbolTableNode","kind":"Gdef","module_public":false,"node":{".class":"Var","flags":["is_ready"],"fullname":"collections.abc.__package__","name":"__package__","type":"builtins.str"}},"__spec__":{".class":"SymbolTableNode","kind":"Gdef","module_public":false,"node":{".class":"Var","flags":["is_ready"],"fullname":"collections.abc.__spec__","name":"__spec__","type":"_frozen_importlib.ModuleSpec"}}},"path":"c:\\Users\\xinan\\.vscode\\extensions\\ms-python.mypy-type-checker-2025.2.0\\bundled\\libs\\mypy\\typeshed\\stdlib\\collections\\abc.pyi"}