{".class":"MypyFile","_fullname":"importlib.resources._functional","future_import_flags":[],"is_partial_stub_package":false,"is_stub":true,"names":{".class":"SymbolTable","AbstractContextManager":{".class":"SymbolTableNode","cross_ref":"contextlib.AbstractContextManager","kind":"Gdef","module_hidden":true,"module_public":false},"Anchor":{".class":"SymbolTableNode","cross_ref":"importlib.resources._common.Anchor","kind":"Gdef","module_hidden":true,"module_public":false},"BinaryIO":{".class":"SymbolTableNode","cross_ref":"typing.BinaryIO","kind":"Gdef","module_hidden":true,"module_public":false},"Iterator":{".class":"SymbolTableNode","cross_ref":"typing.Iterator","kind":"Gdef","module_hidden":true,"module_public":false},"Path":{".class":"SymbolTableNode","cross_ref":"pathlib.Path","kind":"Gdef","module_hidden":true,"module_public":false},"StrPath":{".class":"SymbolTableNode","cross_ref":"_typeshed.StrPath","kind":"Gdef","module_hidden":true,"module_public":false},"TextIOWrapper":{".class":"SymbolTableNode","cross_ref":"_io.TextIOWrapper","kind":"Gdef","module_hidden":true,"module_public":false},"Unpack":{".class":"SymbolTableNode","cross_ref":"typing.Unpack","kind":"Gdef","module_hidden":true,"module_public":false},"__annotations__":{".class":"SymbolTableNode","kind":"Gdef","node":{".class":"Var","flags":["is_ready"],"fullname":"importlib.resources._functional.__annotations__","name":"__annotations__","type":{".class":"Instance","args":["builtins.str",{".class":"AnyType","missing_import_name":null,"source_any":null,"type_of_any":6}],"extra_attrs":null,"type_ref":"builtins.dict"}}},"__doc__":{".class":"SymbolTableNode","kind":"Gdef","node":{".class":"Var","flags":["is_ready"],"fullname":"importlib.resources._functional.__doc__","name":"__doc__","type":"builtins.str"}},"__file__":{".class":"SymbolTableNode","kind":"Gdef","node":{".class":"Var","flags":["is_ready"],"fullname":"importlib.resources._functional.__file__","name":"__file__","type":"builtins.str"}},"__name__":{".class":"SymbolTableNode","kind":"Gdef","node":{".class":"Var","flags":["is_ready"],"fullname":"importlib.resources._functional.__name__","name":"__name__","type":"builtins.str"}},"__package__":{".class":"SymbolTableNode","kind":"Gdef","node":{".class":"Var","flags":["is_ready"],"fullname":"importlib.resources._functional.__package__","name":"__package__","type":"builtins.str"}},"__spec__":{".class":"SymbolTableNode","kind":"Gdef","node":{".class":"Var","flags":["is_ready"],"fullname":"importlib.resources._functional.__spec__","name":"__spec__","type":"_frozen_importlib.ModuleSpec"}},"contents":{".class":"SymbolTableNode","kind":"Gdef","node":{".class":"FuncDef","abstract_status":0,"arg_kinds":[0,2],"arg_names":["anchor","path_names"],"dataclass_transform_spec":null,"deprecated":null,"flags":[],"fullname":"importlib.resources._functional.contents","name":"contents","type":{".class":"CallableType","arg_kinds":[0,2],"arg_names":["anchor","path_names"],"arg_types":[{".class":"TypeAliasType","args":[],"type_ref":"importlib.resources._common.Anchor"},{".class":"TypeAliasType","args":[],"type_ref":"_typeshed.StrPath"}],"bound_args":[],"def_extras":{"first_arg":null},"fallback":"builtins.function","from_concatenate":false,"implicit":false,"imprecise_arg_kinds":false,"is_ellipsis_args":false,"name":"contents","ret_type":{".class":"Instance","args":["builtins.str"],"extra_attrs":null,"type_ref":"typing.Iterator"},"type_guard":null,"type_is":null,"unpack_kwargs":false,"variables":[]}}},"is_resource":{".class":"SymbolTableNode","kind":"Gdef","node":{".class":"FuncDef","abstract_status":0,"arg_kinds":[0,2],"arg_names":["anchor","path_names"],"dataclass_transform_spec":null,"deprecated":null,"flags":[],"fullname":"importlib.resources._functional.is_resource","name":"is_resource","type":{".class":"CallableType","arg_kinds":[0,2],"arg_names":["anchor","path_names"],"arg_types":[{".class":"TypeAliasType","args":[],"type_ref":"importlib.resources._common.Anchor"},{".class":"TypeAliasType","args":[],"type_ref":"_typeshed.StrPath"}],"bound_args":[],"def_extras":{"first_arg":null},"fallback":"builtins.function","from_concatenate":false,"implicit":false,"imprecise_arg_kinds":false,"is_ellipsis_args":false,"name":"is_resource","ret_type":"builtins.bool","type_guard":null,"type_is":null,"unpack_kwargs":false,"variables":[]}}},"open_binary":{".class":"SymbolTableNode","kind":"Gdef","node":{".class":"FuncDef","abstract_status":0,"arg_kinds":[0,2],"arg_names":["anchor","path_names"],"dataclass_transform_spec":null,"deprecated":null,"flags":[],"fullname":"importlib.resources._functional.open_binary","name":"open_binary","type":{".class":"CallableType","arg_kinds":[0,2],"arg_names":["anchor","path_names"],"arg_types":[{".class":"TypeAliasType","args":[],"type_ref":"importlib.resources._common.Anchor"},{".class":"TypeAliasType","args":[],"type_ref":"_typeshed.StrPath"}],"bound_args":[],"def_extras":{"first_arg":null},"fallback":"builtins.function","from_concatenate":false,"implicit":false,"imprecise_arg_kinds":false,"is_ellipsis_args":false,"name":"open_binary","ret_type":"typing.BinaryIO","type_guard":null,"type_is":null,"unpack_kwargs":false,"variables":[]}}},"open_text":{".class":"SymbolTableNode","kind":"Gdef","node":{".class":"OverloadedFuncDef","deprecated":null,"flags":[],"fullname":"importlib.resources._functional.open_text","impl":null,"items":[{".class":"Decorator","func":{".class":"FuncDef","abstract_status":0,"arg_kinds":[0,2,5,5],"arg_names":["anchor","path_names","encoding","errors"],"dataclass_transform_spec":null,"deprecated":null,"flags":["is_overload","is_decorated"],"fullname":"importlib.resources._functional.open_text","name":"open_text","type":{".class":"CallableType","arg_kinds":[0,2,5,5],"arg_names":["anchor","path_names","encoding","errors"],"arg_types":[{".class":"TypeAliasType","args":[],"type_ref":"importlib.resources._common.Anchor"},{".class":"UnpackType","type":{".class":"TupleType","implicit":false,"items":[{".class":"TypeAliasType","args":[],"type_ref":"_typeshed.StrPath"}],"partial_fallback":{".class":"Instance","args":[{".class":"AnyType","missing_import_name":null,"source_any":null,"type_of_any":6}],"extra_attrs":null,"type_ref":"builtins.tuple"}}},{".class":"UnionType","items":["builtins.str",{".class":"NoneType"}],"uses_pep604_syntax":true},{".class":"UnionType","items":["builtins.str",{".class":"NoneType"}],"uses_pep604_syntax":true}],"bound_args":[],"def_extras":{"first_arg":null},"fallback":"builtins.function","from_concatenate":false,"implicit":false,"imprecise_arg_kinds":false,"is_ellipsis_args":false,"name":"open_text","ret_type":{".class":"Instance","args":["_io._WrappedBuffer"],"extra_attrs":null,"type_ref":"_io.TextIOWrapper"},"type_guard":null,"type_is":null,"unpack_kwargs":false,"variables":[]}},"is_overload":true,"var":{".class":"Var","flags":["is_ready","is_inferred"],"fullname":"importlib.resources._functional.open_text","name":"open_text","type":{".class":"CallableType","arg_kinds":[0,2,5,5],"arg_names":["anchor","path_names","encoding","errors"],"arg_types":[{".class":"TypeAliasType","args":[],"type_ref":"importlib.resources._common.Anchor"},{".class":"UnpackType","type":{".class":"TupleType","implicit":false,"items":[{".class":"TypeAliasType","args":[],"type_ref":"_typeshed.StrPath"}],"partial_fallback":{".class":"Instance","args":[{".class":"AnyType","missing_import_name":null,"source_any":null,"type_of_any":6}],"extra_attrs":null,"type_ref":"builtins.tuple"}}},{".class":"UnionType","items":["builtins.str",{".class":"NoneType"}],"uses_pep604_syntax":true},{".class":"UnionType","items":["builtins.str",{".class":"NoneType"}],"uses_pep604_syntax":true}],"bound_args":[],"def_extras":{"first_arg":null},"fallback":"builtins.function","from_concatenate":false,"implicit":false,"imprecise_arg_kinds":false,"is_ellipsis_args":false,"name":"open_text","ret_type":{".class":"Instance","args":["_io._WrappedBuffer"],"extra_attrs":null,"type_ref":"_io.TextIOWrapper"},"type_guard":null,"type_is":null,"unpack_kwargs":false,"variables":[]}}},{".class":"Decorator","func":{".class":"FuncDef","abstract_status":0,"arg_kinds":[0,2,3,5],"arg_names":["anchor","path_names","encoding","errors"],"dataclass_transform_spec":null,"deprecated":null,"flags":["is_overload","is_decorated"],"fullname":"importlib.resources._functional.open_text","name":"open_text","type":{".class":"CallableType","arg_kinds":[0,2,3,5],"arg_names":["anchor","path_names","encoding","errors"],"arg_types":[{".class":"TypeAliasType","args":[],"type_ref":"importlib.resources._common.Anchor"},{".class":"TypeAliasType","args":[],"type_ref":"_typeshed.StrPath"},{".class":"UnionType","items":["builtins.str",{".class":"NoneType"}],"uses_pep604_syntax":true},{".class":"UnionType","items":["builtins.str",{".class":"NoneType"}],"uses_pep604_syntax":true}],"bound_args":[],"def_extras":{"first_arg":null},"fallback":"builtins.function","from_concatenate":false,"implicit":false,"imprecise_arg_kinds":false,"is_ellipsis_args":false,"name":"open_text","ret_type":{".class":"Instance","args":["_io._WrappedBuffer"],"extra_attrs":null,"type_ref":"_io.TextIOWrapper"},"type_guard":null,"type_is":null,"unpack_kwargs":false,"variables":[]}},"is_overload":true,"var":{".class":"Var","flags":["is_ready","is_inferred"],"fullname":"importlib.resources._functional.open_text","name":"open_text","type":{".class":"CallableType","arg_kinds":[0,2,3,5],"arg_names":["anchor","path_names","encoding","errors"],"arg_types":[{".class":"TypeAliasType","args":[],"type_ref":"importlib.resources._common.Anchor"},{".class":"TypeAliasType","args":[],"type_ref":"_typeshed.StrPath"},{".class":"UnionType","items":["builtins.str",{".class":"NoneType"}],"uses_pep604_syntax":true},{".class":"UnionType","items":["builtins.str",{".class":"NoneType"}],"uses_pep604_syntax":true}],"bound_args":[],"def_extras":{"first_arg":null},"fallback":"builtins.function","from_concatenate":false,"implicit":false,"imprecise_arg_kinds":false,"is_ellipsis_args":false,"name":"open_text","ret_type":{".class":"Instance","args":["_io._WrappedBuffer"],"extra_attrs":null,"type_ref":"_io.TextIOWrapper"},"type_guard":null,"type_is":null,"unpack_kwargs":false,"variables":[]}}}],"type":{".class":"Overloaded","items":[{".class":"CallableType","arg_kinds":[0,2,5,5],"arg_names":["anchor","path_names","encoding","errors"],"arg_types":[{".class":"TypeAliasType","args":[],"type_ref":"importlib.resources._common.Anchor"},{".class":"UnpackType","type":{".class":"TupleType","implicit":false,"items":[{".class":"TypeAliasType","args":[],"type_ref":"_typeshed.StrPath"}],"partial_fallback":{".class":"Instance","args":[{".class":"AnyType","missing_import_name":null,"source_any":null,"type_of_any":6}],"extra_attrs":null,"type_ref":"builtins.tuple"}}},{".class":"UnionType","items":["builtins.str",{".class":"NoneType"}],"uses_pep604_syntax":true},{".class":"UnionType","items":["builtins.str",{".class":"NoneType"}],"uses_pep604_syntax":true}],"bound_args":[],"def_extras":{"first_arg":null},"fallback":"builtins.function","from_concatenate":false,"implicit":false,"imprecise_arg_kinds":false,"is_ellipsis_args":false,"name":"open_text","ret_type":{".class":"Instance","args":["_io._WrappedBuffer"],"extra_attrs":null,"type_ref":"_io.TextIOWrapper"},"type_guard":null,"type_is":null,"unpack_kwargs":false,"variables":[]},{".class":"CallableType","arg_kinds":[0,2,3,5],"arg_names":["anchor","path_names","encoding","errors"],"arg_types":[{".class":"TypeAliasType","args":[],"type_ref":"importlib.resources._common.Anchor"},{".class":"TypeAliasType","args":[],"type_ref":"_typeshed.StrPath"},{".class":"UnionType","items":["builtins.str",{".class":"NoneType"}],"uses_pep604_syntax":true},{".class":"UnionType","items":["builtins.str",{".class":"NoneType"}],"uses_pep604_syntax":true}],"bound_args":[],"def_extras":{"first_arg":null},"fallback":"builtins.function","from_concatenate":false,"implicit":false,"imprecise_arg_kinds":false,"is_ellipsis_args":false,"name":"open_text","ret_type":{".class":"Instance","args":["_io._WrappedBuffer"],"extra_attrs":null,"type_ref":"_io.TextIOWrapper"},"type_guard":null,"type_is":null,"unpack_kwargs":false,"variables":[]}]}}},"overload":{".class":"SymbolTableNode","cross_ref":"typing.overload","kind":"Gdef","module_hidden":true,"module_public":false},"path":{".class":"SymbolTableNode","kind":"Gdef","node":{".class":"FuncDef","abstract_status":0,"arg_kinds":[0,2],"arg_names":["anchor","path_names"],"dataclass_transform_spec":null,"deprecated":null,"flags":[],"fullname":"importlib.resources._functional.path","name":"path","type":{".class":"CallableType","arg_kinds":[0,2],"arg_names":["anchor","path_names"],"arg_types":[{".class":"TypeAliasType","args":[],"type_ref":"importlib.resources._common.Anchor"},{".class":"TypeAliasType","args":[],"type_ref":"_typeshed.StrPath"}],"bound_args":[],"def_extras":{"first_arg":null},"fallback":"builtins.function","from_concatenate":false,"implicit":false,"imprecise_arg_kinds":false,"is_ellipsis_args":false,"name":"path","ret_type":{".class":"Instance","args":["pathlib.Path",{".class":"UnionType","items":["builtins.bool",{".class":"NoneType"}],"uses_pep604_syntax":false}],"extra_attrs":null,"type_ref":"contextlib.AbstractContextManager"},"type_guard":null,"type_is":null,"unpack_kwargs":false,"variables":[]}}},"read_binary":{".class":"SymbolTableNode","kind":"Gdef","node":{".class":"FuncDef","abstract_status":0,"arg_kinds":[0,2],"arg_names":["anchor","path_names"],"dataclass_transform_spec":null,"deprecated":null,"flags":[],"fullname":"importlib.resources._functional.read_binary","name":"read_binary","type":{".class":"CallableType","arg_kinds":[0,2],"arg_names":["anchor","path_names"],"arg_types":[{".class":"TypeAliasType","args":[],"type_ref":"importlib.resources._common.Anchor"},{".class":"TypeAliasType","args":[],"type_ref":"_typeshed.StrPath"}],"bound_args":[],"def_extras":{"first_arg":null},"fallback":"builtins.function","from_concatenate":false,"implicit":false,"imprecise_arg_kinds":false,"is_ellipsis_args":false,"name":"read_binary","ret_type":"builtins.bytes","type_guard":null,"type_is":null,"unpack_kwargs":false,"variables":[]}}},"read_text":{".class":"SymbolTableNode","kind":"Gdef","node":{".class":"OverloadedFuncDef","deprecated":null,"flags":[],"fullname":"importlib.resources._functional.read_text","impl":null,"items":[{".class":"Decorator","func":{".class":"FuncDef","abstract_status":0,"arg_kinds":[0,2,5,5],"arg_names":["anchor","path_names","encoding","errors"],"dataclass_transform_spec":null,"deprecated":null,"flags":["is_overload","is_decorated"],"fullname":"importlib.resources._functional.read_text","name":"read_text","type":{".class":"CallableType","arg_kinds":[0,2,5,5],"arg_names":["anchor","path_names","encoding","errors"],"arg_types":[{".class":"TypeAliasType","args":[],"type_ref":"importlib.resources._common.Anchor"},{".class":"UnpackType","type":{".class":"TupleType","implicit":false,"items":[{".class":"TypeAliasType","args":[],"type_ref":"_typeshed.StrPath"}],"partial_fallback":{".class":"Instance","args":[{".class":"AnyType","missing_import_name":null,"source_any":null,"type_of_any":6}],"extra_attrs":null,"type_ref":"builtins.tuple"}}},{".class":"UnionType","items":["builtins.str",{".class":"NoneType"}],"uses_pep604_syntax":true},{".class":"UnionType","items":["builtins.str",{".class":"NoneType"}],"uses_pep604_syntax":true}],"bound_args":[],"def_extras":{"first_arg":null},"fallback":"builtins.function","from_concatenate":false,"implicit":false,"imprecise_arg_kinds":false,"is_ellipsis_args":false,"name":"read_text","ret_type":"builtins.str","type_guard":null,"type_is":null,"unpack_kwargs":false,"variables":[]}},"is_overload":true,"var":{".class":"Var","flags":["is_ready","is_inferred"],"fullname":"importlib.resources._functional.read_text","name":"read_text","type":{".class":"CallableType","arg_kinds":[0,2,5,5],"arg_names":["anchor","path_names","encoding","errors"],"arg_types":[{".class":"TypeAliasType","args":[],"type_ref":"importlib.resources._common.Anchor"},{".class":"UnpackType","type":{".class":"TupleType","implicit":false,"items":[{".class":"TypeAliasType","args":[],"type_ref":"_typeshed.StrPath"}],"partial_fallback":{".class":"Instance","args":[{".class":"AnyType","missing_import_name":null,"source_any":null,"type_of_any":6}],"extra_attrs":null,"type_ref":"builtins.tuple"}}},{".class":"UnionType","items":["builtins.str",{".class":"NoneType"}],"uses_pep604_syntax":true},{".class":"UnionType","items":["builtins.str",{".class":"NoneType"}],"uses_pep604_syntax":true}],"bound_args":[],"def_extras":{"first_arg":null},"fallback":"builtins.function","from_concatenate":false,"implicit":false,"imprecise_arg_kinds":false,"is_ellipsis_args":false,"name":"read_text","ret_type":"builtins.str","type_guard":null,"type_is":null,"unpack_kwargs":false,"variables":[]}}},{".class":"Decorator","func":{".class":"FuncDef","abstract_status":0,"arg_kinds":[0,2,3,5],"arg_names":["anchor","path_names","encoding","errors"],"dataclass_transform_spec":null,"deprecated":null,"flags":["is_overload","is_decorated"],"fullname":"importlib.resources._functional.read_text","name":"read_text","type":{".class":"CallableType","arg_kinds":[0,2,3,5],"arg_names":["anchor","path_names","encoding","errors"],"arg_types":[{".class":"TypeAliasType","args":[],"type_ref":"importlib.resources._common.Anchor"},{".class":"TypeAliasType","args":[],"type_ref":"_typeshed.StrPath"},{".class":"UnionType","items":["builtins.str",{".class":"NoneType"}],"uses_pep604_syntax":true},{".class":"UnionType","items":["builtins.str",{".class":"NoneType"}],"uses_pep604_syntax":true}],"bound_args":[],"def_extras":{"first_arg":null},"fallback":"builtins.function","from_concatenate":false,"implicit":false,"imprecise_arg_kinds":false,"is_ellipsis_args":false,"name":"read_text","ret_type":"builtins.str","type_guard":null,"type_is":null,"unpack_kwargs":false,"variables":[]}},"is_overload":true,"var":{".class":"Var","flags":["is_ready","is_inferred"],"fullname":"importlib.resources._functional.read_text","name":"read_text","type":{".class":"CallableType","arg_kinds":[0,2,3,5],"arg_names":["anchor","path_names","encoding","errors"],"arg_types":[{".class":"TypeAliasType","args":[],"type_ref":"importlib.resources._common.Anchor"},{".class":"TypeAliasType","args":[],"type_ref":"_typeshed.StrPath"},{".class":"UnionType","items":["builtins.str",{".class":"NoneType"}],"uses_pep604_syntax":true},{".class":"UnionType","items":["builtins.str",{".class":"NoneType"}],"uses_pep604_syntax":true}],"bound_args":[],"def_extras":{"first_arg":null},"fallback":"builtins.function","from_concatenate":false,"implicit":false,"imprecise_arg_kinds":false,"is_ellipsis_args":false,"name":"read_text","ret_type":"builtins.str","type_guard":null,"type_is":null,"unpack_kwargs":false,"variables":[]}}}],"type":{".class":"Overloaded","items":[{".class":"CallableType","arg_kinds":[0,2,5,5],"arg_names":["anchor","path_names","encoding","errors"],"arg_types":[{".class":"TypeAliasType","args":[],"type_ref":"importlib.resources._common.Anchor"},{".class":"UnpackType","type":{".class":"TupleType","implicit":false,"items":[{".class":"TypeAliasType","args":[],"type_ref":"_typeshed.StrPath"}],"partial_fallback":{".class":"Instance","args":[{".class":"AnyType","missing_import_name":null,"source_any":null,"type_of_any":6}],"extra_attrs":null,"type_ref":"builtins.tuple"}}},{".class":"UnionType","items":["builtins.str",{".class":"NoneType"}],"uses_pep604_syntax":true},{".class":"UnionType","items":["builtins.str",{".class":"NoneType"}],"uses_pep604_syntax":true}],"bound_args":[],"def_extras":{"first_arg":null},"fallback":"builtins.function","from_concatenate":false,"implicit":false,"imprecise_arg_kinds":false,"is_ellipsis_args":false,"name":"read_text","ret_type":"builtins.str","type_guard":null,"type_is":null,"unpack_kwargs":false,"variables":[]},{".class":"CallableType","arg_kinds":[0,2,3,5],"arg_names":["anchor","path_names","encoding","errors"],"arg_types":[{".class":"TypeAliasType","args":[],"type_ref":"importlib.resources._common.Anchor"},{".class":"TypeAliasType","args":[],"type_ref":"_typeshed.StrPath"},{".class":"UnionType","items":["builtins.str",{".class":"NoneType"}],"uses_pep604_syntax":true},{".class":"UnionType","items":["builtins.str",{".class":"NoneType"}],"uses_pep604_syntax":true}],"bound_args":[],"def_extras":{"first_arg":null},"fallback":"builtins.function","from_concatenate":false,"implicit":false,"imprecise_arg_kinds":false,"is_ellipsis_args":false,"name":"read_text","ret_type":"builtins.str","type_guard":null,"type_is":null,"unpack_kwargs":false,"variables":[]}]}}},"sys":{".class":"SymbolTableNode","cross_ref":"sys","kind":"Gdef","module_hidden":true,"module_public":false}},"path":"c:\\Users\\xinan\\.vscode\\extensions\\ms-python.mypy-type-checker-2025.2.0\\bundled\\libs\\mypy\\typeshed\\stdlib\\importlib\\resources\\_functional.pyi"}