{".class":"MypyFile","_fullname":"importlib.metadata","future_import_flags":[],"is_partial_stub_package":false,"is_stub":true,"names":{".class":"SymbolTable","Any":{".class":"SymbolTableNode","cross_ref":"typing.Any","kind":"Gdef","module_hidden":true,"module_public":false},"ClassVar":{".class":"SymbolTableNode","cross_ref":"typing.ClassVar","kind":"Gdef","module_hidden":true,"module_public":false},"DeprecatedNonAbstract":{".class":"SymbolTableNode","kind":"Gdef","module_public":false,"node":{".class":"TypeInfo","_promote":[],"abstract_attributes":[],"alt_promote":null,"bases":["builtins.object"],"dataclass_transform_spec":null,"declared_metaclass":null,"defn":{".class":"ClassDef","fullname":"importlib.metadata.DeprecatedNonAbstract","name":"DeprecatedNonAbstract","type_vars":[]},"deletable_attributes":[],"deprecated":null,"flags":[],"fullname":"importlib.metadata.DeprecatedNonAbstract","has_param_spec_type":false,"metaclass_type":null,"metadata":{},"module_name":"importlib.metadata","mro":["importlib.metadata.DeprecatedNonAbstract","builtins.object"],"names":{".class":"SymbolTable"},"self_type":null,"slots":null,"tuple_type":null,"type_vars":[],"typeddict_type":null}},"Distribution":{".class":"SymbolTableNode","kind":"Gdef","node":{".class":"TypeInfo","_promote":[],"abstract_attributes":[["locate_file",1],["read_text",1]],"alt_promote":null,"bases":["importlib.metadata.DeprecatedNonAbstract"],"dataclass_transform_spec":null,"declared_metaclass":null,"defn":{".class":"ClassDef","fullname":"importlib.metadata.Distribution","name":"Distribution","type_vars":[]},"deletable_attributes":[],"deprecated":null,"flags":["is_abstract"],"fullname":"importlib.metadata.Distribution","has_param_spec_type":false,"metaclass_type":null,"metadata":{},"module_name":"importlib.metadata","mro":["importlib.metadata.Distribution","importlib.metadata.DeprecatedNonAbstract","builtins.object"],"names":{".class":"SymbolTable","at":{".class":"SymbolTableNode","kind":"Mdef","node":{".class":"Decorator","func":{".class":"FuncDef","abstract_status":0,"arg_kinds":[0],"arg_names":["path"],"dataclass_transform_spec":null,"deprecated":null,"flags":["is_static","is_decorated"],"fullname":"importlib.metadata.Distribution.at","name":"at","type":{".class":"CallableType","arg_kinds":[0],"arg_names":["path"],"arg_types":[{".class":"TypeAliasType","args":[],"type_ref":"_typeshed.StrPath"}],"bound_args":[],"def_extras":{"first_arg":null},"fallback":"builtins.function","from_concatenate":false,"implicit":false,"imprecise_arg_kinds":false,"is_ellipsis_args":false,"name":"at of Distribution","ret_type":"importlib.metadata.PathDistribution","type_guard":null,"type_is":null,"unpack_kwargs":false,"variables":[]}},"is_overload":false,"var":{".class":"Var","flags":["is_initialized_in_class","is_staticmethod","is_ready","is_inferred"],"fullname":"importlib.metadata.Distribution.at","name":"at","type":{".class":"CallableType","arg_kinds":[0],"arg_names":["path"],"arg_types":[{".class":"TypeAliasType","args":[],"type_ref":"_typeshed.StrPath"}],"bound_args":[],"def_extras":{"first_arg":null},"fallback":"builtins.function","from_concatenate":false,"implicit":false,"imprecise_arg_kinds":false,"is_ellipsis_args":false,"name":"at of Distribution","ret_type":"importlib.metadata.PathDistribution","type_guard":null,"type_is":null,"unpack_kwargs":false,"variables":[]}}}},"discover":{".class":"SymbolTableNode","kind":"Mdef","node":{".class":"OverloadedFuncDef","deprecated":null,"flags":["is_class"],"fullname":"importlib.metadata.Distribution.discover","impl":null,"items":[{".class":"Decorator","func":{".class":"FuncDef","abstract_status":0,"arg_kinds":[0,3],"arg_names":["cls","context"],"dataclass_transform_spec":null,"deprecated":null,"flags":["is_class","is_overload","is_decorated"],"fullname":"importlib.metadata.Distribution.discover","name":"discover","type":{".class":"CallableType","arg_kinds":[0,3],"arg_names":["cls","context"],"arg_types":[{".class":"TypeType","item":"importlib.metadata.Distribution"},"importlib.metadata.DistributionFinder.Context"],"bound_args":[],"def_extras":{"first_arg":"cls"},"fallback":"builtins.function","from_concatenate":false,"implicit":false,"imprecise_arg_kinds":false,"is_ellipsis_args":false,"name":"discover of Distribution","ret_type":{".class":"Instance","args":["importlib.metadata.Distribution"],"extra_attrs":null,"type_ref":"typing.Iterable"},"type_guard":null,"type_is":null,"unpack_kwargs":false,"variables":[]}},"is_overload":true,"var":{".class":"Var","flags":["is_classmethod","is_ready","is_inferred"],"fullname":"importlib.metadata.Distribution.discover","name":"discover","type":{".class":"CallableType","arg_kinds":[0,3],"arg_names":["cls","context"],"arg_types":[{".class":"TypeType","item":"importlib.metadata.Distribution"},"importlib.metadata.DistributionFinder.Context"],"bound_args":[],"def_extras":{"first_arg":"cls"},"fallback":"builtins.function","from_concatenate":false,"implicit":false,"imprecise_arg_kinds":false,"is_ellipsis_args":false,"name":"discover of Distribution","ret_type":{".class":"Instance","args":["importlib.metadata.Distribution"],"extra_attrs":null,"type_ref":"typing.Iterable"},"type_guard":null,"type_is":null,"unpack_kwargs":false,"variables":[]}}},{".class":"Decorator","func":{".class":"FuncDef","abstract_status":0,"arg_kinds":[0,5,5,5,4],"arg_names":["cls","context","name","path","kwargs"],"dataclass_transform_spec":null,"deprecated":null,"flags":["is_class","is_overload","is_decorated"],"fullname":"importlib.metadata.Distribution.discover","name":"discover","type":{".class":"CallableType","arg_kinds":[0,5,5,5,4],"arg_names":["cls","context","name","path","kwargs"],"arg_types":[{".class":"TypeType","item":"importlib.metadata.Distribution"},{".class":"NoneType"},{".class":"UnionType","items":["builtins.str",{".class":"NoneType"}],"uses_pep604_syntax":true},{".class":"Instance","args":["builtins.str"],"extra_attrs":null,"type_ref":"builtins.list"},{".class":"AnyType","missing_import_name":null,"source_any":null,"type_of_any":2}],"bound_args":[],"def_extras":{"first_arg":"cls"},"fallback":"builtins.function","from_concatenate":false,"implicit":false,"imprecise_arg_kinds":false,"is_ellipsis_args":false,"name":"discover of Distribution","ret_type":{".class":"Instance","args":["importlib.metadata.Distribution"],"extra_attrs":null,"type_ref":"typing.Iterable"},"type_guard":null,"type_is":null,"unpack_kwargs":false,"variables":[]}},"is_overload":true,"var":{".class":"Var","flags":["is_classmethod","is_ready","is_inferred"],"fullname":"importlib.metadata.Distribution.discover","name":"discover","type":{".class":"CallableType","arg_kinds":[0,5,5,5,4],"arg_names":["cls","context","name","path","kwargs"],"arg_types":[{".class":"TypeType","item":"importlib.metadata.Distribution"},{".class":"NoneType"},{".class":"UnionType","items":["builtins.str",{".class":"NoneType"}],"uses_pep604_syntax":true},{".class":"Instance","args":["builtins.str"],"extra_attrs":null,"type_ref":"builtins.list"},{".class":"AnyType","missing_import_name":null,"source_any":null,"type_of_any":2}],"bound_args":[],"def_extras":{"first_arg":"cls"},"fallback":"builtins.function","from_concatenate":false,"implicit":false,"imprecise_arg_kinds":false,"is_ellipsis_args":false,"name":"discover of Distribution","ret_type":{".class":"Instance","args":["importlib.metadata.Distribution"],"extra_attrs":null,"type_ref":"typing.Iterable"},"type_guard":null,"type_is":null,"unpack_kwargs":false,"variables":[]}}}],"type":{".class":"Overloaded","items":[{".class":"CallableType","arg_kinds":[0,3],"arg_names":["cls","context"],"arg_types":[{".class":"TypeType","item":"importlib.metadata.Distribution"},"importlib.metadata.DistributionFinder.Context"],"bound_args":[],"def_extras":{"first_arg":"cls"},"fallback":"builtins.function","from_concatenate":false,"implicit":false,"imprecise_arg_kinds":false,"is_ellipsis_args":false,"name":"discover of Distribution","ret_type":{".class":"Instance","args":["importlib.metadata.Distribution"],"extra_attrs":null,"type_ref":"typing.Iterable"},"type_guard":null,"type_is":null,"unpack_kwargs":false,"variables":[]},{".class":"CallableType","arg_kinds":[0,5,5,5,4],"arg_names":["cls","context","name","path","kwargs"],"arg_types":[{".class":"TypeType","item":"importlib.metadata.Distribution"},{".class":"NoneType"},{".class":"UnionType","items":["builtins.str",{".class":"NoneType"}],"uses_pep604_syntax":true},{".class":"Instance","args":["builtins.str"],"extra_attrs":null,"type_ref":"builtins.list"},{".class":"AnyType","missing_import_name":null,"source_any":null,"type_of_any":2}],"bound_args":[],"def_extras":{"first_arg":"cls"},"fallback":"builtins.function","from_concatenate":false,"implicit":false,"imprecise_arg_kinds":false,"is_ellipsis_args":false,"name":"discover of Distribution","ret_type":{".class":"Instance","args":["importlib.metadata.Distribution"],"extra_attrs":null,"type_ref":"typing.Iterable"},"type_guard":null,"type_is":null,"unpack_kwargs":false,"variables":[]}]}}},"entry_points":{".class":"SymbolTableNode","kind":"Mdef","node":{".class":"Decorator","func":{".class":"FuncDef","abstract_status":0,"arg_kinds":[0],"arg_names":["self"],"dataclass_transform_spec":null,"deprecated":null,"flags":["is_property","is_decorated"],"fullname":"importlib.metadata.Distribution.entry_points","name":"entry_points","type":{".class":"CallableType","arg_kinds":[0],"arg_names":["self"],"arg_types":["importlib.metadata.Distribution"],"bound_args":[],"def_extras":{"first_arg":"self"},"fallback":"builtins.function","from_concatenate":false,"implicit":false,"imprecise_arg_kinds":false,"is_ellipsis_args":false,"name":"entry_points of Distribution","ret_type":"importlib.metadata.EntryPoints","type_guard":null,"type_is":null,"unpack_kwargs":false,"variables":[]}},"is_overload":false,"var":{".class":"Var","flags":["is_initialized_in_class","is_property","is_ready","is_inferred"],"fullname":"importlib.metadata.Distribution.entry_points","name":"entry_points","type":{".class":"CallableType","arg_kinds":[0],"arg_names":["self"],"arg_types":["importlib.metadata.Distribution"],"bound_args":[],"def_extras":{"first_arg":"self"},"fallback":"builtins.function","from_concatenate":false,"implicit":false,"imprecise_arg_kinds":false,"is_ellipsis_args":false,"name":"entry_points of Distribution","ret_type":"importlib.metadata.EntryPoints","type_guard":null,"type_is":null,"unpack_kwargs":false,"variables":[]}}}},"files":{".class":"SymbolTableNode","kind":"Mdef","node":{".class":"Decorator","func":{".class":"FuncDef","abstract_status":0,"arg_kinds":[0],"arg_names":["self"],"dataclass_transform_spec":null,"deprecated":null,"flags":["is_property","is_decorated"],"fullname":"importlib.metadata.Distribution.files","name":"files","type":{".class":"CallableType","arg_kinds":[0],"arg_names":["self"],"arg_types":["importlib.metadata.Distribution"],"bound_args":[],"def_extras":{"first_arg":"self"},"fallback":"builtins.function","from_concatenate":false,"implicit":false,"imprecise_arg_kinds":false,"is_ellipsis_args":false,"name":"files of Distribution","ret_type":{".class":"UnionType","items":[{".class":"Instance","args":["importlib.metadata.PackagePath"],"extra_attrs":null,"type_ref":"builtins.list"},{".class":"NoneType"}],"uses_pep604_syntax":true},"type_guard":null,"type_is":null,"unpack_kwargs":false,"variables":[]}},"is_overload":false,"var":{".class":"Var","flags":["is_initialized_in_class","is_property","is_ready","is_inferred"],"fullname":"importlib.metadata.Distribution.files","name":"files","type":{".class":"CallableType","arg_kinds":[0],"arg_names":["self"],"arg_types":["importlib.metadata.Distribution"],"bound_args":[],"def_extras":{"first_arg":"self"},"fallback":"builtins.function","from_concatenate":false,"implicit":false,"imprecise_arg_kinds":false,"is_ellipsis_args":false,"name":"files of Distribution","ret_type":{".class":"UnionType","items":[{".class":"Instance","args":["importlib.metadata.PackagePath"],"extra_attrs":null,"type_ref":"builtins.list"},{".class":"NoneType"}],"uses_pep604_syntax":true},"type_guard":null,"type_is":null,"unpack_kwargs":false,"variables":[]}}}},"from_name":{".class":"SymbolTableNode","kind":"Mdef","node":{".class":"Decorator","func":{".class":"FuncDef","abstract_status":0,"arg_kinds":[0,0],"arg_names":["cls","name"],"dataclass_transform_spec":null,"deprecated":null,"flags":["is_class","is_decorated"],"fullname":"importlib.metadata.Distribution.from_name","name":"from_name","type":{".class":"CallableType","arg_kinds":[0,0],"arg_names":["cls","name"],"arg_types":[{".class":"TypeType","item":"importlib.metadata.Distribution"},"builtins.str"],"bound_args":[],"def_extras":{"first_arg":"cls"},"fallback":"builtins.function","from_concatenate":false,"implicit":false,"imprecise_arg_kinds":false,"is_ellipsis_args":false,"name":"from_name of Distribution","ret_type":"importlib.metadata.Distribution","type_guard":null,"type_is":null,"unpack_kwargs":false,"variables":[]}},"is_overload":false,"var":{".class":"Var","flags":["is_initialized_in_class","is_classmethod","is_ready","is_inferred"],"fullname":"importlib.metadata.Distribution.from_name","name":"from_name","type":{".class":"CallableType","arg_kinds":[0,0],"arg_names":["cls","name"],"arg_types":[{".class":"TypeType","item":"importlib.metadata.Distribution"},"builtins.str"],"bound_args":[],"def_extras":{"first_arg":"cls"},"fallback":"builtins.function","from_concatenate":false,"implicit":false,"imprecise_arg_kinds":false,"is_ellipsis_args":false,"name":"from_name of Distribution","ret_type":"importlib.metadata.Distribution","type_guard":null,"type_is":null,"unpack_kwargs":false,"variables":[]}}}},"locate_file":{".class":"SymbolTableNode","kind":"Mdef","node":{".class":"Decorator","func":{".class":"FuncDef","abstract_status":1,"arg_kinds":[0,0],"arg_names":["self","path"],"dataclass_transform_spec":null,"deprecated":null,"flags":["is_decorated"],"fullname":"importlib.metadata.Distribution.locate_file","name":"locate_file","type":{".class":"CallableType","arg_kinds":[0,0],"arg_names":["self","path"],"arg_types":["importlib.metadata.Distribution",{".class":"TypeAliasType","args":[],"type_ref":"_typeshed.StrPath"}],"bound_args":[],"def_extras":{"first_arg":"self"},"fallback":"builtins.function","from_concatenate":false,"implicit":false,"imprecise_arg_kinds":false,"is_ellipsis_args":false,"name":"locate_file of Distribution","ret_type":"importlib.metadata._meta.SimplePath","type_guard":null,"type_is":null,"unpack_kwargs":false,"variables":[]}},"is_overload":false,"var":{".class":"Var","flags":["is_initialized_in_class","is_ready","is_inferred"],"fullname":"importlib.metadata.Distribution.locate_file","name":"locate_file","type":{".class":"CallableType","arg_kinds":[0,0],"arg_names":["self","path"],"arg_types":["importlib.metadata.Distribution",{".class":"TypeAliasType","args":[],"type_ref":"_typeshed.StrPath"}],"bound_args":[],"def_extras":{"first_arg":"self"},"fallback":"builtins.function","from_concatenate":false,"implicit":false,"imprecise_arg_kinds":false,"is_ellipsis_args":false,"name":"locate_file of Distribution","ret_type":"importlib.metadata._meta.SimplePath","type_guard":null,"type_is":null,"unpack_kwargs":false,"variables":[]}}}},"metadata":{".class":"SymbolTableNode","kind":"Mdef","node":{".class":"Decorator","func":{".class":"FuncDef","abstract_status":0,"arg_kinds":[0],"arg_names":["self"],"dataclass_transform_spec":null,"deprecated":null,"flags":["is_property","is_decorated"],"fullname":"importlib.metadata.Distribution.metadata","name":"metadata","type":{".class":"CallableType","arg_kinds":[0],"arg_names":["self"],"arg_types":["importlib.metadata.Distribution"],"bound_args":[],"def_extras":{"first_arg":"self"},"fallback":"builtins.function","from_concatenate":false,"implicit":false,"imprecise_arg_kinds":false,"is_ellipsis_args":false,"name":"metadata of Distribution","ret_type":"importlib.metadata._meta.PackageMetadata","type_guard":null,"type_is":null,"unpack_kwargs":false,"variables":[]}},"is_overload":false,"var":{".class":"Var","flags":["is_initialized_in_class","is_property","is_ready","is_inferred"],"fullname":"importlib.metadata.Distribution.metadata","name":"metadata","type":{".class":"CallableType","arg_kinds":[0],"arg_names":["self"],"arg_types":["importlib.metadata.Distribution"],"bound_args":[],"def_extras":{"first_arg":"self"},"fallback":"builtins.function","from_concatenate":false,"implicit":false,"imprecise_arg_kinds":false,"is_ellipsis_args":false,"name":"metadata of Distribution","ret_type":"importlib.metadata._meta.PackageMetadata","type_guard":null,"type_is":null,"unpack_kwargs":false,"variables":[]}}}},"name":{".class":"SymbolTableNode","kind":"Mdef","node":{".class":"Decorator","func":{".class":"FuncDef","abstract_status":0,"arg_kinds":[0],"arg_names":["self"],"dataclass_transform_spec":null,"deprecated":null,"flags":["is_property","is_decorated"],"fullname":"importlib.metadata.Distribution.name","name":"name","type":{".class":"CallableType","arg_kinds":[0],"arg_names":["self"],"arg_types":["importlib.metadata.Distribution"],"bound_args":[],"def_extras":{"first_arg":"self"},"fallback":"builtins.function","from_concatenate":false,"implicit":false,"imprecise_arg_kinds":false,"is_ellipsis_args":false,"name":"name of Distribution","ret_type":"builtins.str","type_guard":null,"type_is":null,"unpack_kwargs":false,"variables":[]}},"is_overload":false,"var":{".class":"Var","flags":["is_initialized_in_class","is_property","is_ready","is_inferred"],"fullname":"importlib.metadata.Distribution.name","name":"name","type":{".class":"CallableType","arg_kinds":[0],"arg_names":["self"],"arg_types":["importlib.metadata.Distribution"],"bound_args":[],"def_extras":{"first_arg":"self"},"fallback":"builtins.function","from_concatenate":false,"implicit":false,"imprecise_arg_kinds":false,"is_ellipsis_args":false,"name":"name of Distribution","ret_type":"builtins.str","type_guard":null,"type_is":null,"unpack_kwargs":false,"variables":[]}}}},"origin":{".class":"SymbolTableNode","kind":"Mdef","node":{".class":"Decorator","func":{".class":"FuncDef","abstract_status":0,"arg_kinds":[0],"arg_names":["self"],"dataclass_transform_spec":null,"deprecated":null,"flags":["is_property","is_decorated"],"fullname":"importlib.metadata.Distribution.origin","name":"origin","type":{".class":"CallableType","arg_kinds":[0],"arg_names":["self"],"arg_types":["importlib.metadata.Distribution"],"bound_args":[],"def_extras":{"first_arg":"self"},"fallback":"builtins.function","from_concatenate":false,"implicit":false,"imprecise_arg_kinds":false,"is_ellipsis_args":false,"name":"origin of Distribution","ret_type":"types.SimpleNamespace","type_guard":null,"type_is":null,"unpack_kwargs":false,"variables":[]}},"is_overload":false,"var":{".class":"Var","flags":["is_initialized_in_class","is_property","is_ready","is_inferred"],"fullname":"importlib.metadata.Distribution.origin","name":"origin","type":{".class":"CallableType","arg_kinds":[0],"arg_names":["self"],"arg_types":["importlib.metadata.Distribution"],"bound_args":[],"def_extras":{"first_arg":"self"},"fallback":"builtins.function","from_concatenate":false,"implicit":false,"imprecise_arg_kinds":false,"is_ellipsis_args":false,"name":"origin of Distribution","ret_type":"types.SimpleNamespace","type_guard":null,"type_is":null,"unpack_kwargs":false,"variables":[]}}}},"read_text":{".class":"SymbolTableNode","kind":"Mdef","node":{".class":"Decorator","func":{".class":"FuncDef","abstract_status":1,"arg_kinds":[0,0],"arg_names":["self","filename"],"dataclass_transform_spec":null,"deprecated":null,"flags":["is_decorated"],"fullname":"importlib.metadata.Distribution.read_text","name":"read_text","type":{".class":"CallableType","arg_kinds":[0,0],"arg_names":["self","filename"],"arg_types":["importlib.metadata.Distribution","builtins.str"],"bound_args":[],"def_extras":{"first_arg":"self"},"fallback":"builtins.function","from_concatenate":false,"implicit":false,"imprecise_arg_kinds":false,"is_ellipsis_args":false,"name":"read_text of Distribution","ret_type":{".class":"UnionType","items":["builtins.str",{".class":"NoneType"}],"uses_pep604_syntax":true},"type_guard":null,"type_is":null,"unpack_kwargs":false,"variables":[]}},"is_overload":false,"var":{".class":"Var","flags":["is_initialized_in_class","is_ready","is_inferred"],"fullname":"importlib.metadata.Distribution.read_text","name":"read_text","type":{".class":"CallableType","arg_kinds":[0,0],"arg_names":["self","filename"],"arg_types":["importlib.metadata.Distribution","builtins.str"],"bound_args":[],"def_extras":{"first_arg":"self"},"fallback":"builtins.function","from_concatenate":false,"implicit":false,"imprecise_arg_kinds":false,"is_ellipsis_args":false,"name":"read_text of Distribution","ret_type":{".class":"UnionType","items":["builtins.str",{".class":"NoneType"}],"uses_pep604_syntax":true},"type_guard":null,"type_is":null,"unpack_kwargs":false,"variables":[]}}}},"requires":{".class":"SymbolTableNode","kind":"Mdef","node":{".class":"Decorator","func":{".class":"FuncDef","abstract_status":0,"arg_kinds":[0],"arg_names":["self"],"dataclass_transform_spec":null,"deprecated":null,"flags":["is_property","is_decorated"],"fullname":"importlib.metadata.Distribution.requires","name":"requires","type":{".class":"CallableType","arg_kinds":[0],"arg_names":["self"],"arg_types":["importlib.metadata.Distribution"],"bound_args":[],"def_extras":{"first_arg":"self"},"fallback":"builtins.function","from_concatenate":false,"implicit":false,"imprecise_arg_kinds":false,"is_ellipsis_args":false,"name":"requires of Distribution","ret_type":{".class":"UnionType","items":[{".class":"Instance","args":["builtins.str"],"extra_attrs":null,"type_ref":"builtins.list"},{".class":"NoneType"}],"uses_pep604_syntax":true},"type_guard":null,"type_is":null,"unpack_kwargs":false,"variables":[]}},"is_overload":false,"var":{".class":"Var","flags":["is_initialized_in_class","is_property","is_ready","is_inferred"],"fullname":"importlib.metadata.Distribution.requires","name":"requires","type":{".class":"CallableType","arg_kinds":[0],"arg_names":["self"],"arg_types":["importlib.metadata.Distribution"],"bound_args":[],"def_extras":{"first_arg":"self"},"fallback":"builtins.function","from_concatenate":false,"implicit":false,"imprecise_arg_kinds":false,"is_ellipsis_args":false,"name":"requires of Distribution","ret_type":{".class":"UnionType","items":[{".class":"Instance","args":["builtins.str"],"extra_attrs":null,"type_ref":"builtins.list"},{".class":"NoneType"}],"uses_pep604_syntax":true},"type_guard":null,"type_is":null,"unpack_kwargs":false,"variables":[]}}}},"version":{".class":"SymbolTableNode","kind":"Mdef","node":{".class":"Decorator","func":{".class":"FuncDef","abstract_status":0,"arg_kinds":[0],"arg_names":["self"],"dataclass_transform_spec":null,"deprecated":null,"flags":["is_property","is_decorated"],"fullname":"importlib.metadata.Distribution.version","name":"version","type":{".class":"CallableType","arg_kinds":[0],"arg_names":["self"],"arg_types":["importlib.metadata.Distribution"],"bound_args":[],"def_extras":{"first_arg":"self"},"fallback":"builtins.function","from_concatenate":false,"implicit":false,"imprecise_arg_kinds":false,"is_ellipsis_args":false,"name":"version of Distribution","ret_type":"builtins.str","type_guard":null,"type_is":null,"unpack_kwargs":false,"variables":[]}},"is_overload":false,"var":{".class":"Var","flags":["is_initialized_in_class","is_property","is_ready","is_inferred"],"fullname":"importlib.metadata.Distribution.version","name":"version","type":{".class":"CallableType","arg_kinds":[0],"arg_names":["self"],"arg_types":["importlib.metadata.Distribution"],"bound_args":[],"def_extras":{"first_arg":"self"},"fallback":"builtins.function","from_concatenate":false,"implicit":false,"imprecise_arg_kinds":false,"is_ellipsis_args":false,"name":"version of Distribution","ret_type":"builtins.str","type_guard":null,"type_is":null,"unpack_kwargs":false,"variables":[]}}}}},"self_type":null,"slots":null,"tuple_type":null,"type_vars":[],"typeddict_type":null}},"DistributionFinder":{".class":"SymbolTableNode","kind":"Gdef","node":{".class":"TypeInfo","_promote":[],"abstract_attributes":[["find_distributions",1]],"alt_promote":null,"bases":["importlib.abc.MetaPathFinder"],"dataclass_transform_spec":null,"declared_metaclass":null,"defn":{".class":"ClassDef","fullname":"importlib.metadata.DistributionFinder","name":"DistributionFinder","type_vars":[]},"deletable_attributes":[],"deprecated":null,"flags":["is_abstract"],"fullname":"importlib.metadata.DistributionFinder","has_param_spec_type":false,"metaclass_type":"abc.ABCMeta","metadata":{},"module_name":"importlib.metadata","mro":["importlib.metadata.DistributionFinder","importlib.abc.MetaPathFinder","builtins.object"],"names":{".class":"SymbolTable","Context":{".class":"SymbolTableNode","kind":"Mdef","node":{".class":"TypeInfo","_promote":[],"abstract_attributes":[],"alt_promote":null,"bases":["builtins.object"],"dataclass_transform_spec":null,"declared_metaclass":null,"defn":{".class":"ClassDef","fullname":"importlib.metadata.DistributionFinder.Context","name":"Context","type_vars":[]},"deletable_attributes":[],"deprecated":null,"flags":[],"fullname":"importlib.metadata.DistributionFinder.Context","has_param_spec_type":false,"metaclass_type":null,"metadata":{},"module_name":"importlib.metadata","mro":["importlib.metadata.DistributionFinder.Context","builtins.object"],"names":{".class":"SymbolTable","__init__":{".class":"SymbolTableNode","kind":"Mdef","node":{".class":"FuncDef","abstract_status":0,"arg_kinds":[0,5,5,4],"arg_names":["self","name","path","kwargs"],"dataclass_transform_spec":null,"deprecated":null,"flags":[],"fullname":"importlib.metadata.DistributionFinder.Context.__init__","name":"__init__","type":{".class":"CallableType","arg_kinds":[0,5,5,4],"arg_names":["self","name","path","kwargs"],"arg_types":["importlib.metadata.DistributionFinder.Context",{".class":"UnionType","items":["builtins.str",{".class":"NoneType"}],"uses_pep604_syntax":true},{".class":"Instance","args":["builtins.str"],"extra_attrs":null,"type_ref":"builtins.list"},{".class":"AnyType","missing_import_name":null,"source_any":null,"type_of_any":2}],"bound_args":[],"def_extras":{"first_arg":"self"},"fallback":"builtins.function","from_concatenate":false,"implicit":false,"imprecise_arg_kinds":false,"is_ellipsis_args":false,"name":"__init__ of Context","ret_type":{".class":"NoneType"},"type_guard":null,"type_is":null,"unpack_kwargs":false,"variables":[]}}},"name":{".class":"SymbolTableNode","kind":"Mdef","node":{".class":"Var","flags":["is_initialized_in_class","is_ready"],"fullname":"importlib.metadata.DistributionFinder.Context.name","name":"name","type":{".class":"UnionType","items":["builtins.str",{".class":"NoneType"}],"uses_pep604_syntax":true}}},"path":{".class":"SymbolTableNode","kind":"Mdef","node":{".class":"Decorator","func":{".class":"FuncDef","abstract_status":0,"arg_kinds":[0],"arg_names":["self"],"dataclass_transform_spec":null,"deprecated":null,"flags":["is_property","is_decorated"],"fullname":"importlib.metadata.DistributionFinder.Context.path","name":"path","type":{".class":"CallableType","arg_kinds":[0],"arg_names":["self"],"arg_types":["importlib.metadata.DistributionFinder.Context"],"bound_args":[],"def_extras":{"first_arg":"self"},"fallback":"builtins.function","from_concatenate":false,"implicit":false,"imprecise_arg_kinds":false,"is_ellipsis_args":false,"name":"path of Context","ret_type":{".class":"Instance","args":["builtins.str"],"extra_attrs":null,"type_ref":"builtins.list"},"type_guard":null,"type_is":null,"unpack_kwargs":false,"variables":[]}},"is_overload":false,"var":{".class":"Var","flags":["is_initialized_in_class","is_property","is_ready","is_inferred"],"fullname":"importlib.metadata.DistributionFinder.Context.path","name":"path","type":{".class":"CallableType","arg_kinds":[0],"arg_names":["self"],"arg_types":["importlib.metadata.DistributionFinder.Context"],"bound_args":[],"def_extras":{"first_arg":"self"},"fallback":"builtins.function","from_concatenate":false,"implicit":false,"imprecise_arg_kinds":false,"is_ellipsis_args":false,"name":"path of Context","ret_type":{".class":"Instance","args":["builtins.str"],"extra_attrs":null,"type_ref":"builtins.list"},"type_guard":null,"type_is":null,"unpack_kwargs":false,"variables":[]}}}}},"self_type":null,"slots":null,"tuple_type":null,"type_vars":[],"typeddict_type":null}},"find_distributions":{".class":"SymbolTableNode","kind":"Mdef","node":{".class":"Decorator","func":{".class":"FuncDef","abstract_status":1,"arg_kinds":[0,1],"arg_names":["self","context"],"dataclass_transform_spec":null,"deprecated":null,"flags":["is_decorated"],"fullname":"importlib.metadata.DistributionFinder.find_distributions","name":"find_distributions","type":{".class":"CallableType","arg_kinds":[0,1],"arg_names":["self","context"],"arg_types":["importlib.metadata.DistributionFinder","importlib.metadata.DistributionFinder.Context"],"bound_args":[],"def_extras":{"first_arg":"self"},"fallback":"builtins.function","from_concatenate":false,"implicit":false,"imprecise_arg_kinds":false,"is_ellipsis_args":false,"name":"find_distributions of DistributionFinder","ret_type":{".class":"Instance","args":["importlib.metadata.Distribution"],"extra_attrs":null,"type_ref":"typing.Iterable"},"type_guard":null,"type_is":null,"unpack_kwargs":false,"variables":[]}},"is_overload":false,"var":{".class":"Var","flags":["is_initialized_in_class","is_ready","is_inferred"],"fullname":"importlib.metadata.DistributionFinder.find_distributions","name":"find_distributions","type":{".class":"CallableType","arg_kinds":[0,1],"arg_names":["self","context"],"arg_types":["importlib.metadata.DistributionFinder","importlib.metadata.DistributionFinder.Context"],"bound_args":[],"def_extras":{"first_arg":"self"},"fallback":"builtins.function","from_concatenate":false,"implicit":false,"imprecise_arg_kinds":false,"is_ellipsis_args":false,"name":"find_distributions of DistributionFinder","ret_type":{".class":"Instance","args":["importlib.metadata.Distribution"],"extra_attrs":null,"type_ref":"typing.Iterable"},"type_guard":null,"type_is":null,"unpack_kwargs":false,"variables":[]}}}}},"self_type":null,"slots":null,"tuple_type":null,"type_vars":[],"typeddict_type":null}},"EntryPoint":{".class":"SymbolTableNode","kind":"Gdef","module_public":false,"node":{".class":"TypeInfo","_promote":[],"abstract_attributes":[],"alt_promote":null,"bases":["builtins.object"],"dataclass_transform_spec":null,"declared_metaclass":null,"defn":{".class":"ClassDef","fullname":"importlib.metadata.EntryPoint","name":"EntryPoint","type_vars":[]},"deletable_attributes":[],"deprecated":null,"flags":[],"fullname":"importlib.metadata.EntryPoint","has_param_spec_type":false,"metaclass_type":null,"metadata":{},"module_name":"importlib.metadata","mro":["importlib.metadata.EntryPoint","builtins.object"],"names":{".class":"SymbolTable","__eq__":{".class":"SymbolTableNode","kind":"Mdef","node":{".class":"FuncDef","abstract_status":0,"arg_kinds":[0,0],"arg_names":[null,null],"dataclass_transform_spec":null,"deprecated":null,"flags":[],"fullname":"importlib.metadata.EntryPoint.__eq__","name":"__eq__","type":{".class":"CallableType","arg_kinds":[0,0],"arg_names":[null,null],"arg_types":["importlib.metadata.EntryPoint","builtins.object"],"bound_args":[],"def_extras":{"first_arg":"self"},"fallback":"builtins.function","from_concatenate":false,"implicit":false,"imprecise_arg_kinds":false,"is_ellipsis_args":false,"name":"__eq__ of EntryPoint","ret_type":"builtins.bool","type_guard":null,"type_is":null,"unpack_kwargs":false,"variables":[]}}},"__hash__":{".class":"SymbolTableNode","kind":"Mdef","node":{".class":"FuncDef","abstract_status":0,"arg_kinds":[0],"arg_names":["self"],"dataclass_transform_spec":null,"deprecated":null,"flags":[],"fullname":"importlib.metadata.EntryPoint.__hash__","name":"__hash__","type":{".class":"CallableType","arg_kinds":[0],"arg_names":["self"],"arg_types":["importlib.metadata.EntryPoint"],"bound_args":[],"def_extras":{"first_arg":"self"},"fallback":"builtins.function","from_concatenate":false,"implicit":false,"imprecise_arg_kinds":false,"is_ellipsis_args":false,"name":"__hash__ of EntryPoint","ret_type":"builtins.int","type_guard":null,"type_is":null,"unpack_kwargs":false,"variables":[]}}},"__init__":{".class":"SymbolTableNode","kind":"Mdef","node":{".class":"FuncDef","abstract_status":0,"arg_kinds":[0,0,0,0],"arg_names":["self","name","value","group"],"dataclass_transform_spec":null,"deprecated":null,"flags":[],"fullname":"importlib.metadata.EntryPoint.__init__","name":"__init__","type":{".class":"CallableType","arg_kinds":[0,0,0,0],"arg_names":["self","name","value","group"],"arg_types":["importlib.metadata.EntryPoint","builtins.str","builtins.str","builtins.str"],"bound_args":[],"def_extras":{"first_arg":"self"},"fallback":"builtins.function","from_concatenate":false,"implicit":false,"imprecise_arg_kinds":false,"is_ellipsis_args":false,"name":"__init__ of EntryPoint","ret_type":{".class":"NoneType"},"type_guard":null,"type_is":null,"unpack_kwargs":false,"variables":[]}}},"__lt__":{".class":"SymbolTableNode","kind":"Mdef","node":{".class":"FuncDef","abstract_status":0,"arg_kinds":[0,0],"arg_names":[null,null],"dataclass_transform_spec":null,"deprecated":null,"flags":[],"fullname":"importlib.metadata.EntryPoint.__lt__","name":"__lt__","type":{".class":"CallableType","arg_kinds":[0,0],"arg_names":[null,null],"arg_types":["importlib.metadata.EntryPoint","builtins.object"],"bound_args":[],"def_extras":{"first_arg":"self"},"fallback":"builtins.function","from_concatenate":false,"implicit":false,"imprecise_arg_kinds":false,"is_ellipsis_args":false,"name":"__lt__ of EntryPoint","ret_type":"builtins.bool","type_guard":null,"type_is":null,"unpack_kwargs":false,"variables":[]}}},"attr":{".class":"SymbolTableNode","kind":"Mdef","node":{".class":"Decorator","func":{".class":"FuncDef","abstract_status":0,"arg_kinds":[0],"arg_names":["self"],"dataclass_transform_spec":null,"deprecated":null,"flags":["is_property","is_decorated"],"fullname":"importlib.metadata.EntryPoint.attr","name":"attr","type":{".class":"CallableType","arg_kinds":[0],"arg_names":["self"],"arg_types":["importlib.metadata.EntryPoint"],"bound_args":[],"def_extras":{"first_arg":"self"},"fallback":"builtins.function","from_concatenate":false,"implicit":false,"imprecise_arg_kinds":false,"is_ellipsis_args":false,"name":"attr of EntryPoint","ret_type":"builtins.str","type_guard":null,"type_is":null,"unpack_kwargs":false,"variables":[]}},"is_overload":false,"var":{".class":"Var","flags":["is_initialized_in_class","is_property","is_ready","is_inferred"],"fullname":"importlib.metadata.EntryPoint.attr","name":"attr","type":{".class":"CallableType","arg_kinds":[0],"arg_names":["self"],"arg_types":["importlib.metadata.EntryPoint"],"bound_args":[],"def_extras":{"first_arg":"self"},"fallback":"builtins.function","from_concatenate":false,"implicit":false,"imprecise_arg_kinds":false,"is_ellipsis_args":false,"name":"attr of EntryPoint","ret_type":"builtins.str","type_guard":null,"type_is":null,"unpack_kwargs":false,"variables":[]}}}},"dist":{".class":"SymbolTableNode","kind":"Mdef","node":{".class":"Var","flags":["is_initialized_in_class","is_classvar","is_ready"],"fullname":"importlib.metadata.EntryPoint.dist","name":"dist","type":{".class":"UnionType","items":["importlib.metadata.Distribution",{".class":"NoneType"}],"uses_pep604_syntax":true}}},"extras":{".class":"SymbolTableNode","kind":"Mdef","node":{".class":"Decorator","func":{".class":"FuncDef","abstract_status":0,"arg_kinds":[0],"arg_names":["self"],"dataclass_transform_spec":null,"deprecated":null,"flags":["is_property","is_decorated"],"fullname":"importlib.metadata.EntryPoint.extras","name":"extras","type":{".class":"CallableType","arg_kinds":[0],"arg_names":["self"],"arg_types":["importlib.metadata.EntryPoint"],"bound_args":[],"def_extras":{"first_arg":"self"},"fallback":"builtins.function","from_concatenate":false,"implicit":false,"imprecise_arg_kinds":false,"is_ellipsis_args":false,"name":"extras of EntryPoint","ret_type":{".class":"Instance","args":["builtins.str"],"extra_attrs":null,"type_ref":"builtins.list"},"type_guard":null,"type_is":null,"unpack_kwargs":false,"variables":[]}},"is_overload":false,"var":{".class":"Var","flags":["is_initialized_in_class","is_property","is_ready","is_inferred"],"fullname":"importlib.metadata.EntryPoint.extras","name":"extras","type":{".class":"CallableType","arg_kinds":[0],"arg_names":["self"],"arg_types":["importlib.metadata.EntryPoint"],"bound_args":[],"def_extras":{"first_arg":"self"},"fallback":"builtins.function","from_concatenate":false,"implicit":false,"imprecise_arg_kinds":false,"is_ellipsis_args":false,"name":"extras of EntryPoint","ret_type":{".class":"Instance","args":["builtins.str"],"extra_attrs":null,"type_ref":"builtins.list"},"type_guard":null,"type_is":null,"unpack_kwargs":false,"variables":[]}}}},"group":{".class":"SymbolTableNode","kind":"Mdef","node":{".class":"Var","flags":["is_initialized_in_class","is_ready"],"fullname":"importlib.metadata.EntryPoint.group","name":"group","type":"builtins.str"}},"load":{".class":"SymbolTableNode","kind":"Mdef","node":{".class":"FuncDef","abstract_status":0,"arg_kinds":[0],"arg_names":["self"],"dataclass_transform_spec":null,"deprecated":null,"flags":[],"fullname":"importlib.metadata.EntryPoint.load","name":"load","type":{".class":"CallableType","arg_kinds":[0],"arg_names":["self"],"arg_types":["importlib.metadata.EntryPoint"],"bound_args":[],"def_extras":{"first_arg":"self"},"fallback":"builtins.function","from_concatenate":false,"implicit":false,"imprecise_arg_kinds":false,"is_ellipsis_args":false,"name":"load of EntryPoint","ret_type":{".class":"AnyType","missing_import_name":null,"source_any":null,"type_of_any":2},"type_guard":null,"type_is":null,"unpack_kwargs":false,"variables":[]}}},"matches":{".class":"SymbolTableNode","kind":"Mdef","node":{".class":"FuncDef","abstract_status":0,"arg_kinds":[0,5,5,5,5,5,5],"arg_names":["self","name","value","group","module","attr","extras"],"dataclass_transform_spec":null,"deprecated":null,"flags":[],"fullname":"importlib.metadata.EntryPoint.matches","name":"matches","type":{".class":"CallableType","arg_kinds":[0,5,5,5,5,5,5],"arg_names":["self","name","value","group","module","attr","extras"],"arg_types":["importlib.metadata.EntryPoint","builtins.str","builtins.str","builtins.str","builtins.str","builtins.str",{".class":"Instance","args":["builtins.str"],"extra_attrs":null,"type_ref":"builtins.list"}],"bound_args":[],"def_extras":{"first_arg":"self"},"fallback":"builtins.function","from_concatenate":false,"implicit":false,"imprecise_arg_kinds":false,"is_ellipsis_args":false,"name":"matches of EntryPoint","ret_type":"builtins.bool","type_guard":null,"type_is":null,"unpack_kwargs":false,"variables":[]}}},"module":{".class":"SymbolTableNode","kind":"Mdef","node":{".class":"Decorator","func":{".class":"FuncDef","abstract_status":0,"arg_kinds":[0],"arg_names":["self"],"dataclass_transform_spec":null,"deprecated":null,"flags":["is_property","is_decorated"],"fullname":"importlib.metadata.EntryPoint.module","name":"module","type":{".class":"CallableType","arg_kinds":[0],"arg_names":["self"],"arg_types":["importlib.metadata.EntryPoint"],"bound_args":[],"def_extras":{"first_arg":"self"},"fallback":"builtins.function","from_concatenate":false,"implicit":false,"imprecise_arg_kinds":false,"is_ellipsis_args":false,"name":"module of EntryPoint","ret_type":"builtins.str","type_guard":null,"type_is":null,"unpack_kwargs":false,"variables":[]}},"is_overload":false,"var":{".class":"Var","flags":["is_initialized_in_class","is_property","is_ready","is_inferred"],"fullname":"importlib.metadata.EntryPoint.module","name":"module","type":{".class":"CallableType","arg_kinds":[0],"arg_names":["self"],"arg_types":["importlib.metadata.EntryPoint"],"bound_args":[],"def_extras":{"first_arg":"self"},"fallback":"builtins.function","from_concatenate":false,"implicit":false,"imprecise_arg_kinds":false,"is_ellipsis_args":false,"name":"module of EntryPoint","ret_type":"builtins.str","type_guard":null,"type_is":null,"unpack_kwargs":false,"variables":[]}}}},"name":{".class":"SymbolTableNode","kind":"Mdef","node":{".class":"Var","flags":["is_initialized_in_class","is_ready"],"fullname":"importlib.metadata.EntryPoint.name","name":"name","type":"builtins.str"}},"pattern":{".class":"SymbolTableNode","kind":"Mdef","node":{".class":"Var","flags":["is_initialized_in_class","is_classvar","is_ready"],"fullname":"importlib.metadata.EntryPoint.pattern","name":"pattern","type":{".class":"Instance","args":["builtins.str"],"extra_attrs":null,"type_ref":"re.Pattern"}}},"value":{".class":"SymbolTableNode","kind":"Mdef","node":{".class":"Var","flags":["is_initialized_in_class","is_ready"],"fullname":"importlib.metadata.EntryPoint.value","name":"value","type":"builtins.str"}}},"self_type":null,"slots":null,"tuple_type":null,"type_vars":[],"typeddict_type":null}},"EntryPoints":{".class":"SymbolTableNode","kind":"Gdef","module_public":false,"node":{".class":"TypeInfo","_promote":[],"abstract_attributes":[],"alt_promote":null,"bases":[{".class":"Instance","args":["importlib.metadata.EntryPoint"],"extra_attrs":null,"type_ref":"builtins.tuple"}],"dataclass_transform_spec":null,"declared_metaclass":null,"defn":{".class":"ClassDef","fullname":"importlib.metadata.EntryPoints","name":"EntryPoints","type_vars":[]},"deletable_attributes":[],"deprecated":null,"flags":[],"fullname":"importlib.metadata.EntryPoints","has_param_spec_type":false,"metaclass_type":"abc.ABCMeta","metadata":{},"module_name":"importlib.metadata","mro":["importlib.metadata.EntryPoints","builtins.tuple","typing.Sequence","typing.Reversible","typing.Collection","typing.Iterable","typing.Container","builtins.object"],"names":{".class":"SymbolTable","__getitem__":{".class":"SymbolTableNode","kind":"Mdef","node":{".class":"FuncDef","abstract_status":0,"arg_kinds":[0,0],"arg_names":[null,null],"dataclass_transform_spec":null,"deprecated":null,"flags":[],"fullname":"importlib.metadata.EntryPoints.__getitem__","name":"__getitem__","type":{".class":"CallableType","arg_kinds":[0,0],"arg_names":[null,null],"arg_types":["importlib.metadata.EntryPoints","builtins.str"],"bound_args":[],"def_extras":{"first_arg":"self"},"fallback":"builtins.function","from_concatenate":false,"implicit":false,"imprecise_arg_kinds":false,"is_ellipsis_args":false,"name":"__getitem__ of EntryPoints","ret_type":"importlib.metadata.EntryPoint","type_guard":null,"type_is":null,"unpack_kwargs":false,"variables":[]}}},"groups":{".class":"SymbolTableNode","kind":"Mdef","node":{".class":"Decorator","func":{".class":"FuncDef","abstract_status":0,"arg_kinds":[0],"arg_names":["self"],"dataclass_transform_spec":null,"deprecated":null,"flags":["is_property","is_decorated"],"fullname":"importlib.metadata.EntryPoints.groups","name":"groups","type":{".class":"CallableType","arg_kinds":[0],"arg_names":["self"],"arg_types":["importlib.metadata.EntryPoints"],"bound_args":[],"def_extras":{"first_arg":"self"},"fallback":"builtins.function","from_concatenate":false,"implicit":false,"imprecise_arg_kinds":false,"is_ellipsis_args":false,"name":"groups of EntryPoints","ret_type":{".class":"Instance","args":["builtins.str"],"extra_attrs":null,"type_ref":"builtins.set"},"type_guard":null,"type_is":null,"unpack_kwargs":false,"variables":[]}},"is_overload":false,"var":{".class":"Var","flags":["is_initialized_in_class","is_property","is_ready","is_inferred"],"fullname":"importlib.metadata.EntryPoints.groups","name":"groups","type":{".class":"CallableType","arg_kinds":[0],"arg_names":["self"],"arg_types":["importlib.metadata.EntryPoints"],"bound_args":[],"def_extras":{"first_arg":"self"},"fallback":"builtins.function","from_concatenate":false,"implicit":false,"imprecise_arg_kinds":false,"is_ellipsis_args":false,"name":"groups of EntryPoints","ret_type":{".class":"Instance","args":["builtins.str"],"extra_attrs":null,"type_ref":"builtins.set"},"type_guard":null,"type_is":null,"unpack_kwargs":false,"variables":[]}}}},"names":{".class":"SymbolTableNode","kind":"Mdef","node":{".class":"Decorator","func":{".class":"FuncDef","abstract_status":0,"arg_kinds":[0],"arg_names":["self"],"dataclass_transform_spec":null,"deprecated":null,"flags":["is_property","is_decorated"],"fullname":"importlib.metadata.EntryPoints.names","name":"names","type":{".class":"CallableType","arg_kinds":[0],"arg_names":["self"],"arg_types":["importlib.metadata.EntryPoints"],"bound_args":[],"def_extras":{"first_arg":"self"},"fallback":"builtins.function","from_concatenate":false,"implicit":false,"imprecise_arg_kinds":false,"is_ellipsis_args":false,"name":"names of EntryPoints","ret_type":{".class":"Instance","args":["builtins.str"],"extra_attrs":null,"type_ref":"builtins.set"},"type_guard":null,"type_is":null,"unpack_kwargs":false,"variables":[]}},"is_overload":false,"var":{".class":"Var","flags":["is_initialized_in_class","is_property","is_ready","is_inferred"],"fullname":"importlib.metadata.EntryPoints.names","name":"names","type":{".class":"CallableType","arg_kinds":[0],"arg_names":["self"],"arg_types":["importlib.metadata.EntryPoints"],"bound_args":[],"def_extras":{"first_arg":"self"},"fallback":"builtins.function","from_concatenate":false,"implicit":false,"imprecise_arg_kinds":false,"is_ellipsis_args":false,"name":"names of EntryPoints","ret_type":{".class":"Instance","args":["builtins.str"],"extra_attrs":null,"type_ref":"builtins.set"},"type_guard":null,"type_is":null,"unpack_kwargs":false,"variables":[]}}}},"select":{".class":"SymbolTableNode","kind":"Mdef","node":{".class":"FuncDef","abstract_status":0,"arg_kinds":[0,5,5,5,5,5,5],"arg_names":["self","name","value","group","module","attr","extras"],"dataclass_transform_spec":null,"deprecated":null,"flags":[],"fullname":"importlib.metadata.EntryPoints.select","name":"select","type":{".class":"CallableType","arg_kinds":[0,5,5,5,5,5,5],"arg_names":["self","name","value","group","module","attr","extras"],"arg_types":["importlib.metadata.EntryPoints","builtins.str","builtins.str","builtins.str","builtins.str","builtins.str",{".class":"Instance","args":["builtins.str"],"extra_attrs":null,"type_ref":"builtins.list"}],"bound_args":[],"def_extras":{"first_arg":"self"},"fallback":"builtins.function","from_concatenate":false,"implicit":false,"imprecise_arg_kinds":false,"is_ellipsis_args":false,"name":"select of EntryPoints","ret_type":"importlib.metadata.EntryPoints","type_guard":null,"type_is":null,"unpack_kwargs":false,"variables":[]}}}},"self_type":null,"slots":null,"tuple_type":null,"type_vars":[],"typeddict_type":null}},"FileHash":{".class":"SymbolTableNode","kind":"Gdef","module_public":false,"node":{".class":"TypeInfo","_promote":[],"abstract_attributes":[],"alt_promote":null,"bases":["builtins.object"],"dataclass_transform_spec":null,"declared_metaclass":null,"defn":{".class":"ClassDef","fullname":"importlib.metadata.FileHash","name":"FileHash","type_vars":[]},"deletable_attributes":[],"deprecated":null,"flags":[],"fullname":"importlib.metadata.FileHash","has_param_spec_type":false,"metaclass_type":null,"metadata":{},"module_name":"importlib.metadata","mro":["importlib.metadata.FileHash","builtins.object"],"names":{".class":"SymbolTable","__init__":{".class":"SymbolTableNode","kind":"Mdef","node":{".class":"FuncDef","abstract_status":0,"arg_kinds":[0,0],"arg_names":["self","spec"],"dataclass_transform_spec":null,"deprecated":null,"flags":[],"fullname":"importlib.metadata.FileHash.__init__","name":"__init__","type":{".class":"CallableType","arg_kinds":[0,0],"arg_names":["self","spec"],"arg_types":["importlib.metadata.FileHash","builtins.str"],"bound_args":[],"def_extras":{"first_arg":"self"},"fallback":"builtins.function","from_concatenate":false,"implicit":false,"imprecise_arg_kinds":false,"is_ellipsis_args":false,"name":"__init__ of FileHash","ret_type":{".class":"NoneType"},"type_guard":null,"type_is":null,"unpack_kwargs":false,"variables":[]}}},"mode":{".class":"SymbolTableNode","kind":"Mdef","node":{".class":"Var","flags":["is_initialized_in_class","is_ready"],"fullname":"importlib.metadata.FileHash.mode","name":"mode","type":"builtins.str"}},"value":{".class":"SymbolTableNode","kind":"Mdef","node":{".class":"Var","flags":["is_initialized_in_class","is_ready"],"fullname":"importlib.metadata.FileHash.value","name":"value","type":"builtins.str"}}},"self_type":null,"slots":null,"tuple_type":null,"type_vars":[],"typeddict_type":null}},"Generic":{".class":"SymbolTableNode","cross_ref":"typing.Generic","kind":"Gdef","module_hidden":true,"module_public":false},"Iterable":{".class":"SymbolTableNode","cross_ref":"typing.Iterable","kind":"Gdef","module_hidden":true,"module_public":false},"Iterator":{".class":"SymbolTableNode","cross_ref":"typing.Iterator","kind":"Gdef","module_hidden":true,"module_public":false},"Mapping":{".class":"SymbolTableNode","cross_ref":"typing.Mapping","kind":"Gdef","module_hidden":true,"module_public":false},"Message":{".class":"SymbolTableNode","cross_ref":"email.message.Message","kind":"Gdef","module_hidden":true,"module_public":false},"MetaPathFinder":{".class":"SymbolTableNode","cross_ref":"importlib.abc.MetaPathFinder","kind":"Gdef","module_hidden":true,"module_public":false},"MetadataPathFinder":{".class":"SymbolTableNode","kind":"Gdef","module_public":false,"node":{".class":"TypeInfo","_promote":[],"abstract_attributes":[],"alt_promote":null,"bases":["importlib.metadata.DistributionFinder"],"dataclass_transform_spec":null,"declared_metaclass":null,"defn":{".class":"ClassDef","fullname":"importlib.metadata.MetadataPathFinder","name":"MetadataPathFinder","type_vars":[]},"deletable_attributes":[],"deprecated":null,"flags":[],"fullname":"importlib.metadata.MetadataPathFinder","has_param_spec_type":false,"metaclass_type":"abc.ABCMeta","metadata":{},"module_name":"importlib.metadata","mro":["importlib.metadata.MetadataPathFinder","importlib.metadata.DistributionFinder","importlib.abc.MetaPathFinder","builtins.object"],"names":{".class":"SymbolTable","find_distributions":{".class":"SymbolTableNode","kind":"Mdef","node":{".class":"Decorator","func":{".class":"FuncDef","abstract_status":0,"arg_kinds":[0,1],"arg_names":["cls","context"],"dataclass_transform_spec":null,"deprecated":null,"flags":["is_class","is_decorated"],"fullname":"importlib.metadata.MetadataPathFinder.find_distributions","name":"find_distributions","type":{".class":"CallableType","arg_kinds":[0,1],"arg_names":["cls","context"],"arg_types":[{".class":"TypeType","item":"importlib.metadata.MetadataPathFinder"},"importlib.metadata.DistributionFinder.Context"],"bound_args":[],"def_extras":{"first_arg":"cls"},"fallback":"builtins.function","from_concatenate":false,"implicit":false,"imprecise_arg_kinds":false,"is_ellipsis_args":false,"name":"find_distributions of MetadataPathFinder","ret_type":{".class":"Instance","args":["importlib.metadata.PathDistribution"],"extra_attrs":null,"type_ref":"typing.Iterable"},"type_guard":null,"type_is":null,"unpack_kwargs":false,"variables":[]}},"is_overload":false,"var":{".class":"Var","flags":["is_initialized_in_class","is_classmethod","is_ready","is_inferred"],"fullname":"importlib.metadata.MetadataPathFinder.find_distributions","name":"find_distributions","type":{".class":"CallableType","arg_kinds":[0,1],"arg_names":["cls","context"],"arg_types":[{".class":"TypeType","item":"importlib.metadata.MetadataPathFinder"},"importlib.metadata.DistributionFinder.Context"],"bound_args":[],"def_extras":{"first_arg":"cls"},"fallback":"builtins.function","from_concatenate":false,"implicit":false,"imprecise_arg_kinds":false,"is_ellipsis_args":false,"name":"find_distributions of MetadataPathFinder","ret_type":{".class":"Instance","args":["importlib.metadata.PathDistribution"],"extra_attrs":null,"type_ref":"typing.Iterable"},"type_guard":null,"type_is":null,"unpack_kwargs":false,"variables":[]}}}},"invalidate_caches":{".class":"SymbolTableNode","kind":"Mdef","node":{".class":"Decorator","func":{".class":"FuncDef","abstract_status":0,"arg_kinds":[0],"arg_names":["cls"],"dataclass_transform_spec":null,"deprecated":null,"flags":["is_class","is_decorated"],"fullname":"importlib.metadata.MetadataPathFinder.invalidate_caches","name":"invalidate_caches","type":{".class":"CallableType","arg_kinds":[0],"arg_names":["cls"],"arg_types":[{".class":"TypeType","item":"importlib.metadata.MetadataPathFinder"}],"bound_args":[],"def_extras":{"first_arg":"cls"},"fallback":"builtins.function","from_concatenate":false,"implicit":false,"imprecise_arg_kinds":false,"is_ellipsis_args":false,"name":"invalidate_caches of MetadataPathFinder","ret_type":{".class":"NoneType"},"type_guard":null,"type_is":null,"unpack_kwargs":false,"variables":[]}},"is_overload":false,"var":{".class":"Var","flags":["is_initialized_in_class","is_classmethod","is_ready","is_inferred"],"fullname":"importlib.metadata.MetadataPathFinder.invalidate_caches","name":"invalidate_caches","type":{".class":"CallableType","arg_kinds":[0],"arg_names":["cls"],"arg_types":[{".class":"TypeType","item":"importlib.metadata.MetadataPathFinder"}],"bound_args":[],"def_extras":{"first_arg":"cls"},"fallback":"builtins.function","from_concatenate":false,"implicit":false,"imprecise_arg_kinds":false,"is_ellipsis_args":false,"name":"invalidate_caches of MetadataPathFinder","ret_type":{".class":"NoneType"},"type_guard":null,"type_is":null,"unpack_kwargs":false,"variables":[]}}}}},"self_type":null,"slots":null,"tuple_type":null,"type_vars":[],"typeddict_type":null}},"NamedTuple":{".class":"SymbolTableNode","cross_ref":"typing.NamedTuple","kind":"Gdef","module_hidden":true,"module_public":false},"PackageMetadata":{".class":"SymbolTableNode","cross_ref":"importlib.metadata._meta.PackageMetadata","kind":"Gdef"},"PackageNotFoundError":{".class":"SymbolTableNode","kind":"Gdef","node":{".class":"TypeInfo","_promote":[],"abstract_attributes":[],"alt_promote":null,"bases":["builtins.ModuleNotFoundError"],"dataclass_transform_spec":null,"declared_metaclass":null,"defn":{".class":"ClassDef","fullname":"importlib.metadata.PackageNotFoundError","name":"PackageNotFoundError","type_vars":[]},"deletable_attributes":[],"deprecated":null,"flags":[],"fullname":"importlib.metadata.PackageNotFoundError","has_param_spec_type":false,"metaclass_type":null,"metadata":{},"module_name":"importlib.metadata","mro":["importlib.metadata.PackageNotFoundError","builtins.ModuleNotFoundError","builtins.ImportError","builtins.Exception","builtins.BaseException","builtins.object"],"names":{".class":"SymbolTable","name":{".class":"SymbolTableNode","kind":"Mdef","node":{".class":"Decorator","func":{".class":"FuncDef","abstract_status":0,"arg_kinds":[0],"arg_names":["self"],"dataclass_transform_spec":null,"deprecated":null,"flags":["is_property","is_decorated"],"fullname":"importlib.metadata.PackageNotFoundError.name","name":"name","type":{".class":"CallableType","arg_kinds":[0],"arg_names":["self"],"arg_types":["importlib.metadata.PackageNotFoundError"],"bound_args":[],"def_extras":{"first_arg":"self"},"fallback":"builtins.function","from_concatenate":false,"implicit":false,"imprecise_arg_kinds":false,"is_ellipsis_args":false,"name":"name of PackageNotFoundError","ret_type":"builtins.str","type_guard":null,"type_is":null,"unpack_kwargs":false,"variables":[]}},"is_overload":false,"var":{".class":"Var","flags":["is_initialized_in_class","is_property","is_ready","is_inferred"],"fullname":"importlib.metadata.PackageNotFoundError.name","name":"name","type":{".class":"CallableType","arg_kinds":[0],"arg_names":["self"],"arg_types":["importlib.metadata.PackageNotFoundError"],"bound_args":[],"def_extras":{"first_arg":"self"},"fallback":"builtins.function","from_concatenate":false,"implicit":false,"imprecise_arg_kinds":false,"is_ellipsis_args":false,"name":"name of PackageNotFoundError","ret_type":"builtins.str","type_guard":null,"type_is":null,"unpack_kwargs":false,"variables":[]}}}}},"self_type":null,"slots":null,"tuple_type":null,"type_vars":[],"typeddict_type":null}},"PackagePath":{".class":"SymbolTableNode","kind":"Gdef","module_public":false,"node":{".class":"TypeInfo","_promote":[],"abstract_attributes":[],"alt_promote":null,"bases":["pathlib.PurePosixPath"],"dataclass_transform_spec":null,"declared_metaclass":null,"defn":{".class":"ClassDef","fullname":"importlib.metadata.PackagePath","name":"PackagePath","type_vars":[]},"deletable_attributes":[],"deprecated":null,"flags":[],"fullname":"importlib.metadata.PackagePath","has_param_spec_type":false,"metaclass_type":"abc.ABCMeta","metadata":{},"module_name":"importlib.metadata","mro":["importlib.metadata.PackagePath","pathlib.PurePosixPath","pathlib.PurePath","os.PathLike","abc.ABC","builtins.object"],"names":{".class":"SymbolTable","dist":{".class":"SymbolTableNode","kind":"Mdef","node":{".class":"Var","flags":["is_initialized_in_class","is_ready"],"fullname":"importlib.metadata.PackagePath.dist","name":"dist","type":"importlib.metadata.Distribution"}},"hash":{".class":"SymbolTableNode","kind":"Mdef","node":{".class":"Var","flags":["is_initialized_in_class","is_ready"],"fullname":"importlib.metadata.PackagePath.hash","name":"hash","type":{".class":"UnionType","items":["importlib.metadata.FileHash",{".class":"NoneType"}],"uses_pep604_syntax":true}}},"locate":{".class":"SymbolTableNode","kind":"Mdef","node":{".class":"FuncDef","abstract_status":0,"arg_kinds":[0],"arg_names":["self"],"dataclass_transform_spec":null,"deprecated":null,"flags":[],"fullname":"importlib.metadata.PackagePath.locate","name":"locate","type":{".class":"CallableType","arg_kinds":[0],"arg_names":["self"],"arg_types":["importlib.metadata.PackagePath"],"bound_args":[],"def_extras":{"first_arg":"self"},"fallback":"builtins.function","from_concatenate":false,"implicit":false,"imprecise_arg_kinds":false,"is_ellipsis_args":false,"name":"locate of PackagePath","ret_type":{".class":"Instance","args":["builtins.str"],"extra_attrs":null,"type_ref":"os.PathLike"},"type_guard":null,"type_is":null,"unpack_kwargs":false,"variables":[]}}},"read_binary":{".class":"SymbolTableNode","kind":"Mdef","node":{".class":"FuncDef","abstract_status":0,"arg_kinds":[0],"arg_names":["self"],"dataclass_transform_spec":null,"deprecated":null,"flags":[],"fullname":"importlib.metadata.PackagePath.read_binary","name":"read_binary","type":{".class":"CallableType","arg_kinds":[0],"arg_names":["self"],"arg_types":["importlib.metadata.PackagePath"],"bound_args":[],"def_extras":{"first_arg":"self"},"fallback":"builtins.function","from_concatenate":false,"implicit":false,"imprecise_arg_kinds":false,"is_ellipsis_args":false,"name":"read_binary of PackagePath","ret_type":"builtins.bytes","type_guard":null,"type_is":null,"unpack_kwargs":false,"variables":[]}}},"read_text":{".class":"SymbolTableNode","kind":"Mdef","node":{".class":"FuncDef","abstract_status":0,"arg_kinds":[0,1],"arg_names":["self","encoding"],"dataclass_transform_spec":null,"deprecated":null,"flags":[],"fullname":"importlib.metadata.PackagePath.read_text","name":"read_text","type":{".class":"CallableType","arg_kinds":[0,1],"arg_names":["self","encoding"],"arg_types":["importlib.metadata.PackagePath","builtins.str"],"bound_args":[],"def_extras":{"first_arg":"self"},"fallback":"builtins.function","from_concatenate":false,"implicit":false,"imprecise_arg_kinds":false,"is_ellipsis_args":false,"name":"read_text of PackagePath","ret_type":"builtins.str","type_guard":null,"type_is":null,"unpack_kwargs":false,"variables":[]}}},"size":{".class":"SymbolTableNode","kind":"Mdef","node":{".class":"Var","flags":["is_initialized_in_class","is_ready"],"fullname":"importlib.metadata.PackagePath.size","name":"size","type":{".class":"UnionType","items":["builtins.int",{".class":"NoneType"}],"uses_pep604_syntax":true}}}},"self_type":null,"slots":null,"tuple_type":null,"type_vars":[],"typeddict_type":null}},"Path":{".class":"SymbolTableNode","cross_ref":"pathlib.Path","kind":"Gdef","module_hidden":true,"module_public":false},"PathDistribution":{".class":"SymbolTableNode","kind":"Gdef","module_public":false,"node":{".class":"TypeInfo","_promote":[],"abstract_attributes":[],"alt_promote":null,"bases":["importlib.metadata.Distribution"],"dataclass_transform_spec":null,"declared_metaclass":null,"defn":{".class":"ClassDef","fullname":"importlib.metadata.PathDistribution","name":"PathDistribution","type_vars":[]},"deletable_attributes":[],"deprecated":null,"flags":[],"fullname":"importlib.metadata.PathDistribution","has_param_spec_type":false,"metaclass_type":null,"metadata":{},"module_name":"importlib.metadata","mro":["importlib.metadata.PathDistribution","importlib.metadata.Distribution","importlib.metadata.DeprecatedNonAbstract","builtins.object"],"names":{".class":"SymbolTable","__init__":{".class":"SymbolTableNode","kind":"Mdef","node":{".class":"FuncDef","abstract_status":0,"arg_kinds":[0,0],"arg_names":["self","path"],"dataclass_transform_spec":null,"deprecated":null,"flags":[],"fullname":"importlib.metadata.PathDistribution.__init__","name":"__init__","type":{".class":"CallableType","arg_kinds":[0,0],"arg_names":["self","path"],"arg_types":["importlib.metadata.PathDistribution","importlib.metadata._meta.SimplePath"],"bound_args":[],"def_extras":{"first_arg":"self"},"fallback":"builtins.function","from_concatenate":false,"implicit":false,"imprecise_arg_kinds":false,"is_ellipsis_args":false,"name":"__init__ of PathDistribution","ret_type":{".class":"NoneType"},"type_guard":null,"type_is":null,"unpack_kwargs":false,"variables":[]}}},"_path":{".class":"SymbolTableNode","kind":"Mdef","node":{".class":"Var","flags":["is_initialized_in_class","is_ready"],"fullname":"importlib.metadata.PathDistribution._path","name":"_path","type":"importlib.metadata._meta.SimplePath"}},"locate_file":{".class":"SymbolTableNode","kind":"Mdef","node":{".class":"FuncDef","abstract_status":0,"arg_kinds":[0,0],"arg_names":["self","path"],"dataclass_transform_spec":null,"deprecated":null,"flags":[],"fullname":"importlib.metadata.PathDistribution.locate_file","name":"locate_file","type":{".class":"CallableType","arg_kinds":[0,0],"arg_names":["self","path"],"arg_types":["importlib.metadata.PathDistribution",{".class":"TypeAliasType","args":[],"type_ref":"_typeshed.StrPath"}],"bound_args":[],"def_extras":{"first_arg":"self"},"fallback":"builtins.function","from_concatenate":false,"implicit":false,"imprecise_arg_kinds":false,"is_ellipsis_args":false,"name":"locate_file of PathDistribution","ret_type":"importlib.metadata._meta.SimplePath","type_guard":null,"type_is":null,"unpack_kwargs":false,"variables":[]}}},"read_text":{".class":"SymbolTableNode","kind":"Mdef","node":{".class":"FuncDef","abstract_status":0,"arg_kinds":[0,0],"arg_names":["self","filename"],"dataclass_transform_spec":null,"deprecated":null,"flags":[],"fullname":"importlib.metadata.PathDistribution.read_text","name":"read_text","type":{".class":"CallableType","arg_kinds":[0,0],"arg_names":["self","filename"],"arg_types":["importlib.metadata.PathDistribution",{".class":"TypeAliasType","args":[],"type_ref":"_typeshed.StrPath"}],"bound_args":[],"def_extras":{"first_arg":"self"},"fallback":"builtins.function","from_concatenate":false,"implicit":false,"imprecise_arg_kinds":false,"is_ellipsis_args":false,"name":"read_text of PathDistribution","ret_type":{".class":"UnionType","items":["builtins.str",{".class":"NoneType"}],"uses_pep604_syntax":true},"type_guard":null,"type_is":null,"unpack_kwargs":false,"variables":[]}}}},"self_type":null,"slots":null,"tuple_type":null,"type_vars":[],"typeddict_type":null}},"PathLike":{".class":"SymbolTableNode","cross_ref":"os.PathLike","kind":"Gdef","module_hidden":true,"module_public":false},"Pattern":{".class":"SymbolTableNode","cross_ref":"re.Pattern","kind":"Gdef","module_hidden":true,"module_public":false},"Self":{".class":"SymbolTableNode","cross_ref":"typing.Self","kind":"Gdef","module_hidden":true,"module_public":false},"SimplePath":{".class":"SymbolTableNode","cross_ref":"importlib.metadata._meta.SimplePath","kind":"Gdef","module_hidden":true,"module_public":false},"StrPath":{".class":"SymbolTableNode","cross_ref":"_typeshed.StrPath","kind":"Gdef","module_hidden":true,"module_public":false},"TypeAlias":{".class":"SymbolTableNode","cross_ref":"typing.TypeAlias","kind":"Gdef","module_hidden":true,"module_public":false},"TypeVar":{".class":"SymbolTableNode","cross_ref":"typing.TypeVar","kind":"Gdef","module_hidden":true,"module_public":false},"_EntryPointBase":{".class":"SymbolTableNode","kind":"Gdef","module_public":false,"node":{".class":"TypeAlias","alias_tvars":[],"column":4,"fullname":"importlib.metadata._EntryPointBase","line":50,"no_args":true,"normalized":false,"python_3_12_type_alias":false,"target":"builtins.object"}},"_KT":{".class":"SymbolTableNode","kind":"Gdef","module_public":false,"node":{".class":"TypeVarExpr","default":{".class":"AnyType","missing_import_name":null,"source_any":null,"type_of_any":4},"fullname":"importlib.metadata._KT","name":"_KT","upper_bound":"builtins.object","values":[],"variance":0}},"_SimplePath":{".class":"SymbolTableNode","kind":"Gdef","module_public":false,"node":{".class":"TypeAlias","alias_tvars":[],"column":4,"fullname":"importlib.metadata._SimplePath","line":40,"no_args":true,"normalized":false,"python_3_12_type_alias":false,"target":"importlib.metadata._meta.SimplePath"}},"_T":{".class":"SymbolTableNode","kind":"Gdef","module_public":false,"node":{".class":"TypeVarExpr","default":{".class":"AnyType","missing_import_name":null,"source_any":null,"type_of_any":4},"fullname":"importlib.metadata._T","name":"_T","upper_bound":"builtins.object","values":[],"variance":0}},"_VT":{".class":"SymbolTableNode","kind":"Gdef","module_public":false,"node":{".class":"TypeVarExpr","default":{".class":"AnyType","missing_import_name":null,"source_any":null,"type_of_any":4},"fullname":"importlib.metadata._VT","name":"_VT","upper_bound":"builtins.object","values":[],"variance":0}},"__all__":{".class":"SymbolTableNode","kind":"Gdef","module_public":false,"node":{".class":"Var","flags":["is_inferred","has_explicit_value"],"fullname":"importlib.metadata.__all__","name":"__all__","type":{".class":"Instance","args":["builtins.str"],"extra_attrs":null,"type_ref":"builtins.list"}}},"__annotations__":{".class":"SymbolTableNode","kind":"Gdef","module_public":false,"node":{".class":"Var","flags":["is_ready"],"fullname":"importlib.metadata.__annotations__","name":"__annotations__","type":{".class":"Instance","args":["builtins.str",{".class":"AnyType","missing_import_name":null,"source_any":null,"type_of_any":6}],"extra_attrs":null,"type_ref":"builtins.dict"}}},"__doc__":{".class":"SymbolTableNode","kind":"Gdef","module_public":false,"node":{".class":"Var","flags":["is_ready"],"fullname":"importlib.metadata.__doc__","name":"__doc__","type":"builtins.str"}},"__file__":{".class":"SymbolTableNode","kind":"Gdef","module_public":false,"node":{".class":"Var","flags":["is_ready"],"fullname":"importlib.metadata.__file__","name":"__file__","type":"builtins.str"}},"__name__":{".class":"SymbolTableNode","kind":"Gdef","module_public":false,"node":{".class":"Var","flags":["is_ready"],"fullname":"importlib.metadata.__name__","name":"__name__","type":"builtins.str"}},"__package__":{".class":"SymbolTableNode","kind":"Gdef","module_public":false,"node":{".class":"Var","flags":["is_ready"],"fullname":"importlib.metadata.__package__","name":"__package__","type":"builtins.str"}},"__path__":{".class":"SymbolTableNode","kind":"Gdef","module_public":false,"node":{".class":"Var","flags":["is_ready"],"fullname":"importlib.metadata.__path__","name":"__path__","type":{".class":"Instance","args":["builtins.str"],"extra_attrs":null,"type_ref":"builtins.list"}}},"__spec__":{".class":"SymbolTableNode","kind":"Gdef","module_public":false,"node":{".class":"Var","flags":["is_ready"],"fullname":"importlib.metadata.__spec__","name":"__spec__","type":"_frozen_importlib.ModuleSpec"}},"_distribution_parent":{".class":"SymbolTableNode","kind":"Gdef","module_public":false,"node":{".class":"TypeAlias","alias_tvars":[],"column":4,"fullname":"importlib.metadata._distribution_parent","line":187,"no_args":true,"normalized":false,"python_3_12_type_alias":false,"target":"importlib.metadata.DeprecatedNonAbstract"}},"abc":{".class":"SymbolTableNode","cross_ref":"abc","kind":"Gdef","module_hidden":true,"module_public":false},"dict_keys":{".class":"SymbolTableNode","cross_ref":"_collections_abc.dict_keys","kind":"Gdef","module_hidden":true,"module_public":false},"dict_values":{".class":"SymbolTableNode","cross_ref":"_collections_abc.dict_values","kind":"Gdef","module_hidden":true,"module_public":false},"distribution":{".class":"SymbolTableNode","kind":"Gdef","node":{".class":"FuncDef","abstract_status":0,"arg_kinds":[0],"arg_names":["distribution_name"],"dataclass_transform_spec":null,"deprecated":null,"flags":[],"fullname":"importlib.metadata.distribution","name":"distribution","type":{".class":"CallableType","arg_kinds":[0],"arg_names":["distribution_name"],"arg_types":["builtins.str"],"bound_args":[],"def_extras":{"first_arg":null},"fallback":"builtins.function","from_concatenate":false,"implicit":false,"imprecise_arg_kinds":false,"is_ellipsis_args":false,"name":"distribution","ret_type":"importlib.metadata.Distribution","type_guard":null,"type_is":null,"unpack_kwargs":false,"variables":[]}}},"distributions":{".class":"SymbolTableNode","kind":"Gdef","node":{".class":"OverloadedFuncDef","deprecated":null,"flags":[],"fullname":"importlib.metadata.distributions","impl":null,"items":[{".class":"Decorator","func":{".class":"FuncDef","abstract_status":0,"arg_kinds":[3],"arg_names":["context"],"dataclass_transform_spec":null,"deprecated":null,"flags":["is_overload","is_decorated"],"fullname":"importlib.metadata.distributions","name":"distributions","type":{".class":"CallableType","arg_kinds":[3],"arg_names":["context"],"arg_types":["importlib.metadata.DistributionFinder.Context"],"bound_args":[],"def_extras":{"first_arg":null},"fallback":"builtins.function","from_concatenate":false,"implicit":false,"imprecise_arg_kinds":false,"is_ellipsis_args":false,"name":"distributions","ret_type":{".class":"Instance","args":["importlib.metadata.Distribution"],"extra_attrs":null,"type_ref":"typing.Iterable"},"type_guard":null,"type_is":null,"unpack_kwargs":false,"variables":[]}},"is_overload":true,"var":{".class":"Var","flags":["is_ready","is_inferred"],"fullname":"importlib.metadata.distributions","name":"distributions","type":{".class":"CallableType","arg_kinds":[3],"arg_names":["context"],"arg_types":["importlib.metadata.DistributionFinder.Context"],"bound_args":[],"def_extras":{"first_arg":null},"fallback":"builtins.function","from_concatenate":false,"implicit":false,"imprecise_arg_kinds":false,"is_ellipsis_args":false,"name":"distributions","ret_type":{".class":"Instance","args":["importlib.metadata.Distribution"],"extra_attrs":null,"type_ref":"typing.Iterable"},"type_guard":null,"type_is":null,"unpack_kwargs":false,"variables":[]}}},{".class":"Decorator","func":{".class":"FuncDef","abstract_status":0,"arg_kinds":[5,5,5,4],"arg_names":["context","name","path","kwargs"],"dataclass_transform_spec":null,"deprecated":null,"flags":["is_overload","is_decorated"],"fullname":"importlib.metadata.distributions","name":"distributions","type":{".class":"CallableType","arg_kinds":[5,5,5,4],"arg_names":["context","name","path","kwargs"],"arg_types":[{".class":"NoneType"},{".class":"UnionType","items":["builtins.str",{".class":"NoneType"}],"uses_pep604_syntax":true},{".class":"Instance","args":["builtins.str"],"extra_attrs":null,"type_ref":"builtins.list"},{".class":"AnyType","missing_import_name":null,"source_any":null,"type_of_any":2}],"bound_args":[],"def_extras":{"first_arg":null},"fallback":"builtins.function","from_concatenate":false,"implicit":false,"imprecise_arg_kinds":false,"is_ellipsis_args":false,"name":"distributions","ret_type":{".class":"Instance","args":["importlib.metadata.Distribution"],"extra_attrs":null,"type_ref":"typing.Iterable"},"type_guard":null,"type_is":null,"unpack_kwargs":false,"variables":[]}},"is_overload":true,"var":{".class":"Var","flags":["is_ready","is_inferred"],"fullname":"importlib.metadata.distributions","name":"distributions","type":{".class":"CallableType","arg_kinds":[5,5,5,4],"arg_names":["context","name","path","kwargs"],"arg_types":[{".class":"NoneType"},{".class":"UnionType","items":["builtins.str",{".class":"NoneType"}],"uses_pep604_syntax":true},{".class":"Instance","args":["builtins.str"],"extra_attrs":null,"type_ref":"builtins.list"},{".class":"AnyType","missing_import_name":null,"source_any":null,"type_of_any":2}],"bound_args":[],"def_extras":{"first_arg":null},"fallback":"builtins.function","from_concatenate":false,"implicit":false,"imprecise_arg_kinds":false,"is_ellipsis_args":false,"name":"distributions","ret_type":{".class":"Instance","args":["importlib.metadata.Distribution"],"extra_attrs":null,"type_ref":"typing.Iterable"},"type_guard":null,"type_is":null,"unpack_kwargs":false,"variables":[]}}}],"type":{".class":"Overloaded","items":[{".class":"CallableType","arg_kinds":[3],"arg_names":["context"],"arg_types":["importlib.metadata.DistributionFinder.Context"],"bound_args":[],"def_extras":{"first_arg":null},"fallback":"builtins.function","from_concatenate":false,"implicit":false,"imprecise_arg_kinds":false,"is_ellipsis_args":false,"name":"distributions","ret_type":{".class":"Instance","args":["importlib.metadata.Distribution"],"extra_attrs":null,"type_ref":"typing.Iterable"},"type_guard":null,"type_is":null,"unpack_kwargs":false,"variables":[]},{".class":"CallableType","arg_kinds":[5,5,5,4],"arg_names":["context","name","path","kwargs"],"arg_types":[{".class":"NoneType"},{".class":"UnionType","items":["builtins.str",{".class":"NoneType"}],"uses_pep604_syntax":true},{".class":"Instance","args":["builtins.str"],"extra_attrs":null,"type_ref":"builtins.list"},{".class":"AnyType","missing_import_name":null,"source_any":null,"type_of_any":2}],"bound_args":[],"def_extras":{"first_arg":null},"fallback":"builtins.function","from_concatenate":false,"implicit":false,"imprecise_arg_kinds":false,"is_ellipsis_args":false,"name":"distributions","ret_type":{".class":"Instance","args":["importlib.metadata.Distribution"],"extra_attrs":null,"type_ref":"typing.Iterable"},"type_guard":null,"type_is":null,"unpack_kwargs":false,"variables":[]}]}}},"entry_points":{".class":"SymbolTableNode","kind":"Gdef","node":{".class":"FuncDef","abstract_status":0,"arg_kinds":[5,5,5,5,5,5],"arg_names":["name","value","group","module","attr","extras"],"dataclass_transform_spec":null,"deprecated":null,"flags":[],"fullname":"importlib.metadata.entry_points","name":"entry_points","type":{".class":"CallableType","arg_kinds":[5,5,5,5,5,5],"arg_names":["name","value","group","module","attr","extras"],"arg_types":["builtins.str","builtins.str","builtins.str","builtins.str","builtins.str",{".class":"Instance","args":["builtins.str"],"extra_attrs":null,"type_ref":"builtins.list"}],"bound_args":[],"def_extras":{"first_arg":null},"fallback":"builtins.function","from_concatenate":false,"implicit":false,"imprecise_arg_kinds":false,"is_ellipsis_args":false,"name":"entry_points","ret_type":"importlib.metadata.EntryPoints","type_guard":null,"type_is":null,"unpack_kwargs":false,"variables":[]}}},"files":{".class":"SymbolTableNode","kind":"Gdef","node":{".class":"FuncDef","abstract_status":0,"arg_kinds":[0],"arg_names":["distribution_name"],"dataclass_transform_spec":null,"deprecated":null,"flags":[],"fullname":"importlib.metadata.files","name":"files","type":{".class":"CallableType","arg_kinds":[0],"arg_names":["distribution_name"],"arg_types":["builtins.str"],"bound_args":[],"def_extras":{"first_arg":null},"fallback":"builtins.function","from_concatenate":false,"implicit":false,"imprecise_arg_kinds":false,"is_ellipsis_args":false,"name":"files","ret_type":{".class":"UnionType","items":[{".class":"Instance","args":["importlib.metadata.PackagePath"],"extra_attrs":null,"type_ref":"builtins.list"},{".class":"NoneType"}],"uses_pep604_syntax":true},"type_guard":null,"type_is":null,"unpack_kwargs":false,"variables":[]}}},"metadata":{".class":"SymbolTableNode","kind":"Gdef","node":{".class":"FuncDef","abstract_status":0,"arg_kinds":[0],"arg_names":["distribution_name"],"dataclass_transform_spec":null,"deprecated":null,"flags":[],"fullname":"importlib.metadata.metadata","name":"metadata","type":{".class":"CallableType","arg_kinds":[0],"arg_names":["distribution_name"],"arg_types":["builtins.str"],"bound_args":[],"def_extras":{"first_arg":null},"fallback":"builtins.function","from_concatenate":false,"implicit":false,"imprecise_arg_kinds":false,"is_ellipsis_args":false,"name":"metadata","ret_type":"importlib.metadata._meta.PackageMetadata","type_guard":null,"type_is":null,"unpack_kwargs":false,"variables":[]}}},"overload":{".class":"SymbolTableNode","cross_ref":"typing.overload","kind":"Gdef","module_hidden":true,"module_public":false},"packages_distributions":{".class":"SymbolTableNode","kind":"Gdef","node":{".class":"FuncDef","abstract_status":0,"arg_kinds":[],"arg_names":[],"dataclass_transform_spec":null,"deprecated":null,"flags":[],"fullname":"importlib.metadata.packages_distributions","name":"packages_distributions","type":{".class":"CallableType","arg_kinds":[],"arg_names":[],"arg_types":[],"bound_args":[],"def_extras":{"first_arg":null},"fallback":"builtins.function","from_concatenate":false,"implicit":false,"imprecise_arg_kinds":false,"is_ellipsis_args":false,"name":"packages_distributions","ret_type":{".class":"Instance","args":["builtins.str",{".class":"Instance","args":["builtins.str"],"extra_attrs":null,"type_ref":"builtins.list"}],"extra_attrs":null,"type_ref":"typing.Mapping"},"type_guard":null,"type_is":null,"unpack_kwargs":false,"variables":[]}}},"pathlib":{".class":"SymbolTableNode","cross_ref":"pathlib","kind":"Gdef","module_hidden":true,"module_public":false},"requires":{".class":"SymbolTableNode","kind":"Gdef","node":{".class":"FuncDef","abstract_status":0,"arg_kinds":[0],"arg_names":["distribution_name"],"dataclass_transform_spec":null,"deprecated":null,"flags":[],"fullname":"importlib.metadata.requires","name":"requires","type":{".class":"CallableType","arg_kinds":[0],"arg_names":["distribution_name"],"arg_types":["builtins.str"],"bound_args":[],"def_extras":{"first_arg":null},"fallback":"builtins.function","from_concatenate":false,"implicit":false,"imprecise_arg_kinds":false,"is_ellipsis_args":false,"name":"requires","ret_type":{".class":"UnionType","items":[{".class":"Instance","args":["builtins.str"],"extra_attrs":null,"type_ref":"builtins.list"},{".class":"NoneType"}],"uses_pep604_syntax":true},"type_guard":null,"type_is":null,"unpack_kwargs":false,"variables":[]}}},"sys":{".class":"SymbolTableNode","cross_ref":"sys","kind":"Gdef","module_hidden":true,"module_public":false},"types":{".class":"SymbolTableNode","cross_ref":"types","kind":"Gdef","module_hidden":true,"module_public":false},"version":{".class":"SymbolTableNode","kind":"Gdef","node":{".class":"FuncDef","abstract_status":0,"arg_kinds":[0],"arg_names":["distribution_name"],"dataclass_transform_spec":null,"deprecated":null,"flags":[],"fullname":"importlib.metadata.version","name":"version","type":{".class":"CallableType","arg_kinds":[0],"arg_names":["distribution_name"],"arg_types":["builtins.str"],"bound_args":[],"def_extras":{"first_arg":null},"fallback":"builtins.function","from_concatenate":false,"implicit":false,"imprecise_arg_kinds":false,"is_ellipsis_args":false,"name":"version","ret_type":"builtins.str","type_guard":null,"type_is":null,"unpack_kwargs":false,"variables":[]}}}},"path":"c:\\Users\\xinan\\.vscode\\extensions\\ms-python.mypy-type-checker-2025.2.0\\bundled\\libs\\mypy\\typeshed\\stdlib\\importlib\\metadata\\__init__.pyi"}