{".class":"MypyFile","_fullname":"importlib.metadata._meta","future_import_flags":[],"is_partial_stub_package":false,"is_stub":true,"names":{".class":"SymbolTable","Any":{".class":"SymbolTableNode","cross_ref":"typing.Any","kind":"Gdef","module_hidden":true,"module_public":false},"Iterator":{".class":"SymbolTableNode","cross_ref":"typing.Iterator","kind":"Gdef","module_hidden":true,"module_public":false},"PackageMetadata":{".class":"SymbolTableNode","kind":"Gdef","node":{".class":"TypeInfo","_promote":[],"abstract_attributes":[],"alt_promote":null,"bases":["builtins.object"],"dataclass_transform_spec":null,"declared_metaclass":null,"defn":{".class":"ClassDef","fullname":"importlib.metadata._meta.PackageMetadata","name":"PackageMetadata","type_vars":[]},"deletable_attributes":[],"deprecated":null,"flags":["is_protocol"],"fullname":"importlib.metadata._meta.PackageMetadata","has_param_spec_type":false,"metaclass_type":"abc.ABCMeta","metadata":{},"module_name":"importlib.metadata._meta","mro":["importlib.metadata._meta.PackageMetadata","builtins.object"],"names":{".class":"SymbolTable","__contains__":{".class":"SymbolTableNode","kind":"Mdef","node":{".class":"FuncDef","abstract_status":0,"arg_kinds":[0,0],"arg_names":[null,null],"dataclass_transform_spec":null,"deprecated":null,"flags":[],"fullname":"importlib.metadata._meta.PackageMetadata.__contains__","name":"__contains__","type":{".class":"CallableType","arg_kinds":[0,0],"arg_names":[null,null],"arg_types":["importlib.metadata._meta.PackageMetadata","builtins.str"],"bound_args":[],"def_extras":{"first_arg":"self"},"fallback":"builtins.function","from_concatenate":false,"implicit":false,"imprecise_arg_kinds":false,"is_ellipsis_args":false,"name":"__contains__ of PackageMetadata","ret_type":"builtins.bool","type_guard":null,"type_is":null,"unpack_kwargs":false,"variables":[]}}},"__getitem__":{".class":"SymbolTableNode","kind":"Mdef","node":{".class":"FuncDef","abstract_status":0,"arg_kinds":[0,0],"arg_names":[null,null],"dataclass_transform_spec":null,"deprecated":null,"flags":[],"fullname":"importlib.metadata._meta.PackageMetadata.__getitem__","name":"__getitem__","type":{".class":"CallableType","arg_kinds":[0,0],"arg_names":[null,null],"arg_types":["importlib.metadata._meta.PackageMetadata","builtins.str"],"bound_args":[],"def_extras":{"first_arg":"self"},"fallback":"builtins.function","from_concatenate":false,"implicit":false,"imprecise_arg_kinds":false,"is_ellipsis_args":false,"name":"__getitem__ of PackageMetadata","ret_type":"builtins.str","type_guard":null,"type_is":null,"unpack_kwargs":false,"variables":[]}}},"__iter__":{".class":"SymbolTableNode","kind":"Mdef","node":{".class":"FuncDef","abstract_status":0,"arg_kinds":[0],"arg_names":[null],"dataclass_transform_spec":null,"deprecated":null,"flags":[],"fullname":"importlib.metadata._meta.PackageMetadata.__iter__","name":"__iter__","type":{".class":"CallableType","arg_kinds":[0],"arg_names":[null],"arg_types":["importlib.metadata._meta.PackageMetadata"],"bound_args":[],"def_extras":{"first_arg":"self"},"fallback":"builtins.function","from_concatenate":false,"implicit":false,"imprecise_arg_kinds":false,"is_ellipsis_args":false,"name":"__iter__ of PackageMetadata","ret_type":{".class":"Instance","args":["builtins.str"],"extra_attrs":null,"type_ref":"typing.Iterator"},"type_guard":null,"type_is":null,"unpack_kwargs":false,"variables":[]}}},"__len__":{".class":"SymbolTableNode","kind":"Mdef","node":{".class":"FuncDef","abstract_status":0,"arg_kinds":[0],"arg_names":[null],"dataclass_transform_spec":null,"deprecated":null,"flags":[],"fullname":"importlib.metadata._meta.PackageMetadata.__len__","name":"__len__","type":{".class":"CallableType","arg_kinds":[0],"arg_names":[null],"arg_types":["importlib.metadata._meta.PackageMetadata"],"bound_args":[],"def_extras":{"first_arg":"self"},"fallback":"builtins.function","from_concatenate":false,"implicit":false,"imprecise_arg_kinds":false,"is_ellipsis_args":false,"name":"__len__ of PackageMetadata","ret_type":"builtins.int","type_guard":null,"type_is":null,"unpack_kwargs":false,"variables":[]}}},"get":{".class":"SymbolTableNode","kind":"Mdef","node":{".class":"OverloadedFuncDef","deprecated":null,"flags":[],"fullname":"importlib.metadata._meta.PackageMetadata.get","impl":null,"items":[{".class":"Decorator","func":{".class":"FuncDef","abstract_status":0,"arg_kinds":[0,0,1],"arg_names":["self","name","failobj"],"dataclass_transform_spec":null,"deprecated":null,"flags":["is_overload","is_decorated"],"fullname":"importlib.metadata._meta.PackageMetadata.get","name":"get","type":{".class":"CallableType","arg_kinds":[0,0,1],"arg_names":["self","name","failobj"],"arg_types":["importlib.metadata._meta.PackageMetadata","builtins.str",{".class":"NoneType"}],"bound_args":[],"def_extras":{"first_arg":"self"},"fallback":"builtins.function","from_concatenate":false,"implicit":false,"imprecise_arg_kinds":false,"is_ellipsis_args":false,"name":"get of PackageMetadata","ret_type":{".class":"UnionType","items":["builtins.str",{".class":"NoneType"}],"uses_pep604_syntax":true},"type_guard":null,"type_is":null,"unpack_kwargs":false,"variables":[]}},"is_overload":true,"var":{".class":"Var","flags":["is_ready","is_inferred"],"fullname":"importlib.metadata._meta.PackageMetadata.get","name":"get","type":{".class":"CallableType","arg_kinds":[0,0,1],"arg_names":["self","name","failobj"],"arg_types":["importlib.metadata._meta.PackageMetadata","builtins.str",{".class":"NoneType"}],"bound_args":[],"def_extras":{"first_arg":"self"},"fallback":"builtins.function","from_concatenate":false,"implicit":false,"imprecise_arg_kinds":false,"is_ellipsis_args":false,"name":"get of PackageMetadata","ret_type":{".class":"UnionType","items":["builtins.str",{".class":"NoneType"}],"uses_pep604_syntax":true},"type_guard":null,"type_is":null,"unpack_kwargs":false,"variables":[]}}},{".class":"Decorator","func":{".class":"FuncDef","abstract_status":0,"arg_kinds":[0,0,0],"arg_names":["self","name","failobj"],"dataclass_transform_spec":null,"deprecated":null,"flags":["is_overload","is_decorated"],"fullname":"importlib.metadata._meta.PackageMetadata.get","name":"get","type":{".class":"CallableType","arg_kinds":[0,0,0],"arg_names":["self","name","failobj"],"arg_types":["importlib.metadata._meta.PackageMetadata","builtins.str",{".class":"TypeVarType","default":{".class":"AnyType","missing_import_name":null,"source_any":null,"type_of_any":4},"fullname":"importlib.metadata._meta._T","id":-1,"name":"_T","namespace":"importlib.metadata._meta.PackageMetadata.get","upper_bound":"builtins.object","values":[],"variance":0}],"bound_args":[],"def_extras":{"first_arg":"self"},"fallback":"builtins.function","from_concatenate":false,"implicit":false,"imprecise_arg_kinds":false,"is_ellipsis_args":false,"name":"get of PackageMetadata","ret_type":{".class":"UnionType","items":[{".class":"TypeVarType","default":{".class":"AnyType","missing_import_name":null,"source_any":null,"type_of_any":4},"fullname":"importlib.metadata._meta._T","id":-1,"name":"_T","namespace":"importlib.metadata._meta.PackageMetadata.get","upper_bound":"builtins.object","values":[],"variance":0},"builtins.str"],"uses_pep604_syntax":true},"type_guard":null,"type_is":null,"unpack_kwargs":false,"variables":[{".class":"TypeVarType","default":{".class":"AnyType","missing_import_name":null,"source_any":null,"type_of_any":4},"fullname":"importlib.metadata._meta._T","id":-1,"name":"_T","namespace":"importlib.metadata._meta.PackageMetadata.get","upper_bound":"builtins.object","values":[],"variance":0}]}},"is_overload":true,"var":{".class":"Var","flags":["is_ready","is_inferred"],"fullname":"importlib.metadata._meta.PackageMetadata.get","name":"get","type":{".class":"CallableType","arg_kinds":[0,0,0],"arg_names":["self","name","failobj"],"arg_types":["importlib.metadata._meta.PackageMetadata","builtins.str",{".class":"TypeVarType","default":{".class":"AnyType","missing_import_name":null,"source_any":null,"type_of_any":4},"fullname":"importlib.metadata._meta._T","id":-1,"name":"_T","namespace":"importlib.metadata._meta.PackageMetadata.get","upper_bound":"builtins.object","values":[],"variance":0}],"bound_args":[],"def_extras":{"first_arg":"self"},"fallback":"builtins.function","from_concatenate":false,"implicit":false,"imprecise_arg_kinds":false,"is_ellipsis_args":false,"name":"get of PackageMetadata","ret_type":{".class":"UnionType","items":[{".class":"TypeVarType","default":{".class":"AnyType","missing_import_name":null,"source_any":null,"type_of_any":4},"fullname":"importlib.metadata._meta._T","id":-1,"name":"_T","namespace":"importlib.metadata._meta.PackageMetadata.get","upper_bound":"builtins.object","values":[],"variance":0},"builtins.str"],"uses_pep604_syntax":true},"type_guard":null,"type_is":null,"unpack_kwargs":false,"variables":[{".class":"TypeVarType","default":{".class":"AnyType","missing_import_name":null,"source_any":null,"type_of_any":4},"fullname":"importlib.metadata._meta._T","id":-1,"name":"_T","namespace":"importlib.metadata._meta.PackageMetadata.get","upper_bound":"builtins.object","values":[],"variance":0}]}}}],"type":{".class":"Overloaded","items":[{".class":"CallableType","arg_kinds":[0,0,1],"arg_names":["self","name","failobj"],"arg_types":["importlib.metadata._meta.PackageMetadata","builtins.str",{".class":"NoneType"}],"bound_args":[],"def_extras":{"first_arg":"self"},"fallback":"builtins.function","from_concatenate":false,"implicit":false,"imprecise_arg_kinds":false,"is_ellipsis_args":false,"name":"get of PackageMetadata","ret_type":{".class":"UnionType","items":["builtins.str",{".class":"NoneType"}],"uses_pep604_syntax":true},"type_guard":null,"type_is":null,"unpack_kwargs":false,"variables":[]},{".class":"CallableType","arg_kinds":[0,0,0],"arg_names":["self","name","failobj"],"arg_types":["importlib.metadata._meta.PackageMetadata","builtins.str",{".class":"TypeVarType","default":{".class":"AnyType","missing_import_name":null,"source_any":null,"type_of_any":4},"fullname":"importlib.metadata._meta._T","id":-1,"name":"_T","namespace":"importlib.metadata._meta.PackageMetadata.get","upper_bound":"builtins.object","values":[],"variance":0}],"bound_args":[],"def_extras":{"first_arg":"self"},"fallback":"builtins.function","from_concatenate":false,"implicit":false,"imprecise_arg_kinds":false,"is_ellipsis_args":false,"name":"get of PackageMetadata","ret_type":{".class":"UnionType","items":[{".class":"TypeVarType","default":{".class":"AnyType","missing_import_name":null,"source_any":null,"type_of_any":4},"fullname":"importlib.metadata._meta._T","id":-1,"name":"_T","namespace":"importlib.metadata._meta.PackageMetadata.get","upper_bound":"builtins.object","values":[],"variance":0},"builtins.str"],"uses_pep604_syntax":true},"type_guard":null,"type_is":null,"unpack_kwargs":false,"variables":[{".class":"TypeVarType","default":{".class":"AnyType","missing_import_name":null,"source_any":null,"type_of_any":4},"fullname":"importlib.metadata._meta._T","id":-1,"name":"_T","namespace":"importlib.metadata._meta.PackageMetadata.get","upper_bound":"builtins.object","values":[],"variance":0}]}]}}},"get_all":{".class":"SymbolTableNode","kind":"Mdef","node":{".class":"OverloadedFuncDef","deprecated":null,"flags":[],"fullname":"importlib.metadata._meta.PackageMetadata.get_all","impl":null,"items":[{".class":"Decorator","func":{".class":"FuncDef","abstract_status":0,"arg_kinds":[0,0,1],"arg_names":["self","name","failobj"],"dataclass_transform_spec":null,"deprecated":null,"flags":["is_overload","is_decorated"],"fullname":"importlib.metadata._meta.PackageMetadata.get_all","name":"get_all","type":{".class":"CallableType","arg_kinds":[0,0,1],"arg_names":["self","name","failobj"],"arg_types":["importlib.metadata._meta.PackageMetadata","builtins.str",{".class":"NoneType"}],"bound_args":[],"def_extras":{"first_arg":"self"},"fallback":"builtins.function","from_concatenate":false,"implicit":false,"imprecise_arg_kinds":false,"is_ellipsis_args":false,"name":"get_all of PackageMetadata","ret_type":{".class":"UnionType","items":[{".class":"Instance","args":[{".class":"AnyType","missing_import_name":null,"source_any":null,"type_of_any":2}],"extra_attrs":null,"type_ref":"builtins.list"},{".class":"NoneType"}],"uses_pep604_syntax":true},"type_guard":null,"type_is":null,"unpack_kwargs":false,"variables":[]}},"is_overload":true,"var":{".class":"Var","flags":["is_ready","is_inferred"],"fullname":"importlib.metadata._meta.PackageMetadata.get_all","name":"get_all","type":{".class":"CallableType","arg_kinds":[0,0,1],"arg_names":["self","name","failobj"],"arg_types":["importlib.metadata._meta.PackageMetadata","builtins.str",{".class":"NoneType"}],"bound_args":[],"def_extras":{"first_arg":"self"},"fallback":"builtins.function","from_concatenate":false,"implicit":false,"imprecise_arg_kinds":false,"is_ellipsis_args":false,"name":"get_all of PackageMetadata","ret_type":{".class":"UnionType","items":[{".class":"Instance","args":[{".class":"AnyType","missing_import_name":null,"source_any":null,"type_of_any":2}],"extra_attrs":null,"type_ref":"builtins.list"},{".class":"NoneType"}],"uses_pep604_syntax":true},"type_guard":null,"type_is":null,"unpack_kwargs":false,"variables":[]}}},{".class":"Decorator","func":{".class":"FuncDef","abstract_status":0,"arg_kinds":[0,0,0],"arg_names":["self","name","failobj"],"dataclass_transform_spec":null,"deprecated":null,"flags":["is_overload","is_decorated"],"fullname":"importlib.metadata._meta.PackageMetadata.get_all","name":"get_all","type":{".class":"CallableType","arg_kinds":[0,0,0],"arg_names":["self","name","failobj"],"arg_types":["importlib.metadata._meta.PackageMetadata","builtins.str",{".class":"TypeVarType","default":{".class":"AnyType","missing_import_name":null,"source_any":null,"type_of_any":4},"fullname":"importlib.metadata._meta._T","id":-1,"name":"_T","namespace":"importlib.metadata._meta.PackageMetadata.get_all","upper_bound":"builtins.object","values":[],"variance":0}],"bound_args":[],"def_extras":{"first_arg":"self"},"fallback":"builtins.function","from_concatenate":false,"implicit":false,"imprecise_arg_kinds":false,"is_ellipsis_args":false,"name":"get_all of PackageMetadata","ret_type":{".class":"UnionType","items":[{".class":"Instance","args":[{".class":"AnyType","missing_import_name":null,"source_any":null,"type_of_any":2}],"extra_attrs":null,"type_ref":"builtins.list"},{".class":"TypeVarType","default":{".class":"AnyType","missing_import_name":null,"source_any":null,"type_of_any":4},"fullname":"importlib.metadata._meta._T","id":-1,"name":"_T","namespace":"importlib.metadata._meta.PackageMetadata.get_all","upper_bound":"builtins.object","values":[],"variance":0}],"uses_pep604_syntax":true},"type_guard":null,"type_is":null,"unpack_kwargs":false,"variables":[{".class":"TypeVarType","default":{".class":"AnyType","missing_import_name":null,"source_any":null,"type_of_any":4},"fullname":"importlib.metadata._meta._T","id":-1,"name":"_T","namespace":"importlib.metadata._meta.PackageMetadata.get_all","upper_bound":"builtins.object","values":[],"variance":0}]}},"is_overload":true,"var":{".class":"Var","flags":["is_ready","is_inferred"],"fullname":"importlib.metadata._meta.PackageMetadata.get_all","name":"get_all","type":{".class":"CallableType","arg_kinds":[0,0,0],"arg_names":["self","name","failobj"],"arg_types":["importlib.metadata._meta.PackageMetadata","builtins.str",{".class":"TypeVarType","default":{".class":"AnyType","missing_import_name":null,"source_any":null,"type_of_any":4},"fullname":"importlib.metadata._meta._T","id":-1,"name":"_T","namespace":"importlib.metadata._meta.PackageMetadata.get_all","upper_bound":"builtins.object","values":[],"variance":0}],"bound_args":[],"def_extras":{"first_arg":"self"},"fallback":"builtins.function","from_concatenate":false,"implicit":false,"imprecise_arg_kinds":false,"is_ellipsis_args":false,"name":"get_all of PackageMetadata","ret_type":{".class":"UnionType","items":[{".class":"Instance","args":[{".class":"AnyType","missing_import_name":null,"source_any":null,"type_of_any":2}],"extra_attrs":null,"type_ref":"builtins.list"},{".class":"TypeVarType","default":{".class":"AnyType","missing_import_name":null,"source_any":null,"type_of_any":4},"fullname":"importlib.metadata._meta._T","id":-1,"name":"_T","namespace":"importlib.metadata._meta.PackageMetadata.get_all","upper_bound":"builtins.object","values":[],"variance":0}],"uses_pep604_syntax":true},"type_guard":null,"type_is":null,"unpack_kwargs":false,"variables":[{".class":"TypeVarType","default":{".class":"AnyType","missing_import_name":null,"source_any":null,"type_of_any":4},"fullname":"importlib.metadata._meta._T","id":-1,"name":"_T","namespace":"importlib.metadata._meta.PackageMetadata.get_all","upper_bound":"builtins.object","values":[],"variance":0}]}}}],"type":{".class":"Overloaded","items":[{".class":"CallableType","arg_kinds":[0,0,1],"arg_names":["self","name","failobj"],"arg_types":["importlib.metadata._meta.PackageMetadata","builtins.str",{".class":"NoneType"}],"bound_args":[],"def_extras":{"first_arg":"self"},"fallback":"builtins.function","from_concatenate":false,"implicit":false,"imprecise_arg_kinds":false,"is_ellipsis_args":false,"name":"get_all of PackageMetadata","ret_type":{".class":"UnionType","items":[{".class":"Instance","args":[{".class":"AnyType","missing_import_name":null,"source_any":null,"type_of_any":2}],"extra_attrs":null,"type_ref":"builtins.list"},{".class":"NoneType"}],"uses_pep604_syntax":true},"type_guard":null,"type_is":null,"unpack_kwargs":false,"variables":[]},{".class":"CallableType","arg_kinds":[0,0,0],"arg_names":["self","name","failobj"],"arg_types":["importlib.metadata._meta.PackageMetadata","builtins.str",{".class":"TypeVarType","default":{".class":"AnyType","missing_import_name":null,"source_any":null,"type_of_any":4},"fullname":"importlib.metadata._meta._T","id":-1,"name":"_T","namespace":"importlib.metadata._meta.PackageMetadata.get_all","upper_bound":"builtins.object","values":[],"variance":0}],"bound_args":[],"def_extras":{"first_arg":"self"},"fallback":"builtins.function","from_concatenate":false,"implicit":false,"imprecise_arg_kinds":false,"is_ellipsis_args":false,"name":"get_all of PackageMetadata","ret_type":{".class":"UnionType","items":[{".class":"Instance","args":[{".class":"AnyType","missing_import_name":null,"source_any":null,"type_of_any":2}],"extra_attrs":null,"type_ref":"builtins.list"},{".class":"TypeVarType","default":{".class":"AnyType","missing_import_name":null,"source_any":null,"type_of_any":4},"fullname":"importlib.metadata._meta._T","id":-1,"name":"_T","namespace":"importlib.metadata._meta.PackageMetadata.get_all","upper_bound":"builtins.object","values":[],"variance":0}],"uses_pep604_syntax":true},"type_guard":null,"type_is":null,"unpack_kwargs":false,"variables":[{".class":"TypeVarType","default":{".class":"AnyType","missing_import_name":null,"source_any":null,"type_of_any":4},"fullname":"importlib.metadata._meta._T","id":-1,"name":"_T","namespace":"importlib.metadata._meta.PackageMetadata.get_all","upper_bound":"builtins.object","values":[],"variance":0}]}]}}},"json":{".class":"SymbolTableNode","kind":"Mdef","node":{".class":"Decorator","func":{".class":"FuncDef","abstract_status":0,"arg_kinds":[0],"arg_names":["self"],"dataclass_transform_spec":null,"deprecated":null,"flags":["is_property","is_decorated"],"fullname":"importlib.metadata._meta.PackageMetadata.json","name":"json","type":{".class":"CallableType","arg_kinds":[0],"arg_names":["self"],"arg_types":["importlib.metadata._meta.PackageMetadata"],"bound_args":[],"def_extras":{"first_arg":"self"},"fallback":"builtins.function","from_concatenate":false,"implicit":false,"imprecise_arg_kinds":false,"is_ellipsis_args":false,"name":"json of PackageMetadata","ret_type":{".class":"Instance","args":["builtins.str",{".class":"UnionType","items":["builtins.str",{".class":"Instance","args":["builtins.str"],"extra_attrs":null,"type_ref":"builtins.list"}],"uses_pep604_syntax":true}],"extra_attrs":null,"type_ref":"builtins.dict"},"type_guard":null,"type_is":null,"unpack_kwargs":false,"variables":[]}},"is_overload":false,"var":{".class":"Var","flags":["is_initialized_in_class","is_property","is_ready","is_inferred"],"fullname":"importlib.metadata._meta.PackageMetadata.json","name":"json","type":{".class":"CallableType","arg_kinds":[0],"arg_names":["self"],"arg_types":["importlib.metadata._meta.PackageMetadata"],"bound_args":[],"def_extras":{"first_arg":"self"},"fallback":"builtins.function","from_concatenate":false,"implicit":false,"imprecise_arg_kinds":false,"is_ellipsis_args":false,"name":"json of PackageMetadata","ret_type":{".class":"Instance","args":["builtins.str",{".class":"UnionType","items":["builtins.str",{".class":"Instance","args":["builtins.str"],"extra_attrs":null,"type_ref":"builtins.list"}],"uses_pep604_syntax":true}],"extra_attrs":null,"type_ref":"builtins.dict"},"type_guard":null,"type_is":null,"unpack_kwargs":false,"variables":[]}}}}},"self_type":null,"slots":null,"tuple_type":null,"type_vars":[],"typeddict_type":null}},"PathLike":{".class":"SymbolTableNode","cross_ref":"os.PathLike","kind":"Gdef","module_hidden":true,"module_public":false},"Protocol":{".class":"SymbolTableNode","cross_ref":"typing.Protocol","kind":"Gdef","module_hidden":true,"module_public":false},"SimplePath":{".class":"SymbolTableNode","kind":"Gdef","node":{".class":"TypeInfo","_promote":[],"abstract_attributes":[],"alt_promote":null,"bases":["builtins.object"],"dataclass_transform_spec":null,"declared_metaclass":null,"defn":{".class":"ClassDef","fullname":"importlib.metadata._meta.SimplePath","name":"SimplePath","type_vars":[]},"deletable_attributes":[],"deprecated":null,"flags":["is_protocol"],"fullname":"importlib.metadata._meta.SimplePath","has_param_spec_type":false,"metaclass_type":"abc.ABCMeta","metadata":{},"module_name":"importlib.metadata._meta","mro":["importlib.metadata._meta.SimplePath","builtins.object"],"names":{".class":"SymbolTable","__truediv__":{".class":"SymbolTableNode","kind":"Mdef","node":{".class":"FuncDef","abstract_status":0,"arg_kinds":[0,0],"arg_names":[null,null],"dataclass_transform_spec":null,"deprecated":null,"flags":[],"fullname":"importlib.metadata._meta.SimplePath.__truediv__","name":"__truediv__","type":{".class":"CallableType","arg_kinds":[0,0],"arg_names":[null,null],"arg_types":["importlib.metadata._meta.SimplePath",{".class":"TypeAliasType","args":[],"type_ref":"_typeshed.StrPath"}],"bound_args":[],"def_extras":{"first_arg":"self"},"fallback":"builtins.function","from_concatenate":false,"implicit":false,"imprecise_arg_kinds":false,"is_ellipsis_args":false,"name":"__truediv__ of SimplePath","ret_type":"importlib.metadata._meta.SimplePath","type_guard":null,"type_is":null,"unpack_kwargs":false,"variables":[]}}},"exists":{".class":"SymbolTableNode","kind":"Mdef","node":{".class":"FuncDef","abstract_status":0,"arg_kinds":[0],"arg_names":["self"],"dataclass_transform_spec":null,"deprecated":null,"flags":[],"fullname":"importlib.metadata._meta.SimplePath.exists","name":"exists","type":{".class":"CallableType","arg_kinds":[0],"arg_names":["self"],"arg_types":["importlib.metadata._meta.SimplePath"],"bound_args":[],"def_extras":{"first_arg":"self"},"fallback":"builtins.function","from_concatenate":false,"implicit":false,"imprecise_arg_kinds":false,"is_ellipsis_args":false,"name":"exists of SimplePath","ret_type":"builtins.bool","type_guard":null,"type_is":null,"unpack_kwargs":false,"variables":[]}}},"joinpath":{".class":"SymbolTableNode","kind":"Mdef","node":{".class":"FuncDef","abstract_status":0,"arg_kinds":[0,0],"arg_names":[null,null],"dataclass_transform_spec":null,"deprecated":null,"flags":[],"fullname":"importlib.metadata._meta.SimplePath.joinpath","name":"joinpath","type":{".class":"CallableType","arg_kinds":[0,0],"arg_names":[null,null],"arg_types":["importlib.metadata._meta.SimplePath",{".class":"TypeAliasType","args":[],"type_ref":"_typeshed.StrPath"}],"bound_args":[],"def_extras":{"first_arg":"self"},"fallback":"builtins.function","from_concatenate":false,"implicit":false,"imprecise_arg_kinds":false,"is_ellipsis_args":false,"name":"joinpath of SimplePath","ret_type":"importlib.metadata._meta.SimplePath","type_guard":null,"type_is":null,"unpack_kwargs":false,"variables":[]}}},"parent":{".class":"SymbolTableNode","kind":"Mdef","node":{".class":"Decorator","func":{".class":"FuncDef","abstract_status":0,"arg_kinds":[0],"arg_names":["self"],"dataclass_transform_spec":null,"deprecated":null,"flags":["is_property","is_decorated"],"fullname":"importlib.metadata._meta.SimplePath.parent","name":"parent","type":{".class":"CallableType","arg_kinds":[0],"arg_names":["self"],"arg_types":["importlib.metadata._meta.SimplePath"],"bound_args":[],"def_extras":{"first_arg":"self"},"fallback":"builtins.function","from_concatenate":false,"implicit":false,"imprecise_arg_kinds":false,"is_ellipsis_args":false,"name":"parent of SimplePath","ret_type":{".class":"Instance","args":["builtins.str"],"extra_attrs":null,"type_ref":"os.PathLike"},"type_guard":null,"type_is":null,"unpack_kwargs":false,"variables":[]}},"is_overload":false,"var":{".class":"Var","flags":["is_initialized_in_class","is_property","is_ready","is_inferred"],"fullname":"importlib.metadata._meta.SimplePath.parent","name":"parent","type":{".class":"CallableType","arg_kinds":[0],"arg_names":["self"],"arg_types":["importlib.metadata._meta.SimplePath"],"bound_args":[],"def_extras":{"first_arg":"self"},"fallback":"builtins.function","from_concatenate":false,"implicit":false,"imprecise_arg_kinds":false,"is_ellipsis_args":false,"name":"parent of SimplePath","ret_type":{".class":"Instance","args":["builtins.str"],"extra_attrs":null,"type_ref":"os.PathLike"},"type_guard":null,"type_is":null,"unpack_kwargs":false,"variables":[]}}}},"read_bytes":{".class":"SymbolTableNode","kind":"Mdef","node":{".class":"FuncDef","abstract_status":0,"arg_kinds":[0],"arg_names":["self"],"dataclass_transform_spec":null,"deprecated":null,"flags":[],"fullname":"importlib.metadata._meta.SimplePath.read_bytes","name":"read_bytes","type":{".class":"CallableType","arg_kinds":[0],"arg_names":["self"],"arg_types":["importlib.metadata._meta.SimplePath"],"bound_args":[],"def_extras":{"first_arg":"self"},"fallback":"builtins.function","from_concatenate":false,"implicit":false,"imprecise_arg_kinds":false,"is_ellipsis_args":false,"name":"read_bytes of SimplePath","ret_type":"builtins.bytes","type_guard":null,"type_is":null,"unpack_kwargs":false,"variables":[]}}},"read_text":{".class":"SymbolTableNode","kind":"Mdef","node":{".class":"FuncDef","abstract_status":0,"arg_kinds":[0,1],"arg_names":["self","encoding"],"dataclass_transform_spec":null,"deprecated":null,"flags":[],"fullname":"importlib.metadata._meta.SimplePath.read_text","name":"read_text","type":{".class":"CallableType","arg_kinds":[0,1],"arg_names":["self","encoding"],"arg_types":["importlib.metadata._meta.SimplePath",{".class":"UnionType","items":["builtins.str",{".class":"NoneType"}],"uses_pep604_syntax":true}],"bound_args":[],"def_extras":{"first_arg":"self"},"fallback":"builtins.function","from_concatenate":false,"implicit":false,"imprecise_arg_kinds":false,"is_ellipsis_args":false,"name":"read_text of SimplePath","ret_type":"builtins.str","type_guard":null,"type_is":null,"unpack_kwargs":false,"variables":[]}}}},"self_type":null,"slots":null,"tuple_type":null,"type_vars":[],"typeddict_type":null}},"StrPath":{".class":"SymbolTableNode","cross_ref":"_typeshed.StrPath","kind":"Gdef","module_hidden":true,"module_public":false},"TypeVar":{".class":"SymbolTableNode","cross_ref":"typing.TypeVar","kind":"Gdef","module_hidden":true,"module_public":false},"_T":{".class":"SymbolTableNode","kind":"Gdef","node":{".class":"TypeVarExpr","default":{".class":"AnyType","missing_import_name":null,"source_any":null,"type_of_any":4},"fullname":"importlib.metadata._meta._T","name":"_T","upper_bound":"builtins.object","values":[],"variance":0}},"_T_co":{".class":"SymbolTableNode","kind":"Gdef","node":{".class":"TypeVarExpr","default":{".class":"AnyType","missing_import_name":null,"source_any":null,"type_of_any":2},"fullname":"importlib.metadata._meta._T_co","name":"_T_co","upper_bound":"builtins.object","values":[],"variance":1}},"__annotations__":{".class":"SymbolTableNode","kind":"Gdef","node":{".class":"Var","flags":["is_ready"],"fullname":"importlib.metadata._meta.__annotations__","name":"__annotations__","type":{".class":"Instance","args":["builtins.str",{".class":"AnyType","missing_import_name":null,"source_any":null,"type_of_any":6}],"extra_attrs":null,"type_ref":"builtins.dict"}}},"__doc__":{".class":"SymbolTableNode","kind":"Gdef","node":{".class":"Var","flags":["is_ready"],"fullname":"importlib.metadata._meta.__doc__","name":"__doc__","type":"builtins.str"}},"__file__":{".class":"SymbolTableNode","kind":"Gdef","node":{".class":"Var","flags":["is_ready"],"fullname":"importlib.metadata._meta.__file__","name":"__file__","type":"builtins.str"}},"__name__":{".class":"SymbolTableNode","kind":"Gdef","node":{".class":"Var","flags":["is_ready"],"fullname":"importlib.metadata._meta.__name__","name":"__name__","type":"builtins.str"}},"__package__":{".class":"SymbolTableNode","kind":"Gdef","node":{".class":"Var","flags":["is_ready"],"fullname":"importlib.metadata._meta.__package__","name":"__package__","type":"builtins.str"}},"__spec__":{".class":"SymbolTableNode","kind":"Gdef","node":{".class":"Var","flags":["is_ready"],"fullname":"importlib.metadata._meta.__spec__","name":"__spec__","type":"_frozen_importlib.ModuleSpec"}},"overload":{".class":"SymbolTableNode","cross_ref":"typing.overload","kind":"Gdef","module_hidden":true,"module_public":false},"sys":{".class":"SymbolTableNode","cross_ref":"sys","kind":"Gdef","module_hidden":true,"module_public":false}},"path":"c:\\Users\\xinan\\.vscode\\extensions\\ms-python.mypy-type-checker-2025.2.0\\bundled\\libs\\mypy\\typeshed\\stdlib\\importlib\\metadata\\_meta.pyi"}