{".class":"MypyFile","_fullname":"email.policy","future_import_flags":[],"is_partial_stub_package":false,"is_stub":true,"names":{".class":"SymbolTable","Any":{".class":"SymbolTableNode","cross_ref":"typing.Any","kind":"Gdef","module_hidden":true,"module_public":false},"Callable":{".class":"SymbolTableNode","cross_ref":"typing.Callable","kind":"Gdef","module_hidden":true,"module_public":false},"Compat32":{".class":"SymbolTableNode","cross_ref":"email._policybase.Compat32","kind":"Gdef"},"ContentManager":{".class":"SymbolTableNode","cross_ref":"email.contentmanager.ContentManager","kind":"Gdef","module_hidden":true,"module_public":false},"EmailMessage":{".class":"SymbolTableNode","cross_ref":"email.message.EmailMessage","kind":"Gdef","module_hidden":true,"module_public":false},"EmailPolicy":{".class":"SymbolTableNode","kind":"Gdef","node":{".class":"TypeInfo","_promote":[],"abstract_attributes":[],"alt_promote":null,"bases":[{".class":"Instance","args":[{".class":"TypeVarType","default":{".class":"Instance","args":["builtins.str","builtins.str"],"extra_attrs":null,"type_ref":"email.message.Message"},"fullname":"email.policy._MessageT","id":1,"name":"_MessageT","namespace":"email.policy.EmailPolicy","upper_bound":{".class":"Instance","args":["builtins.str","builtins.str"],"extra_attrs":null,"type_ref":"email.message.Message"},"values":[],"variance":0}],"extra_attrs":null,"type_ref":"email._policybase.Policy"}],"dataclass_transform_spec":null,"declared_metaclass":null,"defn":{".class":"ClassDef","fullname":"email.policy.EmailPolicy","name":"EmailPolicy","type_vars":[{".class":"TypeVarType","default":{".class":"Instance","args":["builtins.str","builtins.str"],"extra_attrs":null,"type_ref":"email.message.Message"},"fullname":"email.policy._MessageT","id":1,"name":"_MessageT","namespace":"email.policy.EmailPolicy","upper_bound":{".class":"Instance","args":["builtins.str","builtins.str"],"extra_attrs":null,"type_ref":"email.message.Message"},"values":[],"variance":0}]},"deletable_attributes":[],"deprecated":null,"flags":[],"fullname":"email.policy.EmailPolicy","has_param_spec_type":false,"metaclass_type":"abc.ABCMeta","metadata":{},"module_name":"email.policy","mro":["email.policy.EmailPolicy","email._policybase.Policy","email._policybase._PolicyBase","builtins.object"],"names":{".class":"SymbolTable","__init__":{".class":"SymbolTableNode","kind":"Mdef","node":{".class":"OverloadedFuncDef","deprecated":null,"flags":[],"fullname":"email.policy.EmailPolicy.__init__","impl":null,"items":[{".class":"Decorator","func":{".class":"FuncDef","abstract_status":0,"arg_kinds":[0,5,5,5,5,5,5,5,5,5,5,5],"arg_names":["self","max_line_length","linesep","cte_type","raise_on_defect","mangle_from_","message_factory","verify_generated_headers","utf8","refold_source","header_factory","content_manager"],"dataclass_transform_spec":null,"deprecated":null,"flags":["is_overload","is_decorated"],"fullname":"email.policy.EmailPolicy.__init__","name":"__init__","type":{".class":"CallableType","arg_kinds":[0,5,5,5,5,5,5,5,5,5,5,5],"arg_names":["self","max_line_length","linesep","cte_type","raise_on_defect","mangle_from_","message_factory","verify_generated_headers","utf8","refold_source","header_factory","content_manager"],"arg_types":[{".class":"Instance","args":["email.message.EmailMessage"],"extra_attrs":null,"type_ref":"email.policy.EmailPolicy"},{".class":"UnionType","items":["builtins.int",{".class":"NoneType"}],"uses_pep604_syntax":true},"builtins.str","builtins.str","builtins.bool","builtins.bool",{".class":"NoneType"},"builtins.bool","builtins.bool","builtins.str",{".class":"CallableType","arg_kinds":[0,0],"arg_names":[null,null],"arg_types":["builtins.str","builtins.str"],"bound_args":[],"def_extras":{},"fallback":"builtins.function","from_concatenate":false,"implicit":false,"imprecise_arg_kinds":false,"is_ellipsis_args":false,"name":null,"ret_type":"builtins.str","type_guard":null,"type_is":null,"unpack_kwargs":false,"variables":[]},"email.contentmanager.ContentManager"],"bound_args":[],"def_extras":{"first_arg":"self"},"fallback":"builtins.function","from_concatenate":false,"implicit":false,"imprecise_arg_kinds":false,"is_ellipsis_args":false,"name":"__init__ of EmailPolicy","ret_type":{".class":"NoneType"},"type_guard":null,"type_is":null,"unpack_kwargs":false,"variables":[]}},"is_overload":true,"var":{".class":"Var","flags":["is_ready","is_inferred"],"fullname":"email.policy.EmailPolicy.__init__","name":"__init__","type":{".class":"CallableType","arg_kinds":[0,5,5,5,5,5,5,5,5,5,5,5],"arg_names":["self","max_line_length","linesep","cte_type","raise_on_defect","mangle_from_","message_factory","verify_generated_headers","utf8","refold_source","header_factory","content_manager"],"arg_types":[{".class":"Instance","args":["email.message.EmailMessage"],"extra_attrs":null,"type_ref":"email.policy.EmailPolicy"},{".class":"UnionType","items":["builtins.int",{".class":"NoneType"}],"uses_pep604_syntax":true},"builtins.str","builtins.str","builtins.bool","builtins.bool",{".class":"NoneType"},"builtins.bool","builtins.bool","builtins.str",{".class":"CallableType","arg_kinds":[0,0],"arg_names":[null,null],"arg_types":["builtins.str","builtins.str"],"bound_args":[],"def_extras":{},"fallback":"builtins.function","from_concatenate":false,"implicit":false,"imprecise_arg_kinds":false,"is_ellipsis_args":false,"name":null,"ret_type":"builtins.str","type_guard":null,"type_is":null,"unpack_kwargs":false,"variables":[]},"email.contentmanager.ContentManager"],"bound_args":[],"def_extras":{"first_arg":"self"},"fallback":"builtins.function","from_concatenate":false,"implicit":false,"imprecise_arg_kinds":false,"is_ellipsis_args":false,"name":"__init__ of EmailPolicy","ret_type":{".class":"NoneType"},"type_guard":null,"type_is":null,"unpack_kwargs":false,"variables":[]}}},{".class":"Decorator","func":{".class":"FuncDef","abstract_status":0,"arg_kinds":[0,5,5,5,5,5,5,5,5,5,5,5],"arg_names":["self","max_line_length","linesep","cte_type","raise_on_defect","mangle_from_","message_factory","verify_generated_headers","utf8","refold_source","header_factory","content_manager"],"dataclass_transform_spec":null,"deprecated":null,"flags":["is_overload","is_decorated"],"fullname":"email.policy.EmailPolicy.__init__","name":"__init__","type":{".class":"CallableType","arg_kinds":[0,5,5,5,5,5,5,5,5,5,5,5],"arg_names":["self","max_line_length","linesep","cte_type","raise_on_defect","mangle_from_","message_factory","verify_generated_headers","utf8","refold_source","header_factory","content_manager"],"arg_types":[{".class":"Instance","args":[{".class":"TypeVarType","default":{".class":"Instance","args":["builtins.str","builtins.str"],"extra_attrs":null,"type_ref":"email.message.Message"},"fullname":"email.policy._MessageT","id":1,"name":"_MessageT","namespace":"email.policy.EmailPolicy","upper_bound":{".class":"Instance","args":["builtins.str","builtins.str"],"extra_attrs":null,"type_ref":"email.message.Message"},"values":[],"variance":0}],"extra_attrs":null,"type_ref":"email.policy.EmailPolicy"},{".class":"UnionType","items":["builtins.int",{".class":"NoneType"}],"uses_pep604_syntax":true},"builtins.str","builtins.str","builtins.bool","builtins.bool",{".class":"UnionType","items":[{".class":"Instance","args":[{".class":"TypeVarType","default":{".class":"Instance","args":["builtins.str","builtins.str"],"extra_attrs":null,"type_ref":"email.message.Message"},"fullname":"email.policy._MessageT","id":1,"name":"_MessageT","namespace":"email.policy.EmailPolicy","upper_bound":{".class":"Instance","args":["builtins.str","builtins.str"],"extra_attrs":null,"type_ref":"email.message.Message"},"values":[],"variance":0}],"extra_attrs":null,"type_ref":"email._policybase._MessageFactory"},{".class":"NoneType"}],"uses_pep604_syntax":true},"builtins.bool","builtins.bool","builtins.str",{".class":"CallableType","arg_kinds":[0,0],"arg_names":[null,null],"arg_types":["builtins.str","builtins.str"],"bound_args":[],"def_extras":{},"fallback":"builtins.function","from_concatenate":false,"implicit":false,"imprecise_arg_kinds":false,"is_ellipsis_args":false,"name":null,"ret_type":"builtins.str","type_guard":null,"type_is":null,"unpack_kwargs":false,"variables":[]},"email.contentmanager.ContentManager"],"bound_args":[],"def_extras":{"first_arg":"self"},"fallback":"builtins.function","from_concatenate":false,"implicit":false,"imprecise_arg_kinds":false,"is_ellipsis_args":false,"name":"__init__ of EmailPolicy","ret_type":{".class":"NoneType"},"type_guard":null,"type_is":null,"unpack_kwargs":false,"variables":[]}},"is_overload":true,"var":{".class":"Var","flags":["is_ready","is_inferred"],"fullname":"email.policy.EmailPolicy.__init__","name":"__init__","type":{".class":"CallableType","arg_kinds":[0,5,5,5,5,5,5,5,5,5,5,5],"arg_names":["self","max_line_length","linesep","cte_type","raise_on_defect","mangle_from_","message_factory","verify_generated_headers","utf8","refold_source","header_factory","content_manager"],"arg_types":[{".class":"Instance","args":[{".class":"TypeVarType","default":{".class":"Instance","args":["builtins.str","builtins.str"],"extra_attrs":null,"type_ref":"email.message.Message"},"fullname":"email.policy._MessageT","id":1,"name":"_MessageT","namespace":"email.policy.EmailPolicy","upper_bound":{".class":"Instance","args":["builtins.str","builtins.str"],"extra_attrs":null,"type_ref":"email.message.Message"},"values":[],"variance":0}],"extra_attrs":null,"type_ref":"email.policy.EmailPolicy"},{".class":"UnionType","items":["builtins.int",{".class":"NoneType"}],"uses_pep604_syntax":true},"builtins.str","builtins.str","builtins.bool","builtins.bool",{".class":"UnionType","items":[{".class":"Instance","args":[{".class":"TypeVarType","default":{".class":"Instance","args":["builtins.str","builtins.str"],"extra_attrs":null,"type_ref":"email.message.Message"},"fullname":"email.policy._MessageT","id":1,"name":"_MessageT","namespace":"email.policy.EmailPolicy","upper_bound":{".class":"Instance","args":["builtins.str","builtins.str"],"extra_attrs":null,"type_ref":"email.message.Message"},"values":[],"variance":0}],"extra_attrs":null,"type_ref":"email._policybase._MessageFactory"},{".class":"NoneType"}],"uses_pep604_syntax":true},"builtins.bool","builtins.bool","builtins.str",{".class":"CallableType","arg_kinds":[0,0],"arg_names":[null,null],"arg_types":["builtins.str","builtins.str"],"bound_args":[],"def_extras":{},"fallback":"builtins.function","from_concatenate":false,"implicit":false,"imprecise_arg_kinds":false,"is_ellipsis_args":false,"name":null,"ret_type":"builtins.str","type_guard":null,"type_is":null,"unpack_kwargs":false,"variables":[]},"email.contentmanager.ContentManager"],"bound_args":[],"def_extras":{"first_arg":"self"},"fallback":"builtins.function","from_concatenate":false,"implicit":false,"imprecise_arg_kinds":false,"is_ellipsis_args":false,"name":"__init__ of EmailPolicy","ret_type":{".class":"NoneType"},"type_guard":null,"type_is":null,"unpack_kwargs":false,"variables":[]}}}],"type":{".class":"Overloaded","items":[{".class":"CallableType","arg_kinds":[0,5,5,5,5,5,5,5,5,5,5,5],"arg_names":["self","max_line_length","linesep","cte_type","raise_on_defect","mangle_from_","message_factory","verify_generated_headers","utf8","refold_source","header_factory","content_manager"],"arg_types":[{".class":"Instance","args":["email.message.EmailMessage"],"extra_attrs":null,"type_ref":"email.policy.EmailPolicy"},{".class":"UnionType","items":["builtins.int",{".class":"NoneType"}],"uses_pep604_syntax":true},"builtins.str","builtins.str","builtins.bool","builtins.bool",{".class":"NoneType"},"builtins.bool","builtins.bool","builtins.str",{".class":"CallableType","arg_kinds":[0,0],"arg_names":[null,null],"arg_types":["builtins.str","builtins.str"],"bound_args":[],"def_extras":{},"fallback":"builtins.function","from_concatenate":false,"implicit":false,"imprecise_arg_kinds":false,"is_ellipsis_args":false,"name":null,"ret_type":"builtins.str","type_guard":null,"type_is":null,"unpack_kwargs":false,"variables":[]},"email.contentmanager.ContentManager"],"bound_args":[],"def_extras":{"first_arg":"self"},"fallback":"builtins.function","from_concatenate":false,"implicit":false,"imprecise_arg_kinds":false,"is_ellipsis_args":false,"name":"__init__ of EmailPolicy","ret_type":{".class":"NoneType"},"type_guard":null,"type_is":null,"unpack_kwargs":false,"variables":[]},{".class":"CallableType","arg_kinds":[0,5,5,5,5,5,5,5,5,5,5,5],"arg_names":["self","max_line_length","linesep","cte_type","raise_on_defect","mangle_from_","message_factory","verify_generated_headers","utf8","refold_source","header_factory","content_manager"],"arg_types":[{".class":"Instance","args":[{".class":"TypeVarType","default":{".class":"Instance","args":["builtins.str","builtins.str"],"extra_attrs":null,"type_ref":"email.message.Message"},"fullname":"email.policy._MessageT","id":1,"name":"_MessageT","namespace":"email.policy.EmailPolicy","upper_bound":{".class":"Instance","args":["builtins.str","builtins.str"],"extra_attrs":null,"type_ref":"email.message.Message"},"values":[],"variance":0}],"extra_attrs":null,"type_ref":"email.policy.EmailPolicy"},{".class":"UnionType","items":["builtins.int",{".class":"NoneType"}],"uses_pep604_syntax":true},"builtins.str","builtins.str","builtins.bool","builtins.bool",{".class":"UnionType","items":[{".class":"Instance","args":[{".class":"TypeVarType","default":{".class":"Instance","args":["builtins.str","builtins.str"],"extra_attrs":null,"type_ref":"email.message.Message"},"fullname":"email.policy._MessageT","id":1,"name":"_MessageT","namespace":"email.policy.EmailPolicy","upper_bound":{".class":"Instance","args":["builtins.str","builtins.str"],"extra_attrs":null,"type_ref":"email.message.Message"},"values":[],"variance":0}],"extra_attrs":null,"type_ref":"email._policybase._MessageFactory"},{".class":"NoneType"}],"uses_pep604_syntax":true},"builtins.bool","builtins.bool","builtins.str",{".class":"CallableType","arg_kinds":[0,0],"arg_names":[null,null],"arg_types":["builtins.str","builtins.str"],"bound_args":[],"def_extras":{},"fallback":"builtins.function","from_concatenate":false,"implicit":false,"imprecise_arg_kinds":false,"is_ellipsis_args":false,"name":null,"ret_type":"builtins.str","type_guard":null,"type_is":null,"unpack_kwargs":false,"variables":[]},"email.contentmanager.ContentManager"],"bound_args":[],"def_extras":{"first_arg":"self"},"fallback":"builtins.function","from_concatenate":false,"implicit":false,"imprecise_arg_kinds":false,"is_ellipsis_args":false,"name":"__init__ of EmailPolicy","ret_type":{".class":"NoneType"},"type_guard":null,"type_is":null,"unpack_kwargs":false,"variables":[]}]}}},"clone":{".class":"SymbolTableNode","kind":"Mdef","node":{".class":"FuncDef","abstract_status":0,"arg_kinds":[0,5,5,5,5,5,5,5,5,5,5,5],"arg_names":["self","max_line_length","linesep","cte_type","raise_on_defect","mangle_from_","message_factory","verify_generated_headers","utf8","refold_source","header_factory","content_manager"],"dataclass_transform_spec":null,"deprecated":null,"flags":[],"fullname":"email.policy.EmailPolicy.clone","name":"clone","type":{".class":"CallableType","arg_kinds":[0,5,5,5,5,5,5,5,5,5,5,5],"arg_names":["self","max_line_length","linesep","cte_type","raise_on_defect","mangle_from_","message_factory","verify_generated_headers","utf8","refold_source","header_factory","content_manager"],"arg_types":[{".class":"TypeVarType","default":{".class":"AnyType","missing_import_name":null,"source_any":null,"type_of_any":4},"fullname":"email.policy.EmailPolicy.Self","id":0,"name":"Self","namespace":"","upper_bound":{".class":"Instance","args":[{".class":"TypeVarType","default":{".class":"Instance","args":["builtins.str","builtins.str"],"extra_attrs":null,"type_ref":"email.message.Message"},"fullname":"email.policy._MessageT","id":1,"name":"_MessageT","namespace":"email.policy.EmailPolicy","upper_bound":{".class":"Instance","args":["builtins.str","builtins.str"],"extra_attrs":null,"type_ref":"email.message.Message"},"values":[],"variance":0}],"extra_attrs":null,"type_ref":"email.policy.EmailPolicy"},"values":[],"variance":0},{".class":"UnionType","items":["builtins.int",{".class":"NoneType"}],"uses_pep604_syntax":true},"builtins.str","builtins.str","builtins.bool","builtins.bool",{".class":"UnionType","items":[{".class":"Instance","args":[{".class":"TypeVarType","default":{".class":"Instance","args":["builtins.str","builtins.str"],"extra_attrs":null,"type_ref":"email.message.Message"},"fullname":"email.policy._MessageT","id":1,"name":"_MessageT","namespace":"email.policy.EmailPolicy","upper_bound":{".class":"Instance","args":["builtins.str","builtins.str"],"extra_attrs":null,"type_ref":"email.message.Message"},"values":[],"variance":0}],"extra_attrs":null,"type_ref":"email._policybase._MessageFactory"},{".class":"NoneType"}],"uses_pep604_syntax":true},"builtins.bool","builtins.bool","builtins.str",{".class":"CallableType","arg_kinds":[0,0],"arg_names":[null,null],"arg_types":["builtins.str","builtins.str"],"bound_args":[],"def_extras":{},"fallback":"builtins.function","from_concatenate":false,"implicit":false,"imprecise_arg_kinds":false,"is_ellipsis_args":false,"name":null,"ret_type":"builtins.str","type_guard":null,"type_is":null,"unpack_kwargs":false,"variables":[]},"email.contentmanager.ContentManager"],"bound_args":[],"def_extras":{"first_arg":"self"},"fallback":"builtins.function","from_concatenate":false,"implicit":false,"imprecise_arg_kinds":false,"is_ellipsis_args":false,"name":"clone of EmailPolicy","ret_type":{".class":"TypeVarType","default":{".class":"AnyType","missing_import_name":null,"source_any":null,"type_of_any":4},"fullname":"email.policy.EmailPolicy.Self","id":0,"name":"Self","namespace":"","upper_bound":{".class":"Instance","args":[{".class":"TypeVarType","default":{".class":"Instance","args":["builtins.str","builtins.str"],"extra_attrs":null,"type_ref":"email.message.Message"},"fullname":"email.policy._MessageT","id":1,"name":"_MessageT","namespace":"email.policy.EmailPolicy","upper_bound":{".class":"Instance","args":["builtins.str","builtins.str"],"extra_attrs":null,"type_ref":"email.message.Message"},"values":[],"variance":0}],"extra_attrs":null,"type_ref":"email.policy.EmailPolicy"},"values":[],"variance":0},"type_guard":null,"type_is":null,"unpack_kwargs":false,"variables":[{".class":"TypeVarType","default":{".class":"AnyType","missing_import_name":null,"source_any":null,"type_of_any":4},"fullname":"email.policy.EmailPolicy.Self","id":0,"name":"Self","namespace":"","upper_bound":{".class":"Instance","args":[{".class":"TypeVarType","default":{".class":"Instance","args":["builtins.str","builtins.str"],"extra_attrs":null,"type_ref":"email.message.Message"},"fullname":"email.policy._MessageT","id":1,"name":"_MessageT","namespace":"email.policy.EmailPolicy","upper_bound":{".class":"Instance","args":["builtins.str","builtins.str"],"extra_attrs":null,"type_ref":"email.message.Message"},"values":[],"variance":0}],"extra_attrs":null,"type_ref":"email.policy.EmailPolicy"},"values":[],"variance":0}]}}},"content_manager":{".class":"SymbolTableNode","kind":"Mdef","node":{".class":"Var","flags":["is_initialized_in_class","is_ready"],"fullname":"email.policy.EmailPolicy.content_manager","name":"content_manager","type":"email.contentmanager.ContentManager"}},"fold":{".class":"SymbolTableNode","kind":"Mdef","node":{".class":"FuncDef","abstract_status":0,"arg_kinds":[0,0,0],"arg_names":["self","name","value"],"dataclass_transform_spec":null,"deprecated":null,"flags":[],"fullname":"email.policy.EmailPolicy.fold","name":"fold","type":{".class":"CallableType","arg_kinds":[0,0,0],"arg_names":["self","name","value"],"arg_types":[{".class":"Instance","args":[{".class":"TypeVarType","default":{".class":"Instance","args":["builtins.str","builtins.str"],"extra_attrs":null,"type_ref":"email.message.Message"},"fullname":"email.policy._MessageT","id":1,"name":"_MessageT","namespace":"email.policy.EmailPolicy","upper_bound":{".class":"Instance","args":["builtins.str","builtins.str"],"extra_attrs":null,"type_ref":"email.message.Message"},"values":[],"variance":0}],"extra_attrs":null,"type_ref":"email.policy.EmailPolicy"},"builtins.str","builtins.str"],"bound_args":[],"def_extras":{"first_arg":"self"},"fallback":"builtins.function","from_concatenate":false,"implicit":false,"imprecise_arg_kinds":false,"is_ellipsis_args":false,"name":"fold of EmailPolicy","ret_type":{".class":"AnyType","missing_import_name":null,"source_any":null,"type_of_any":2},"type_guard":null,"type_is":null,"unpack_kwargs":false,"variables":[]}}},"fold_binary":{".class":"SymbolTableNode","kind":"Mdef","node":{".class":"FuncDef","abstract_status":0,"arg_kinds":[0,0,0],"arg_names":["self","name","value"],"dataclass_transform_spec":null,"deprecated":null,"flags":[],"fullname":"email.policy.EmailPolicy.fold_binary","name":"fold_binary","type":{".class":"CallableType","arg_kinds":[0,0,0],"arg_names":["self","name","value"],"arg_types":[{".class":"Instance","args":[{".class":"TypeVarType","default":{".class":"Instance","args":["builtins.str","builtins.str"],"extra_attrs":null,"type_ref":"email.message.Message"},"fullname":"email.policy._MessageT","id":1,"name":"_MessageT","namespace":"email.policy.EmailPolicy","upper_bound":{".class":"Instance","args":["builtins.str","builtins.str"],"extra_attrs":null,"type_ref":"email.message.Message"},"values":[],"variance":0}],"extra_attrs":null,"type_ref":"email.policy.EmailPolicy"},"builtins.str","builtins.str"],"bound_args":[],"def_extras":{"first_arg":"self"},"fallback":"builtins.function","from_concatenate":false,"implicit":false,"imprecise_arg_kinds":false,"is_ellipsis_args":false,"name":"fold_binary of EmailPolicy","ret_type":"builtins.bytes","type_guard":null,"type_is":null,"unpack_kwargs":false,"variables":[]}}},"header_factory":{".class":"SymbolTableNode","kind":"Mdef","node":{".class":"Var","flags":["is_initialized_in_class","is_ready"],"fullname":"email.policy.EmailPolicy.header_factory","name":"header_factory","type":{".class":"CallableType","arg_kinds":[0,0],"arg_names":[null,null],"arg_types":["builtins.str",{".class":"AnyType","missing_import_name":null,"source_any":null,"type_of_any":2}],"bound_args":[],"def_extras":{},"fallback":"builtins.function","from_concatenate":false,"implicit":false,"imprecise_arg_kinds":false,"is_ellipsis_args":false,"name":null,"ret_type":{".class":"AnyType","missing_import_name":null,"source_any":null,"type_of_any":2},"type_guard":null,"type_is":null,"unpack_kwargs":false,"variables":[]}}},"header_fetch_parse":{".class":"SymbolTableNode","kind":"Mdef","node":{".class":"FuncDef","abstract_status":0,"arg_kinds":[0,0,0],"arg_names":["self","name","value"],"dataclass_transform_spec":null,"deprecated":null,"flags":[],"fullname":"email.policy.EmailPolicy.header_fetch_parse","name":"header_fetch_parse","type":{".class":"CallableType","arg_kinds":[0,0,0],"arg_names":["self","name","value"],"arg_types":[{".class":"Instance","args":[{".class":"TypeVarType","default":{".class":"Instance","args":["builtins.str","builtins.str"],"extra_attrs":null,"type_ref":"email.message.Message"},"fullname":"email.policy._MessageT","id":1,"name":"_MessageT","namespace":"email.policy.EmailPolicy","upper_bound":{".class":"Instance","args":["builtins.str","builtins.str"],"extra_attrs":null,"type_ref":"email.message.Message"},"values":[],"variance":0}],"extra_attrs":null,"type_ref":"email.policy.EmailPolicy"},"builtins.str","builtins.str"],"bound_args":[],"def_extras":{"first_arg":"self"},"fallback":"builtins.function","from_concatenate":false,"implicit":false,"imprecise_arg_kinds":false,"is_ellipsis_args":false,"name":"header_fetch_parse of EmailPolicy","ret_type":{".class":"AnyType","missing_import_name":null,"source_any":null,"type_of_any":2},"type_guard":null,"type_is":null,"unpack_kwargs":false,"variables":[]}}},"header_source_parse":{".class":"SymbolTableNode","kind":"Mdef","node":{".class":"FuncDef","abstract_status":0,"arg_kinds":[0,0],"arg_names":["self","sourcelines"],"dataclass_transform_spec":null,"deprecated":null,"flags":[],"fullname":"email.policy.EmailPolicy.header_source_parse","name":"header_source_parse","type":{".class":"CallableType","arg_kinds":[0,0],"arg_names":["self","sourcelines"],"arg_types":[{".class":"Instance","args":[{".class":"TypeVarType","default":{".class":"Instance","args":["builtins.str","builtins.str"],"extra_attrs":null,"type_ref":"email.message.Message"},"fullname":"email.policy._MessageT","id":1,"name":"_MessageT","namespace":"email.policy.EmailPolicy","upper_bound":{".class":"Instance","args":["builtins.str","builtins.str"],"extra_attrs":null,"type_ref":"email.message.Message"},"values":[],"variance":0}],"extra_attrs":null,"type_ref":"email.policy.EmailPolicy"},{".class":"Instance","args":["builtins.str"],"extra_attrs":null,"type_ref":"builtins.list"}],"bound_args":[],"def_extras":{"first_arg":"self"},"fallback":"builtins.function","from_concatenate":false,"implicit":false,"imprecise_arg_kinds":false,"is_ellipsis_args":false,"name":"header_source_parse of EmailPolicy","ret_type":{".class":"TupleType","implicit":false,"items":["builtins.str","builtins.str"],"partial_fallback":{".class":"Instance","args":[{".class":"AnyType","missing_import_name":null,"source_any":null,"type_of_any":6}],"extra_attrs":null,"type_ref":"builtins.tuple"}},"type_guard":null,"type_is":null,"unpack_kwargs":false,"variables":[]}}},"header_store_parse":{".class":"SymbolTableNode","kind":"Mdef","node":{".class":"FuncDef","abstract_status":0,"arg_kinds":[0,0,0],"arg_names":["self","name","value"],"dataclass_transform_spec":null,"deprecated":null,"flags":[],"fullname":"email.policy.EmailPolicy.header_store_parse","name":"header_store_parse","type":{".class":"CallableType","arg_kinds":[0,0,0],"arg_names":["self","name","value"],"arg_types":[{".class":"Instance","args":[{".class":"TypeVarType","default":{".class":"Instance","args":["builtins.str","builtins.str"],"extra_attrs":null,"type_ref":"email.message.Message"},"fullname":"email.policy._MessageT","id":1,"name":"_MessageT","namespace":"email.policy.EmailPolicy","upper_bound":{".class":"Instance","args":["builtins.str","builtins.str"],"extra_attrs":null,"type_ref":"email.message.Message"},"values":[],"variance":0}],"extra_attrs":null,"type_ref":"email.policy.EmailPolicy"},"builtins.str",{".class":"AnyType","missing_import_name":null,"source_any":null,"type_of_any":2}],"bound_args":[],"def_extras":{"first_arg":"self"},"fallback":"builtins.function","from_concatenate":false,"implicit":false,"imprecise_arg_kinds":false,"is_ellipsis_args":false,"name":"header_store_parse of EmailPolicy","ret_type":{".class":"TupleType","implicit":false,"items":["builtins.str",{".class":"AnyType","missing_import_name":null,"source_any":null,"type_of_any":2}],"partial_fallback":{".class":"Instance","args":[{".class":"AnyType","missing_import_name":null,"source_any":null,"type_of_any":6}],"extra_attrs":null,"type_ref":"builtins.tuple"}},"type_guard":null,"type_is":null,"unpack_kwargs":false,"variables":[]}}},"refold_source":{".class":"SymbolTableNode","kind":"Mdef","node":{".class":"Var","flags":["is_initialized_in_class","is_ready"],"fullname":"email.policy.EmailPolicy.refold_source","name":"refold_source","type":"builtins.str"}},"utf8":{".class":"SymbolTableNode","kind":"Mdef","node":{".class":"Var","flags":["is_initialized_in_class","is_ready"],"fullname":"email.policy.EmailPolicy.utf8","name":"utf8","type":"builtins.bool"}}},"self_type":{".class":"TypeVarType","default":{".class":"AnyType","missing_import_name":null,"source_any":null,"type_of_any":4},"fullname":"email.policy.EmailPolicy.Self","id":0,"name":"Self","namespace":"","upper_bound":{".class":"Instance","args":[{".class":"TypeVarType","default":{".class":"Instance","args":["builtins.str","builtins.str"],"extra_attrs":null,"type_ref":"email.message.Message"},"fullname":"email.policy._MessageT","id":1,"name":"_MessageT","namespace":"email.policy.EmailPolicy","upper_bound":{".class":"Instance","args":["builtins.str","builtins.str"],"extra_attrs":null,"type_ref":"email.message.Message"},"values":[],"variance":0}],"extra_attrs":null,"type_ref":"email.policy.EmailPolicy"},"values":[],"variance":0},"slots":null,"tuple_type":null,"type_vars":["_MessageT"],"typeddict_type":null}},"HTTP":{".class":"SymbolTableNode","kind":"Gdef","node":{".class":"Var","flags":["is_ready"],"fullname":"email.policy.HTTP","name":"HTTP","type":{".class":"Instance","args":["email.message.EmailMessage"],"extra_attrs":null,"type_ref":"email.policy.EmailPolicy"}}},"Message":{".class":"SymbolTableNode","cross_ref":"email.message.Message","kind":"Gdef","module_hidden":true,"module_public":false},"Policy":{".class":"SymbolTableNode","cross_ref":"email._policybase.Policy","kind":"Gdef"},"SMTP":{".class":"SymbolTableNode","kind":"Gdef","node":{".class":"Var","flags":["is_ready"],"fullname":"email.policy.SMTP","name":"SMTP","type":{".class":"Instance","args":["email.message.EmailMessage"],"extra_attrs":null,"type_ref":"email.policy.EmailPolicy"}}},"SMTPUTF8":{".class":"SymbolTableNode","kind":"Gdef","module_public":false,"node":{".class":"Var","flags":["is_ready"],"fullname":"email.policy.SMTPUTF8","name":"SMTPUTF8","type":{".class":"Instance","args":["email.message.EmailMessage"],"extra_attrs":null,"type_ref":"email.policy.EmailPolicy"}}},"Self":{".class":"SymbolTableNode","cross_ref":"typing.Self","kind":"Gdef","module_hidden":true,"module_public":false},"TypeVar":{".class":"SymbolTableNode","cross_ref":"typing.TypeVar","kind":"Gdef","module_hidden":true,"module_public":false},"_MessageFactory":{".class":"SymbolTableNode","cross_ref":"email._policybase._MessageFactory","kind":"Gdef","module_hidden":true,"module_public":false},"_MessageT":{".class":"SymbolTableNode","kind":"Gdef","module_public":false,"node":{".class":"TypeVarExpr","default":{".class":"Instance","args":["builtins.str","builtins.str"],"extra_attrs":null,"type_ref":"email.message.Message"},"fullname":"email.policy._MessageT","name":"_MessageT","upper_bound":{".class":"Instance","args":["builtins.str","builtins.str"],"extra_attrs":null,"type_ref":"email.message.Message"},"values":[],"variance":0}},"__all__":{".class":"SymbolTableNode","kind":"Gdef","module_public":false,"node":{".class":"Var","flags":["is_inferred","has_explicit_value"],"fullname":"email.policy.__all__","name":"__all__","type":{".class":"Instance","args":["builtins.str"],"extra_attrs":null,"type_ref":"builtins.list"}}},"__annotations__":{".class":"SymbolTableNode","kind":"Gdef","module_public":false,"node":{".class":"Var","flags":["is_ready"],"fullname":"email.policy.__annotations__","name":"__annotations__","type":{".class":"Instance","args":["builtins.str",{".class":"AnyType","missing_import_name":null,"source_any":null,"type_of_any":6}],"extra_attrs":null,"type_ref":"builtins.dict"}}},"__doc__":{".class":"SymbolTableNode","kind":"Gdef","module_public":false,"node":{".class":"Var","flags":["is_ready"],"fullname":"email.policy.__doc__","name":"__doc__","type":"builtins.str"}},"__file__":{".class":"SymbolTableNode","kind":"Gdef","module_public":false,"node":{".class":"Var","flags":["is_ready"],"fullname":"email.policy.__file__","name":"__file__","type":"builtins.str"}},"__name__":{".class":"SymbolTableNode","kind":"Gdef","module_public":false,"node":{".class":"Var","flags":["is_ready"],"fullname":"email.policy.__name__","name":"__name__","type":"builtins.str"}},"__package__":{".class":"SymbolTableNode","kind":"Gdef","module_public":false,"node":{".class":"Var","flags":["is_ready"],"fullname":"email.policy.__package__","name":"__package__","type":"builtins.str"}},"__spec__":{".class":"SymbolTableNode","kind":"Gdef","module_public":false,"node":{".class":"Var","flags":["is_ready"],"fullname":"email.policy.__spec__","name":"__spec__","type":"_frozen_importlib.ModuleSpec"}},"compat32":{".class":"SymbolTableNode","cross_ref":"email._policybase.compat32","kind":"Gdef"},"default":{".class":"SymbolTableNode","kind":"Gdef","node":{".class":"Var","flags":["is_ready"],"fullname":"email.policy.default","name":"default","type":{".class":"Instance","args":["email.message.EmailMessage"],"extra_attrs":null,"type_ref":"email.policy.EmailPolicy"}}},"overload":{".class":"SymbolTableNode","cross_ref":"typing.overload","kind":"Gdef","module_hidden":true,"module_public":false},"strict":{".class":"SymbolTableNode","kind":"Gdef","node":{".class":"Var","flags":["is_ready"],"fullname":"email.policy.strict","name":"strict","type":{".class":"Instance","args":["email.message.EmailMessage"],"extra_attrs":null,"type_ref":"email.policy.EmailPolicy"}}}},"path":"c:\\Users\\xinan\\.vscode\\extensions\\ms-python.mypy-type-checker-2025.2.0\\bundled\\libs\\mypy\\typeshed\\stdlib\\email\\policy.pyi"}