{".class":"MypyFile","_fullname":"zipfile","future_import_flags":[],"is_partial_stub_package":false,"is_stub":true,"names":{".class":"SymbolTable","BadZipFile":{".class":"SymbolTableNode","kind":"Gdef","node":{".class":"TypeInfo","_promote":[],"abstract_attributes":[],"alt_promote":null,"bases":["builtins.Exception"],"dataclass_transform_spec":null,"declared_metaclass":null,"defn":{".class":"ClassDef","fullname":"zipfile.BadZipFile","name":"BadZipFile","type_vars":[]},"deletable_attributes":[],"deprecated":null,"flags":[],"fullname":"zipfile.BadZipFile","has_param_spec_type":false,"metaclass_type":null,"metadata":{},"module_name":"zipfile","mro":["zipfile.BadZipFile","builtins.Exception","builtins.BaseException","builtins.object"],"names":{".class":"SymbolTable"},"self_type":null,"slots":null,"tuple_type":null,"type_vars":[],"typeddict_type":null}},"BadZipfile":{".class":"SymbolTableNode","kind":"Gdef","node":{".class":"TypeAlias","alias_tvars":[],"column":0,"fullname":"zipfile.BadZipfile","line":37,"no_args":true,"normalized":false,"python_3_12_type_alias":false,"target":"zipfile.BadZipFile"}},"Callable":{".class":"SymbolTableNode","cross_ref":"typing.Callable","kind":"Gdef","module_hidden":true,"module_public":false},"CompleteDirs":{".class":"SymbolTableNode","cross_ref":"zipfile._path.CompleteDirs","kind":"Gdef","module_public":false},"Final":{".class":"SymbolTableNode","cross_ref":"typing.Final","kind":"Gdef","module_hidden":true,"module_public":false},"IO":{".class":"SymbolTableNode","cross_ref":"typing.IO","kind":"Gdef","module_hidden":true,"module_public":false},"Iterable":{".class":"SymbolTableNode","cross_ref":"typing.Iterable","kind":"Gdef","module_hidden":true,"module_public":false},"Iterator":{".class":"SymbolTableNode","cross_ref":"typing.Iterator","kind":"Gdef","module_hidden":true,"module_public":false},"LargeZipFile":{".class":"SymbolTableNode","kind":"Gdef","node":{".class":"TypeInfo","_promote":[],"abstract_attributes":[],"alt_promote":null,"bases":["builtins.Exception"],"dataclass_transform_spec":null,"declared_metaclass":null,"defn":{".class":"ClassDef","fullname":"zipfile.LargeZipFile","name":"LargeZipFile","type_vars":[]},"deletable_attributes":[],"deprecated":null,"flags":[],"fullname":"zipfile.LargeZipFile","has_param_spec_type":false,"metaclass_type":null,"metadata":{},"module_name":"zipfile","mro":["zipfile.LargeZipFile","builtins.Exception","builtins.BaseException","builtins.object"],"names":{".class":"SymbolTable"},"self_type":null,"slots":null,"tuple_type":null,"type_vars":[],"typeddict_type":null}},"Literal":{".class":"SymbolTableNode","cross_ref":"typing.Literal","kind":"Gdef","module_hidden":true,"module_public":false},"Path":{".class":"SymbolTableNode","cross_ref":"zipfile._path.Path","kind":"Gdef"},"PathLike":{".class":"SymbolTableNode","cross_ref":"os.PathLike","kind":"Gdef","module_hidden":true,"module_public":false},"Protocol":{".class":"SymbolTableNode","cross_ref":"typing.Protocol","kind":"Gdef","module_hidden":true,"module_public":false},"PyZipFile":{".class":"SymbolTableNode","kind":"Gdef","node":{".class":"TypeInfo","_promote":[],"abstract_attributes":[],"alt_promote":null,"bases":["zipfile.ZipFile"],"dataclass_transform_spec":null,"declared_metaclass":null,"defn":{".class":"ClassDef","fullname":"zipfile.PyZipFile","name":"PyZipFile","type_vars":[]},"deletable_attributes":[],"deprecated":null,"flags":[],"fullname":"zipfile.PyZipFile","has_param_spec_type":false,"metaclass_type":null,"metadata":{},"module_name":"zipfile","mro":["zipfile.PyZipFile","zipfile.ZipFile","builtins.object"],"names":{".class":"SymbolTable","__init__":{".class":"SymbolTableNode","kind":"Mdef","node":{".class":"FuncDef","abstract_status":0,"arg_kinds":[0,0,1,1,1,1],"arg_names":["self","file","mode","compression","allowZip64","optimize"],"dataclass_transform_spec":null,"deprecated":null,"flags":[],"fullname":"zipfile.PyZipFile.__init__","name":"__init__","type":{".class":"CallableType","arg_kinds":[0,0,1,1,1,1],"arg_names":["self","file","mode","compression","allowZip64","optimize"],"arg_types":["zipfile.PyZipFile",{".class":"UnionType","items":["builtins.str",{".class":"Instance","args":["builtins.bytes"],"extra_attrs":null,"type_ref":"typing.IO"}],"uses_pep604_syntax":true},{".class":"TypeAliasType","args":[],"type_ref":"zipfile._ZipFileMode"},"builtins.int","builtins.bool","builtins.int"],"bound_args":[],"def_extras":{"first_arg":"self"},"fallback":"builtins.function","from_concatenate":false,"implicit":false,"imprecise_arg_kinds":false,"is_ellipsis_args":false,"name":"__init__ of PyZipFile","ret_type":{".class":"NoneType"},"type_guard":null,"type_is":null,"unpack_kwargs":false,"variables":[]}}},"writepy":{".class":"SymbolTableNode","kind":"Mdef","node":{".class":"FuncDef","abstract_status":0,"arg_kinds":[0,0,1,1],"arg_names":["self","pathname","basename","filterfunc"],"dataclass_transform_spec":null,"deprecated":null,"flags":[],"fullname":"zipfile.PyZipFile.writepy","name":"writepy","type":{".class":"CallableType","arg_kinds":[0,0,1,1],"arg_names":["self","pathname","basename","filterfunc"],"arg_types":["zipfile.PyZipFile","builtins.str","builtins.str",{".class":"UnionType","items":[{".class":"CallableType","arg_kinds":[0],"arg_names":[null],"arg_types":["builtins.str"],"bound_args":[],"def_extras":{},"fallback":"builtins.function","from_concatenate":false,"implicit":false,"imprecise_arg_kinds":false,"is_ellipsis_args":false,"name":null,"ret_type":"builtins.bool","type_guard":null,"type_is":null,"unpack_kwargs":false,"variables":[]},{".class":"NoneType"}],"uses_pep604_syntax":true}],"bound_args":[],"def_extras":{"first_arg":"self"},"fallback":"builtins.function","from_concatenate":false,"implicit":false,"imprecise_arg_kinds":false,"is_ellipsis_args":false,"name":"writepy of PyZipFile","ret_type":{".class":"NoneType"},"type_guard":null,"type_is":null,"unpack_kwargs":false,"variables":[]}}}},"self_type":null,"slots":null,"tuple_type":null,"type_vars":[],"typeddict_type":null}},"Self":{".class":"SymbolTableNode","cross_ref":"typing.Self","kind":"Gdef","module_hidden":true,"module_public":false},"SizedBuffer":{".class":"SymbolTableNode","cross_ref":"_typeshed.SizedBuffer","kind":"Gdef","module_hidden":true,"module_public":false},"StrOrBytesPath":{".class":"SymbolTableNode","cross_ref":"_typeshed.StrOrBytesPath","kind":"Gdef","module_hidden":true,"module_public":false},"StrPath":{".class":"SymbolTableNode","cross_ref":"_typeshed.StrPath","kind":"Gdef","module_hidden":true,"module_public":false},"TextIOWrapper":{".class":"SymbolTableNode","cross_ref":"_io.TextIOWrapper","kind":"Gdef","module_hidden":true,"module_public":false},"TracebackType":{".class":"SymbolTableNode","cross_ref":"types.TracebackType","kind":"Gdef","module_hidden":true,"module_public":false},"TypeAlias":{".class":"SymbolTableNode","cross_ref":"typing.TypeAlias","kind":"Gdef","module_hidden":true,"module_public":false},"ZIP64_LIMIT":{".class":"SymbolTableNode","kind":"Gdef","module_public":false,"node":{".class":"Var","flags":["is_final","is_ready"],"fullname":"zipfile.ZIP64_LIMIT","name":"ZIP64_LIMIT","type":"builtins.int"}},"ZIP_BZIP2":{".class":"SymbolTableNode","kind":"Gdef","node":{".class":"Var","flags":["is_final","is_ready"],"fullname":"zipfile.ZIP_BZIP2","name":"ZIP_BZIP2","type":"builtins.int"}},"ZIP_DEFLATED":{".class":"SymbolTableNode","kind":"Gdef","node":{".class":"Var","flags":["is_final","is_ready"],"fullname":"zipfile.ZIP_DEFLATED","name":"ZIP_DEFLATED","type":"builtins.int"}},"ZIP_FILECOUNT_LIMIT":{".class":"SymbolTableNode","kind":"Gdef","module_public":false,"node":{".class":"Var","flags":["is_final","is_ready"],"fullname":"zipfile.ZIP_FILECOUNT_LIMIT","name":"ZIP_FILECOUNT_LIMIT","type":"builtins.int"}},"ZIP_LZMA":{".class":"SymbolTableNode","kind":"Gdef","node":{".class":"Var","flags":["is_final","is_ready"],"fullname":"zipfile.ZIP_LZMA","name":"ZIP_LZMA","type":"builtins.int"}},"ZIP_MAX_COMMENT":{".class":"SymbolTableNode","kind":"Gdef","module_public":false,"node":{".class":"Var","flags":["is_final","is_ready"],"fullname":"zipfile.ZIP_MAX_COMMENT","name":"ZIP_MAX_COMMENT","type":"builtins.int"}},"ZIP_STORED":{".class":"SymbolTableNode","kind":"Gdef","node":{".class":"Var","flags":["is_final","is_ready"],"fullname":"zipfile.ZIP_STORED","name":"ZIP_STORED","type":"builtins.int"}},"ZipExtFile":{".class":"SymbolTableNode","kind":"Gdef","module_public":false,"node":{".class":"TypeInfo","_promote":[],"abstract_attributes":[],"alt_promote":null,"bases":["io.BufferedIOBase"],"dataclass_transform_spec":null,"declared_metaclass":null,"defn":{".class":"ClassDef","fullname":"zipfile.ZipExtFile","name":"ZipExtFile","type_vars":[]},"deletable_attributes":[],"deprecated":null,"flags":[],"fullname":"zipfile.ZipExtFile","has_param_spec_type":false,"metaclass_type":"abc.ABCMeta","metadata":{},"module_name":"zipfile","mro":["zipfile.ZipExtFile","io.BufferedIOBase","_io._BufferedIOBase","io.IOBase","_io._IOBase","builtins.object"],"names":{".class":"SymbolTable","MAX_N":{".class":"SymbolTableNode","kind":"Mdef","node":{".class":"Var","flags":["is_initialized_in_class","is_ready"],"fullname":"zipfile.ZipExtFile.MAX_N","name":"MAX_N","type":"builtins.int"}},"MAX_SEEK_READ":{".class":"SymbolTableNode","kind":"Mdef","node":{".class":"Var","flags":["is_initialized_in_class","is_ready"],"fullname":"zipfile.ZipExtFile.MAX_SEEK_READ","name":"MAX_SEEK_READ","type":"builtins.int"}},"MIN_READ_SIZE":{".class":"SymbolTableNode","kind":"Mdef","node":{".class":"Var","flags":["is_initialized_in_class","is_ready"],"fullname":"zipfile.ZipExtFile.MIN_READ_SIZE","name":"MIN_READ_SIZE","type":"builtins.int"}},"__init__":{".class":"SymbolTableNode","kind":"Mdef","node":{".class":"OverloadedFuncDef","deprecated":null,"flags":[],"fullname":"zipfile.ZipExtFile.__init__","impl":null,"items":[{".class":"Decorator","func":{".class":"FuncDef","abstract_status":0,"arg_kinds":[0,0,0,0,0,0],"arg_names":["self","fileobj","mode","zipinfo","pwd","close_fileobj"],"dataclass_transform_spec":null,"deprecated":null,"flags":["is_overload","is_decorated"],"fullname":"zipfile.ZipExtFile.__init__","name":"__init__","type":{".class":"CallableType","arg_kinds":[0,0,0,0,0,0],"arg_names":["self","fileobj","mode","zipinfo","pwd","close_fileobj"],"arg_types":["zipfile.ZipExtFile","zipfile._ClosableZipStream",{".class":"AnyType","missing_import_name":null,"source_any":null,"type_of_any":3},"zipfile.ZipInfo",{".class":"UnionType","items":["builtins.bytes",{".class":"NoneType"}],"uses_pep604_syntax":true},{".class":"LiteralType","fallback":"builtins.bool","value":true}],"bound_args":[],"def_extras":{"first_arg":"self"},"fallback":"builtins.function","from_concatenate":false,"implicit":false,"imprecise_arg_kinds":false,"is_ellipsis_args":false,"name":"__init__ of ZipExtFile","ret_type":{".class":"NoneType"},"type_guard":null,"type_is":null,"unpack_kwargs":false,"variables":[]}},"is_overload":true,"var":{".class":"Var","flags":["is_ready","is_inferred"],"fullname":"zipfile.ZipExtFile.__init__","name":"__init__","type":{".class":"CallableType","arg_kinds":[0,0,0,0,0,0],"arg_names":["self","fileobj","mode","zipinfo","pwd","close_fileobj"],"arg_types":["zipfile.ZipExtFile","zipfile._ClosableZipStream",{".class":"AnyType","missing_import_name":null,"source_any":null,"type_of_any":3},"zipfile.ZipInfo",{".class":"UnionType","items":["builtins.bytes",{".class":"NoneType"}],"uses_pep604_syntax":true},{".class":"LiteralType","fallback":"builtins.bool","value":true}],"bound_args":[],"def_extras":{"first_arg":"self"},"fallback":"builtins.function","from_concatenate":false,"implicit":false,"imprecise_arg_kinds":false,"is_ellipsis_args":false,"name":"__init__ of ZipExtFile","ret_type":{".class":"NoneType"},"type_guard":null,"type_is":null,"unpack_kwargs":false,"variables":[]}}},{".class":"Decorator","func":{".class":"FuncDef","abstract_status":0,"arg_kinds":[0,0,0,0,1,3],"arg_names":["self","fileobj","mode","zipinfo","pwd","close_fileobj"],"dataclass_transform_spec":null,"deprecated":null,"flags":["is_overload","is_decorated"],"fullname":"zipfile.ZipExtFile.__init__","name":"__init__","type":{".class":"CallableType","arg_kinds":[0,0,0,0,1,3],"arg_names":["self","fileobj","mode","zipinfo","pwd","close_fileobj"],"arg_types":["zipfile.ZipExtFile","zipfile._ClosableZipStream",{".class":"AnyType","missing_import_name":null,"source_any":null,"type_of_any":3},"zipfile.ZipInfo",{".class":"UnionType","items":["builtins.bytes",{".class":"NoneType"}],"uses_pep604_syntax":true},{".class":"LiteralType","fallback":"builtins.bool","value":true}],"bound_args":[],"def_extras":{"first_arg":"self"},"fallback":"builtins.function","from_concatenate":false,"implicit":false,"imprecise_arg_kinds":false,"is_ellipsis_args":false,"name":"__init__ of ZipExtFile","ret_type":{".class":"NoneType"},"type_guard":null,"type_is":null,"unpack_kwargs":false,"variables":[]}},"is_overload":true,"var":{".class":"Var","flags":["is_ready","is_inferred"],"fullname":"zipfile.ZipExtFile.__init__","name":"__init__","type":{".class":"CallableType","arg_kinds":[0,0,0,0,1,3],"arg_names":["self","fileobj","mode","zipinfo","pwd","close_fileobj"],"arg_types":["zipfile.ZipExtFile","zipfile._ClosableZipStream",{".class":"AnyType","missing_import_name":null,"source_any":null,"type_of_any":3},"zipfile.ZipInfo",{".class":"UnionType","items":["builtins.bytes",{".class":"NoneType"}],"uses_pep604_syntax":true},{".class":"LiteralType","fallback":"builtins.bool","value":true}],"bound_args":[],"def_extras":{"first_arg":"self"},"fallback":"builtins.function","from_concatenate":false,"implicit":false,"imprecise_arg_kinds":false,"is_ellipsis_args":false,"name":"__init__ of ZipExtFile","ret_type":{".class":"NoneType"},"type_guard":null,"type_is":null,"unpack_kwargs":false,"variables":[]}}},{".class":"Decorator","func":{".class":"FuncDef","abstract_status":0,"arg_kinds":[0,0,0,0,1,1],"arg_names":["self","fileobj","mode","zipinfo","pwd","close_fileobj"],"dataclass_transform_spec":null,"deprecated":null,"flags":["is_overload","is_decorated"],"fullname":"zipfile.ZipExtFile.__init__","name":"__init__","type":{".class":"CallableType","arg_kinds":[0,0,0,0,1,1],"arg_names":["self","fileobj","mode","zipinfo","pwd","close_fileobj"],"arg_types":["zipfile.ZipExtFile","zipfile._ZipStream",{".class":"AnyType","missing_import_name":null,"source_any":null,"type_of_any":3},"zipfile.ZipInfo",{".class":"UnionType","items":["builtins.bytes",{".class":"NoneType"}],"uses_pep604_syntax":true},{".class":"LiteralType","fallback":"builtins.bool","value":false}],"bound_args":[],"def_extras":{"first_arg":"self"},"fallback":"builtins.function","from_concatenate":false,"implicit":false,"imprecise_arg_kinds":false,"is_ellipsis_args":false,"name":"__init__ of ZipExtFile","ret_type":{".class":"NoneType"},"type_guard":null,"type_is":null,"unpack_kwargs":false,"variables":[]}},"is_overload":true,"var":{".class":"Var","flags":["is_ready","is_inferred"],"fullname":"zipfile.ZipExtFile.__init__","name":"__init__","type":{".class":"CallableType","arg_kinds":[0,0,0,0,1,1],"arg_names":["self","fileobj","mode","zipinfo","pwd","close_fileobj"],"arg_types":["zipfile.ZipExtFile","zipfile._ZipStream",{".class":"AnyType","missing_import_name":null,"source_any":null,"type_of_any":3},"zipfile.ZipInfo",{".class":"UnionType","items":["builtins.bytes",{".class":"NoneType"}],"uses_pep604_syntax":true},{".class":"LiteralType","fallback":"builtins.bool","value":false}],"bound_args":[],"def_extras":{"first_arg":"self"},"fallback":"builtins.function","from_concatenate":false,"implicit":false,"imprecise_arg_kinds":false,"is_ellipsis_args":false,"name":"__init__ of ZipExtFile","ret_type":{".class":"NoneType"},"type_guard":null,"type_is":null,"unpack_kwargs":false,"variables":[]}}}],"type":{".class":"Overloaded","items":[{".class":"CallableType","arg_kinds":[0,0,0,0,0,0],"arg_names":["self","fileobj","mode","zipinfo","pwd","close_fileobj"],"arg_types":["zipfile.ZipExtFile","zipfile._ClosableZipStream",{".class":"AnyType","missing_import_name":null,"source_any":null,"type_of_any":3},"zipfile.ZipInfo",{".class":"UnionType","items":["builtins.bytes",{".class":"NoneType"}],"uses_pep604_syntax":true},{".class":"LiteralType","fallback":"builtins.bool","value":true}],"bound_args":[],"def_extras":{"first_arg":"self"},"fallback":"builtins.function","from_concatenate":false,"implicit":false,"imprecise_arg_kinds":false,"is_ellipsis_args":false,"name":"__init__ of ZipExtFile","ret_type":{".class":"NoneType"},"type_guard":null,"type_is":null,"unpack_kwargs":false,"variables":[]},{".class":"CallableType","arg_kinds":[0,0,0,0,1,3],"arg_names":["self","fileobj","mode","zipinfo","pwd","close_fileobj"],"arg_types":["zipfile.ZipExtFile","zipfile._ClosableZipStream",{".class":"AnyType","missing_import_name":null,"source_any":null,"type_of_any":3},"zipfile.ZipInfo",{".class":"UnionType","items":["builtins.bytes",{".class":"NoneType"}],"uses_pep604_syntax":true},{".class":"LiteralType","fallback":"builtins.bool","value":true}],"bound_args":[],"def_extras":{"first_arg":"self"},"fallback":"builtins.function","from_concatenate":false,"implicit":false,"imprecise_arg_kinds":false,"is_ellipsis_args":false,"name":"__init__ of ZipExtFile","ret_type":{".class":"NoneType"},"type_guard":null,"type_is":null,"unpack_kwargs":false,"variables":[]},{".class":"CallableType","arg_kinds":[0,0,0,0,1,1],"arg_names":["self","fileobj","mode","zipinfo","pwd","close_fileobj"],"arg_types":["zipfile.ZipExtFile","zipfile._ZipStream",{".class":"AnyType","missing_import_name":null,"source_any":null,"type_of_any":3},"zipfile.ZipInfo",{".class":"UnionType","items":["builtins.bytes",{".class":"NoneType"}],"uses_pep604_syntax":true},{".class":"LiteralType","fallback":"builtins.bool","value":false}],"bound_args":[],"def_extras":{"first_arg":"self"},"fallback":"builtins.function","from_concatenate":false,"implicit":false,"imprecise_arg_kinds":false,"is_ellipsis_args":false,"name":"__init__ of ZipExtFile","ret_type":{".class":"NoneType"},"type_guard":null,"type_is":null,"unpack_kwargs":false,"variables":[]}]}}},"mode":{".class":"SymbolTableNode","kind":"Mdef","node":{".class":"Var","flags":["is_initialized_in_class","is_ready"],"fullname":"zipfile.ZipExtFile.mode","name":"mode","type":{".class":"AnyType","missing_import_name":null,"source_any":null,"type_of_any":3}}},"name":{".class":"SymbolTableNode","kind":"Mdef","node":{".class":"Var","flags":["is_initialized_in_class","is_ready"],"fullname":"zipfile.ZipExtFile.name","name":"name","type":"builtins.str"}},"newlines":{".class":"SymbolTableNode","kind":"Mdef","node":{".class":"Var","flags":["is_initialized_in_class","is_ready"],"fullname":"zipfile.ZipExtFile.newlines","name":"newlines","type":{".class":"UnionType","items":[{".class":"Instance","args":["builtins.bytes"],"extra_attrs":null,"type_ref":"builtins.list"},{".class":"NoneType"}],"uses_pep604_syntax":true}}},"peek":{".class":"SymbolTableNode","kind":"Mdef","node":{".class":"FuncDef","abstract_status":0,"arg_kinds":[0,1],"arg_names":["self","n"],"dataclass_transform_spec":null,"deprecated":null,"flags":[],"fullname":"zipfile.ZipExtFile.peek","name":"peek","type":{".class":"CallableType","arg_kinds":[0,1],"arg_names":["self","n"],"arg_types":["zipfile.ZipExtFile","builtins.int"],"bound_args":[],"def_extras":{"first_arg":"self"},"fallback":"builtins.function","from_concatenate":false,"implicit":false,"imprecise_arg_kinds":false,"is_ellipsis_args":false,"name":"peek of ZipExtFile","ret_type":"builtins.bytes","type_guard":null,"type_is":null,"unpack_kwargs":false,"variables":[]}}},"read":{".class":"SymbolTableNode","kind":"Mdef","node":{".class":"FuncDef","abstract_status":0,"arg_kinds":[0,1],"arg_names":["self","n"],"dataclass_transform_spec":null,"deprecated":null,"flags":[],"fullname":"zipfile.ZipExtFile.read","name":"read","type":{".class":"CallableType","arg_kinds":[0,1],"arg_names":["self","n"],"arg_types":["zipfile.ZipExtFile",{".class":"UnionType","items":["builtins.int",{".class":"NoneType"}],"uses_pep604_syntax":true}],"bound_args":[],"def_extras":{"first_arg":"self"},"fallback":"builtins.function","from_concatenate":false,"implicit":false,"imprecise_arg_kinds":false,"is_ellipsis_args":false,"name":"read of ZipExtFile","ret_type":"builtins.bytes","type_guard":null,"type_is":null,"unpack_kwargs":false,"variables":[]}}},"read1":{".class":"SymbolTableNode","kind":"Mdef","node":{".class":"FuncDef","abstract_status":0,"arg_kinds":[0,0],"arg_names":["self","n"],"dataclass_transform_spec":null,"deprecated":null,"flags":[],"fullname":"zipfile.ZipExtFile.read1","name":"read1","type":{".class":"CallableType","arg_kinds":[0,0],"arg_names":["self","n"],"arg_types":["zipfile.ZipExtFile",{".class":"UnionType","items":["builtins.int",{".class":"NoneType"}],"uses_pep604_syntax":true}],"bound_args":[],"def_extras":{"first_arg":"self"},"fallback":"builtins.function","from_concatenate":false,"implicit":false,"imprecise_arg_kinds":false,"is_ellipsis_args":false,"name":"read1 of ZipExtFile","ret_type":"builtins.bytes","type_guard":null,"type_is":null,"unpack_kwargs":false,"variables":[]}}},"readline":{".class":"SymbolTableNode","kind":"Mdef","node":{".class":"FuncDef","abstract_status":0,"arg_kinds":[0,1],"arg_names":["self","limit"],"dataclass_transform_spec":null,"deprecated":null,"flags":[],"fullname":"zipfile.ZipExtFile.readline","name":"readline","type":{".class":"CallableType","arg_kinds":[0,1],"arg_names":["self","limit"],"arg_types":["zipfile.ZipExtFile","builtins.int"],"bound_args":[],"def_extras":{"first_arg":"self"},"fallback":"builtins.function","from_concatenate":false,"implicit":false,"imprecise_arg_kinds":false,"is_ellipsis_args":false,"name":"readline of ZipExtFile","ret_type":"builtins.bytes","type_guard":null,"type_is":null,"unpack_kwargs":false,"variables":[]}}},"seek":{".class":"SymbolTableNode","kind":"Mdef","node":{".class":"FuncDef","abstract_status":0,"arg_kinds":[0,0,1],"arg_names":["self","offset","whence"],"dataclass_transform_spec":null,"deprecated":null,"flags":[],"fullname":"zipfile.ZipExtFile.seek","name":"seek","type":{".class":"CallableType","arg_kinds":[0,0,1],"arg_names":["self","offset","whence"],"arg_types":["zipfile.ZipExtFile","builtins.int","builtins.int"],"bound_args":[],"def_extras":{"first_arg":"self"},"fallback":"builtins.function","from_concatenate":false,"implicit":false,"imprecise_arg_kinds":false,"is_ellipsis_args":false,"name":"seek of ZipExtFile","ret_type":"builtins.int","type_guard":null,"type_is":null,"unpack_kwargs":false,"variables":[]}}}},"self_type":null,"slots":null,"tuple_type":null,"type_vars":[],"typeddict_type":null}},"ZipFile":{".class":"SymbolTableNode","kind":"Gdef","node":{".class":"TypeInfo","_promote":[],"abstract_attributes":[],"alt_promote":null,"bases":["builtins.object"],"dataclass_transform_spec":null,"declared_metaclass":null,"defn":{".class":"ClassDef","fullname":"zipfile.ZipFile","name":"ZipFile","type_vars":[]},"deletable_attributes":[],"deprecated":null,"flags":[],"fullname":"zipfile.ZipFile","has_param_spec_type":false,"metaclass_type":null,"metadata":{},"module_name":"zipfile","mro":["zipfile.ZipFile","builtins.object"],"names":{".class":"SymbolTable","NameToInfo":{".class":"SymbolTableNode","kind":"Mdef","node":{".class":"Var","flags":["is_initialized_in_class","is_ready"],"fullname":"zipfile.ZipFile.NameToInfo","name":"NameToInfo","type":{".class":"Instance","args":["builtins.str","zipfile.ZipInfo"],"extra_attrs":null,"type_ref":"builtins.dict"}}},"__del__":{".class":"SymbolTableNode","kind":"Mdef","node":{".class":"FuncDef","abstract_status":0,"arg_kinds":[0],"arg_names":[null],"dataclass_transform_spec":null,"deprecated":null,"flags":[],"fullname":"zipfile.ZipFile.__del__","name":"__del__","type":{".class":"CallableType","arg_kinds":[0],"arg_names":[null],"arg_types":["zipfile.ZipFile"],"bound_args":[],"def_extras":{"first_arg":"self"},"fallback":"builtins.function","from_concatenate":false,"implicit":false,"imprecise_arg_kinds":false,"is_ellipsis_args":false,"name":"__del__ of ZipFile","ret_type":{".class":"NoneType"},"type_guard":null,"type_is":null,"unpack_kwargs":false,"variables":[]}}},"__enter__":{".class":"SymbolTableNode","kind":"Mdef","node":{".class":"FuncDef","abstract_status":0,"arg_kinds":[0],"arg_names":[null],"dataclass_transform_spec":null,"deprecated":null,"flags":[],"fullname":"zipfile.ZipFile.__enter__","name":"__enter__","type":{".class":"CallableType","arg_kinds":[0],"arg_names":[null],"arg_types":[{".class":"TypeVarType","default":{".class":"AnyType","missing_import_name":null,"source_any":null,"type_of_any":4},"fullname":"zipfile.ZipFile.Self","id":0,"name":"Self","namespace":"","upper_bound":"zipfile.ZipFile","values":[],"variance":0}],"bound_args":[],"def_extras":{"first_arg":"self"},"fallback":"builtins.function","from_concatenate":false,"implicit":false,"imprecise_arg_kinds":false,"is_ellipsis_args":false,"name":"__enter__ of ZipFile","ret_type":{".class":"TypeVarType","default":{".class":"AnyType","missing_import_name":null,"source_any":null,"type_of_any":4},"fullname":"zipfile.ZipFile.Self","id":0,"name":"Self","namespace":"","upper_bound":"zipfile.ZipFile","values":[],"variance":0},"type_guard":null,"type_is":null,"unpack_kwargs":false,"variables":[{".class":"TypeVarType","default":{".class":"AnyType","missing_import_name":null,"source_any":null,"type_of_any":4},"fullname":"zipfile.ZipFile.Self","id":0,"name":"Self","namespace":"","upper_bound":"zipfile.ZipFile","values":[],"variance":0}]}}},"__exit__":{".class":"SymbolTableNode","kind":"Mdef","node":{".class":"FuncDef","abstract_status":0,"arg_kinds":[0,0,0,0],"arg_names":[null,null,null,null],"dataclass_transform_spec":null,"deprecated":null,"flags":[],"fullname":"zipfile.ZipFile.__exit__","name":"__exit__","type":{".class":"CallableType","arg_kinds":[0,0,0,0],"arg_names":[null,null,null,null],"arg_types":["zipfile.ZipFile",{".class":"UnionType","items":[{".class":"TypeType","item":"builtins.BaseException"},{".class":"NoneType"}],"uses_pep604_syntax":true},{".class":"UnionType","items":["builtins.BaseException",{".class":"NoneType"}],"uses_pep604_syntax":true},{".class":"UnionType","items":["types.TracebackType",{".class":"NoneType"}],"uses_pep604_syntax":true}],"bound_args":[],"def_extras":{"first_arg":"self"},"fallback":"builtins.function","from_concatenate":false,"implicit":false,"imprecise_arg_kinds":false,"is_ellipsis_args":false,"name":"__exit__ of ZipFile","ret_type":{".class":"NoneType"},"type_guard":null,"type_is":null,"unpack_kwargs":false,"variables":[]}}},"__init__":{".class":"SymbolTableNode","kind":"Mdef","node":{".class":"OverloadedFuncDef","deprecated":null,"flags":[],"fullname":"zipfile.ZipFile.__init__","impl":null,"items":[{".class":"Decorator","func":{".class":"FuncDef","abstract_status":0,"arg_kinds":[0,0,1,1,1,1,5,5],"arg_names":["self","file","mode","compression","allowZip64","compresslevel","strict_timestamps","metadata_encoding"],"dataclass_transform_spec":null,"deprecated":null,"flags":["is_overload","is_decorated"],"fullname":"zipfile.ZipFile.__init__","name":"__init__","type":{".class":"CallableType","arg_kinds":[0,0,1,1,1,1,5,5],"arg_names":["self","file","mode","compression","allowZip64","compresslevel","strict_timestamps","metadata_encoding"],"arg_types":["zipfile.ZipFile",{".class":"UnionType","items":[{".class":"TypeAliasType","args":[],"type_ref":"_typeshed.StrPath"},{".class":"Instance","args":["builtins.bytes"],"extra_attrs":null,"type_ref":"typing.IO"}],"uses_pep604_syntax":true},{".class":"TypeAliasType","args":[],"type_ref":"zipfile._ZipFileMode"},"builtins.int","builtins.bool",{".class":"UnionType","items":["builtins.int",{".class":"NoneType"}],"uses_pep604_syntax":true},"builtins.bool",{".class":"UnionType","items":["builtins.str",{".class":"NoneType"}],"uses_pep604_syntax":true}],"bound_args":[],"def_extras":{"first_arg":"self"},"fallback":"builtins.function","from_concatenate":false,"implicit":false,"imprecise_arg_kinds":false,"is_ellipsis_args":false,"name":"__init__ of ZipFile","ret_type":{".class":"NoneType"},"type_guard":null,"type_is":null,"unpack_kwargs":false,"variables":[]}},"is_overload":true,"var":{".class":"Var","flags":["is_ready","is_inferred"],"fullname":"zipfile.ZipFile.__init__","name":"__init__","type":{".class":"CallableType","arg_kinds":[0,0,1,1,1,1,5,5],"arg_names":["self","file","mode","compression","allowZip64","compresslevel","strict_timestamps","metadata_encoding"],"arg_types":["zipfile.ZipFile",{".class":"UnionType","items":[{".class":"TypeAliasType","args":[],"type_ref":"_typeshed.StrPath"},{".class":"Instance","args":["builtins.bytes"],"extra_attrs":null,"type_ref":"typing.IO"}],"uses_pep604_syntax":true},{".class":"TypeAliasType","args":[],"type_ref":"zipfile._ZipFileMode"},"builtins.int","builtins.bool",{".class":"UnionType","items":["builtins.int",{".class":"NoneType"}],"uses_pep604_syntax":true},"builtins.bool",{".class":"UnionType","items":["builtins.str",{".class":"NoneType"}],"uses_pep604_syntax":true}],"bound_args":[],"def_extras":{"first_arg":"self"},"fallback":"builtins.function","from_concatenate":false,"implicit":false,"imprecise_arg_kinds":false,"is_ellipsis_args":false,"name":"__init__ of ZipFile","ret_type":{".class":"NoneType"},"type_guard":null,"type_is":null,"unpack_kwargs":false,"variables":[]}}},{".class":"Decorator","func":{".class":"FuncDef","abstract_status":0,"arg_kinds":[0,0,1,1,1,1,5,5],"arg_names":["self","file","mode","compression","allowZip64","compresslevel","strict_timestamps","metadata_encoding"],"dataclass_transform_spec":null,"deprecated":null,"flags":["is_overload","is_decorated"],"fullname":"zipfile.ZipFile.__init__","name":"__init__","type":{".class":"CallableType","arg_kinds":[0,0,1,1,1,1,5,5],"arg_names":["self","file","mode","compression","allowZip64","compresslevel","strict_timestamps","metadata_encoding"],"arg_types":["zipfile.ZipFile",{".class":"UnionType","items":[{".class":"TypeAliasType","args":[],"type_ref":"_typeshed.StrPath"},"zipfile._ZipReadable"],"uses_pep604_syntax":true},{".class":"LiteralType","fallback":"builtins.str","value":"r"},"builtins.int","builtins.bool",{".class":"UnionType","items":["builtins.int",{".class":"NoneType"}],"uses_pep604_syntax":true},"builtins.bool",{".class":"UnionType","items":["builtins.str",{".class":"NoneType"}],"uses_pep604_syntax":true}],"bound_args":[],"def_extras":{"first_arg":"self"},"fallback":"builtins.function","from_concatenate":false,"implicit":false,"imprecise_arg_kinds":false,"is_ellipsis_args":false,"name":"__init__ of ZipFile","ret_type":{".class":"NoneType"},"type_guard":null,"type_is":null,"unpack_kwargs":false,"variables":[]}},"is_overload":true,"var":{".class":"Var","flags":["is_ready","is_inferred"],"fullname":"zipfile.ZipFile.__init__","name":"__init__","type":{".class":"CallableType","arg_kinds":[0,0,1,1,1,1,5,5],"arg_names":["self","file","mode","compression","allowZip64","compresslevel","strict_timestamps","metadata_encoding"],"arg_types":["zipfile.ZipFile",{".class":"UnionType","items":[{".class":"TypeAliasType","args":[],"type_ref":"_typeshed.StrPath"},"zipfile._ZipReadable"],"uses_pep604_syntax":true},{".class":"LiteralType","fallback":"builtins.str","value":"r"},"builtins.int","builtins.bool",{".class":"UnionType","items":["builtins.int",{".class":"NoneType"}],"uses_pep604_syntax":true},"builtins.bool",{".class":"UnionType","items":["builtins.str",{".class":"NoneType"}],"uses_pep604_syntax":true}],"bound_args":[],"def_extras":{"first_arg":"self"},"fallback":"builtins.function","from_concatenate":false,"implicit":false,"imprecise_arg_kinds":false,"is_ellipsis_args":false,"name":"__init__ of ZipFile","ret_type":{".class":"NoneType"},"type_guard":null,"type_is":null,"unpack_kwargs":false,"variables":[]}}},{".class":"Decorator","func":{".class":"FuncDef","abstract_status":0,"arg_kinds":[0,0,1,1,1,1,5,5],"arg_names":["self","file","mode","compression","allowZip64","compresslevel","strict_timestamps","metadata_encoding"],"dataclass_transform_spec":null,"deprecated":null,"flags":["is_overload","is_decorated"],"fullname":"zipfile.ZipFile.__init__","name":"__init__","type":{".class":"CallableType","arg_kinds":[0,0,1,1,1,1,5,5],"arg_names":["self","file","mode","compression","allowZip64","compresslevel","strict_timestamps","metadata_encoding"],"arg_types":["zipfile.ZipFile",{".class":"UnionType","items":[{".class":"TypeAliasType","args":[],"type_ref":"_typeshed.StrPath"},"zipfile._ZipWritable"],"uses_pep604_syntax":true},{".class":"UnionType","items":[{".class":"LiteralType","fallback":"builtins.str","value":"w"},{".class":"LiteralType","fallback":"builtins.str","value":"x"}],"uses_pep604_syntax":false},"builtins.int","builtins.bool",{".class":"UnionType","items":["builtins.int",{".class":"NoneType"}],"uses_pep604_syntax":true},"builtins.bool",{".class":"NoneType"}],"bound_args":[],"def_extras":{"first_arg":"self"},"fallback":"builtins.function","from_concatenate":false,"implicit":false,"imprecise_arg_kinds":false,"is_ellipsis_args":false,"name":"__init__ of ZipFile","ret_type":{".class":"NoneType"},"type_guard":null,"type_is":null,"unpack_kwargs":false,"variables":[]}},"is_overload":true,"var":{".class":"Var","flags":["is_ready","is_inferred"],"fullname":"zipfile.ZipFile.__init__","name":"__init__","type":{".class":"CallableType","arg_kinds":[0,0,1,1,1,1,5,5],"arg_names":["self","file","mode","compression","allowZip64","compresslevel","strict_timestamps","metadata_encoding"],"arg_types":["zipfile.ZipFile",{".class":"UnionType","items":[{".class":"TypeAliasType","args":[],"type_ref":"_typeshed.StrPath"},"zipfile._ZipWritable"],"uses_pep604_syntax":true},{".class":"UnionType","items":[{".class":"LiteralType","fallback":"builtins.str","value":"w"},{".class":"LiteralType","fallback":"builtins.str","value":"x"}],"uses_pep604_syntax":false},"builtins.int","builtins.bool",{".class":"UnionType","items":["builtins.int",{".class":"NoneType"}],"uses_pep604_syntax":true},"builtins.bool",{".class":"NoneType"}],"bound_args":[],"def_extras":{"first_arg":"self"},"fallback":"builtins.function","from_concatenate":false,"implicit":false,"imprecise_arg_kinds":false,"is_ellipsis_args":false,"name":"__init__ of ZipFile","ret_type":{".class":"NoneType"},"type_guard":null,"type_is":null,"unpack_kwargs":false,"variables":[]}}},{".class":"Decorator","func":{".class":"FuncDef","abstract_status":0,"arg_kinds":[0,0,1,1,1,1,5,5],"arg_names":["self","file","mode","compression","allowZip64","compresslevel","strict_timestamps","metadata_encoding"],"dataclass_transform_spec":null,"deprecated":null,"flags":["is_overload","is_decorated"],"fullname":"zipfile.ZipFile.__init__","name":"__init__","type":{".class":"CallableType","arg_kinds":[0,0,1,1,1,1,5,5],"arg_names":["self","file","mode","compression","allowZip64","compresslevel","strict_timestamps","metadata_encoding"],"arg_types":["zipfile.ZipFile",{".class":"UnionType","items":[{".class":"TypeAliasType","args":[],"type_ref":"_typeshed.StrPath"},"zipfile._ZipReadableTellable"],"uses_pep604_syntax":true},{".class":"LiteralType","fallback":"builtins.str","value":"a"},"builtins.int","builtins.bool",{".class":"UnionType","items":["builtins.int",{".class":"NoneType"}],"uses_pep604_syntax":true},"builtins.bool",{".class":"NoneType"}],"bound_args":[],"def_extras":{"first_arg":"self"},"fallback":"builtins.function","from_concatenate":false,"implicit":false,"imprecise_arg_kinds":false,"is_ellipsis_args":false,"name":"__init__ of ZipFile","ret_type":{".class":"NoneType"},"type_guard":null,"type_is":null,"unpack_kwargs":false,"variables":[]}},"is_overload":true,"var":{".class":"Var","flags":["is_ready","is_inferred"],"fullname":"zipfile.ZipFile.__init__","name":"__init__","type":{".class":"CallableType","arg_kinds":[0,0,1,1,1,1,5,5],"arg_names":["self","file","mode","compression","allowZip64","compresslevel","strict_timestamps","metadata_encoding"],"arg_types":["zipfile.ZipFile",{".class":"UnionType","items":[{".class":"TypeAliasType","args":[],"type_ref":"_typeshed.StrPath"},"zipfile._ZipReadableTellable"],"uses_pep604_syntax":true},{".class":"LiteralType","fallback":"builtins.str","value":"a"},"builtins.int","builtins.bool",{".class":"UnionType","items":["builtins.int",{".class":"NoneType"}],"uses_pep604_syntax":true},"builtins.bool",{".class":"NoneType"}],"bound_args":[],"def_extras":{"first_arg":"self"},"fallback":"builtins.function","from_concatenate":false,"implicit":false,"imprecise_arg_kinds":false,"is_ellipsis_args":false,"name":"__init__ of ZipFile","ret_type":{".class":"NoneType"},"type_guard":null,"type_is":null,"unpack_kwargs":false,"variables":[]}}}],"type":{".class":"Overloaded","items":[{".class":"CallableType","arg_kinds":[0,0,1,1,1,1,5,5],"arg_names":["self","file","mode","compression","allowZip64","compresslevel","strict_timestamps","metadata_encoding"],"arg_types":["zipfile.ZipFile",{".class":"UnionType","items":[{".class":"TypeAliasType","args":[],"type_ref":"_typeshed.StrPath"},{".class":"Instance","args":["builtins.bytes"],"extra_attrs":null,"type_ref":"typing.IO"}],"uses_pep604_syntax":true},{".class":"TypeAliasType","args":[],"type_ref":"zipfile._ZipFileMode"},"builtins.int","builtins.bool",{".class":"UnionType","items":["builtins.int",{".class":"NoneType"}],"uses_pep604_syntax":true},"builtins.bool",{".class":"UnionType","items":["builtins.str",{".class":"NoneType"}],"uses_pep604_syntax":true}],"bound_args":[],"def_extras":{"first_arg":"self"},"fallback":"builtins.function","from_concatenate":false,"implicit":false,"imprecise_arg_kinds":false,"is_ellipsis_args":false,"name":"__init__ of ZipFile","ret_type":{".class":"NoneType"},"type_guard":null,"type_is":null,"unpack_kwargs":false,"variables":[]},{".class":"CallableType","arg_kinds":[0,0,1,1,1,1,5,5],"arg_names":["self","file","mode","compression","allowZip64","compresslevel","strict_timestamps","metadata_encoding"],"arg_types":["zipfile.ZipFile",{".class":"UnionType","items":[{".class":"TypeAliasType","args":[],"type_ref":"_typeshed.StrPath"},"zipfile._ZipReadable"],"uses_pep604_syntax":true},{".class":"LiteralType","fallback":"builtins.str","value":"r"},"builtins.int","builtins.bool",{".class":"UnionType","items":["builtins.int",{".class":"NoneType"}],"uses_pep604_syntax":true},"builtins.bool",{".class":"UnionType","items":["builtins.str",{".class":"NoneType"}],"uses_pep604_syntax":true}],"bound_args":[],"def_extras":{"first_arg":"self"},"fallback":"builtins.function","from_concatenate":false,"implicit":false,"imprecise_arg_kinds":false,"is_ellipsis_args":false,"name":"__init__ of ZipFile","ret_type":{".class":"NoneType"},"type_guard":null,"type_is":null,"unpack_kwargs":false,"variables":[]},{".class":"CallableType","arg_kinds":[0,0,1,1,1,1,5,5],"arg_names":["self","file","mode","compression","allowZip64","compresslevel","strict_timestamps","metadata_encoding"],"arg_types":["zipfile.ZipFile",{".class":"UnionType","items":[{".class":"TypeAliasType","args":[],"type_ref":"_typeshed.StrPath"},"zipfile._ZipWritable"],"uses_pep604_syntax":true},{".class":"UnionType","items":[{".class":"LiteralType","fallback":"builtins.str","value":"w"},{".class":"LiteralType","fallback":"builtins.str","value":"x"}],"uses_pep604_syntax":false},"builtins.int","builtins.bool",{".class":"UnionType","items":["builtins.int",{".class":"NoneType"}],"uses_pep604_syntax":true},"builtins.bool",{".class":"NoneType"}],"bound_args":[],"def_extras":{"first_arg":"self"},"fallback":"builtins.function","from_concatenate":false,"implicit":false,"imprecise_arg_kinds":false,"is_ellipsis_args":false,"name":"__init__ of ZipFile","ret_type":{".class":"NoneType"},"type_guard":null,"type_is":null,"unpack_kwargs":false,"variables":[]},{".class":"CallableType","arg_kinds":[0,0,1,1,1,1,5,5],"arg_names":["self","file","mode","compression","allowZip64","compresslevel","strict_timestamps","metadata_encoding"],"arg_types":["zipfile.ZipFile",{".class":"UnionType","items":[{".class":"TypeAliasType","args":[],"type_ref":"_typeshed.StrPath"},"zipfile._ZipReadableTellable"],"uses_pep604_syntax":true},{".class":"LiteralType","fallback":"builtins.str","value":"a"},"builtins.int","builtins.bool",{".class":"UnionType","items":["builtins.int",{".class":"NoneType"}],"uses_pep604_syntax":true},"builtins.bool",{".class":"NoneType"}],"bound_args":[],"def_extras":{"first_arg":"self"},"fallback":"builtins.function","from_concatenate":false,"implicit":false,"imprecise_arg_kinds":false,"is_ellipsis_args":false,"name":"__init__ of ZipFile","ret_type":{".class":"NoneType"},"type_guard":null,"type_is":null,"unpack_kwargs":false,"variables":[]}]}}},"close":{".class":"SymbolTableNode","kind":"Mdef","node":{".class":"FuncDef","abstract_status":0,"arg_kinds":[0],"arg_names":["self"],"dataclass_transform_spec":null,"deprecated":null,"flags":[],"fullname":"zipfile.ZipFile.close","name":"close","type":{".class":"CallableType","arg_kinds":[0],"arg_names":["self"],"arg_types":["zipfile.ZipFile"],"bound_args":[],"def_extras":{"first_arg":"self"},"fallback":"builtins.function","from_concatenate":false,"implicit":false,"imprecise_arg_kinds":false,"is_ellipsis_args":false,"name":"close of ZipFile","ret_type":{".class":"NoneType"},"type_guard":null,"type_is":null,"unpack_kwargs":false,"variables":[]}}},"comment":{".class":"SymbolTableNode","kind":"Mdef","node":{".class":"Var","flags":["is_initialized_in_class","is_ready"],"fullname":"zipfile.ZipFile.comment","name":"comment","type":"builtins.bytes"}},"compression":{".class":"SymbolTableNode","kind":"Mdef","node":{".class":"Var","flags":["is_initialized_in_class","is_ready"],"fullname":"zipfile.ZipFile.compression","name":"compression","type":"builtins.int"}},"compresslevel":{".class":"SymbolTableNode","kind":"Mdef","node":{".class":"Var","flags":["is_initialized_in_class","is_ready"],"fullname":"zipfile.ZipFile.compresslevel","name":"compresslevel","type":{".class":"UnionType","items":["builtins.int",{".class":"NoneType"}],"uses_pep604_syntax":true}}},"debug":{".class":"SymbolTableNode","kind":"Mdef","node":{".class":"Var","flags":["is_initialized_in_class","is_ready"],"fullname":"zipfile.ZipFile.debug","name":"debug","type":"builtins.int"}},"extract":{".class":"SymbolTableNode","kind":"Mdef","node":{".class":"FuncDef","abstract_status":0,"arg_kinds":[0,0,1,1],"arg_names":["self","member","path","pwd"],"dataclass_transform_spec":null,"deprecated":null,"flags":[],"fullname":"zipfile.ZipFile.extract","name":"extract","type":{".class":"CallableType","arg_kinds":[0,0,1,1],"arg_names":["self","member","path","pwd"],"arg_types":["zipfile.ZipFile",{".class":"UnionType","items":["builtins.str","zipfile.ZipInfo"],"uses_pep604_syntax":true},{".class":"UnionType","items":[{".class":"TypeAliasType","args":[],"type_ref":"_typeshed.StrPath"},{".class":"NoneType"}],"uses_pep604_syntax":true},{".class":"UnionType","items":["builtins.bytes",{".class":"NoneType"}],"uses_pep604_syntax":true}],"bound_args":[],"def_extras":{"first_arg":"self"},"fallback":"builtins.function","from_concatenate":false,"implicit":false,"imprecise_arg_kinds":false,"is_ellipsis_args":false,"name":"extract of ZipFile","ret_type":"builtins.str","type_guard":null,"type_is":null,"unpack_kwargs":false,"variables":[]}}},"extractall":{".class":"SymbolTableNode","kind":"Mdef","node":{".class":"FuncDef","abstract_status":0,"arg_kinds":[0,1,1,1],"arg_names":["self","path","members","pwd"],"dataclass_transform_spec":null,"deprecated":null,"flags":[],"fullname":"zipfile.ZipFile.extractall","name":"extractall","type":{".class":"CallableType","arg_kinds":[0,1,1,1],"arg_names":["self","path","members","pwd"],"arg_types":["zipfile.ZipFile",{".class":"UnionType","items":[{".class":"TypeAliasType","args":[],"type_ref":"_typeshed.StrPath"},{".class":"NoneType"}],"uses_pep604_syntax":true},{".class":"UnionType","items":[{".class":"Instance","args":[{".class":"UnionType","items":["builtins.str","zipfile.ZipInfo"],"uses_pep604_syntax":true}],"extra_attrs":null,"type_ref":"typing.Iterable"},{".class":"NoneType"}],"uses_pep604_syntax":true},{".class":"UnionType","items":["builtins.bytes",{".class":"NoneType"}],"uses_pep604_syntax":true}],"bound_args":[],"def_extras":{"first_arg":"self"},"fallback":"builtins.function","from_concatenate":false,"implicit":false,"imprecise_arg_kinds":false,"is_ellipsis_args":false,"name":"extractall of ZipFile","ret_type":{".class":"NoneType"},"type_guard":null,"type_is":null,"unpack_kwargs":false,"variables":[]}}},"filelist":{".class":"SymbolTableNode","kind":"Mdef","node":{".class":"Var","flags":["is_initialized_in_class","is_ready"],"fullname":"zipfile.ZipFile.filelist","name":"filelist","type":{".class":"Instance","args":["zipfile.ZipInfo"],"extra_attrs":null,"type_ref":"builtins.list"}}},"filename":{".class":"SymbolTableNode","kind":"Mdef","node":{".class":"Var","flags":["is_initialized_in_class","is_ready"],"fullname":"zipfile.ZipFile.filename","name":"filename","type":{".class":"UnionType","items":["builtins.str",{".class":"NoneType"}],"uses_pep604_syntax":true}}},"fp":{".class":"SymbolTableNode","kind":"Mdef","node":{".class":"Var","flags":["is_initialized_in_class","is_ready"],"fullname":"zipfile.ZipFile.fp","name":"fp","type":{".class":"UnionType","items":[{".class":"Instance","args":["builtins.bytes"],"extra_attrs":null,"type_ref":"typing.IO"},{".class":"NoneType"}],"uses_pep604_syntax":true}}},"getinfo":{".class":"SymbolTableNode","kind":"Mdef","node":{".class":"FuncDef","abstract_status":0,"arg_kinds":[0,0],"arg_names":["self","name"],"dataclass_transform_spec":null,"deprecated":null,"flags":[],"fullname":"zipfile.ZipFile.getinfo","name":"getinfo","type":{".class":"CallableType","arg_kinds":[0,0],"arg_names":["self","name"],"arg_types":["zipfile.ZipFile","builtins.str"],"bound_args":[],"def_extras":{"first_arg":"self"},"fallback":"builtins.function","from_concatenate":false,"implicit":false,"imprecise_arg_kinds":false,"is_ellipsis_args":false,"name":"getinfo of ZipFile","ret_type":"zipfile.ZipInfo","type_guard":null,"type_is":null,"unpack_kwargs":false,"variables":[]}}},"infolist":{".class":"SymbolTableNode","kind":"Mdef","node":{".class":"FuncDef","abstract_status":0,"arg_kinds":[0],"arg_names":["self"],"dataclass_transform_spec":null,"deprecated":null,"flags":[],"fullname":"zipfile.ZipFile.infolist","name":"infolist","type":{".class":"CallableType","arg_kinds":[0],"arg_names":["self"],"arg_types":["zipfile.ZipFile"],"bound_args":[],"def_extras":{"first_arg":"self"},"fallback":"builtins.function","from_concatenate":false,"implicit":false,"imprecise_arg_kinds":false,"is_ellipsis_args":false,"name":"infolist of ZipFile","ret_type":{".class":"Instance","args":["zipfile.ZipInfo"],"extra_attrs":null,"type_ref":"builtins.list"},"type_guard":null,"type_is":null,"unpack_kwargs":false,"variables":[]}}},"mkdir":{".class":"SymbolTableNode","kind":"Mdef","node":{".class":"FuncDef","abstract_status":0,"arg_kinds":[0,0,1],"arg_names":["self","zinfo_or_directory_name","mode"],"dataclass_transform_spec":null,"deprecated":null,"flags":[],"fullname":"zipfile.ZipFile.mkdir","name":"mkdir","type":{".class":"CallableType","arg_kinds":[0,0,1],"arg_names":["self","zinfo_or_directory_name","mode"],"arg_types":["zipfile.ZipFile",{".class":"UnionType","items":["builtins.str","zipfile.ZipInfo"],"uses_pep604_syntax":true},"builtins.int"],"bound_args":[],"def_extras":{"first_arg":"self"},"fallback":"builtins.function","from_concatenate":false,"implicit":false,"imprecise_arg_kinds":false,"is_ellipsis_args":false,"name":"mkdir of ZipFile","ret_type":{".class":"NoneType"},"type_guard":null,"type_is":null,"unpack_kwargs":false,"variables":[]}}},"mode":{".class":"SymbolTableNode","kind":"Mdef","node":{".class":"Var","flags":["is_initialized_in_class","is_ready"],"fullname":"zipfile.ZipFile.mode","name":"mode","type":{".class":"TypeAliasType","args":[],"type_ref":"zipfile._ZipFileMode"}}},"namelist":{".class":"SymbolTableNode","kind":"Mdef","node":{".class":"FuncDef","abstract_status":0,"arg_kinds":[0],"arg_names":["self"],"dataclass_transform_spec":null,"deprecated":null,"flags":[],"fullname":"zipfile.ZipFile.namelist","name":"namelist","type":{".class":"CallableType","arg_kinds":[0],"arg_names":["self"],"arg_types":["zipfile.ZipFile"],"bound_args":[],"def_extras":{"first_arg":"self"},"fallback":"builtins.function","from_concatenate":false,"implicit":false,"imprecise_arg_kinds":false,"is_ellipsis_args":false,"name":"namelist of ZipFile","ret_type":{".class":"Instance","args":["builtins.str"],"extra_attrs":null,"type_ref":"builtins.list"},"type_guard":null,"type_is":null,"unpack_kwargs":false,"variables":[]}}},"open":{".class":"SymbolTableNode","kind":"Mdef","node":{".class":"FuncDef","abstract_status":0,"arg_kinds":[0,0,1,1,5],"arg_names":["self","name","mode","pwd","force_zip64"],"dataclass_transform_spec":null,"deprecated":null,"flags":[],"fullname":"zipfile.ZipFile.open","name":"open","type":{".class":"CallableType","arg_kinds":[0,0,1,1,5],"arg_names":["self","name","mode","pwd","force_zip64"],"arg_types":["zipfile.ZipFile",{".class":"UnionType","items":["builtins.str","zipfile.ZipInfo"],"uses_pep604_syntax":true},{".class":"AnyType","missing_import_name":null,"source_any":null,"type_of_any":3},{".class":"UnionType","items":["builtins.bytes",{".class":"NoneType"}],"uses_pep604_syntax":true},"builtins.bool"],"bound_args":[],"def_extras":{"first_arg":"self"},"fallback":"builtins.function","from_concatenate":false,"implicit":false,"imprecise_arg_kinds":false,"is_ellipsis_args":false,"name":"open of ZipFile","ret_type":{".class":"Instance","args":["builtins.bytes"],"extra_attrs":null,"type_ref":"typing.IO"},"type_guard":null,"type_is":null,"unpack_kwargs":false,"variables":[]}}},"printdir":{".class":"SymbolTableNode","kind":"Mdef","node":{".class":"FuncDef","abstract_status":0,"arg_kinds":[0,1],"arg_names":["self","file"],"dataclass_transform_spec":null,"deprecated":null,"flags":[],"fullname":"zipfile.ZipFile.printdir","name":"printdir","type":{".class":"CallableType","arg_kinds":[0,1],"arg_names":["self","file"],"arg_types":["zipfile.ZipFile",{".class":"UnionType","items":["zipfile._Writer",{".class":"NoneType"}],"uses_pep604_syntax":true}],"bound_args":[],"def_extras":{"first_arg":"self"},"fallback":"builtins.function","from_concatenate":false,"implicit":false,"imprecise_arg_kinds":false,"is_ellipsis_args":false,"name":"printdir of ZipFile","ret_type":{".class":"NoneType"},"type_guard":null,"type_is":null,"unpack_kwargs":false,"variables":[]}}},"pwd":{".class":"SymbolTableNode","kind":"Mdef","node":{".class":"Var","flags":["is_initialized_in_class","is_ready"],"fullname":"zipfile.ZipFile.pwd","name":"pwd","type":{".class":"UnionType","items":["builtins.bytes",{".class":"NoneType"}],"uses_pep604_syntax":true}}},"read":{".class":"SymbolTableNode","kind":"Mdef","node":{".class":"FuncDef","abstract_status":0,"arg_kinds":[0,0,1],"arg_names":["self","name","pwd"],"dataclass_transform_spec":null,"deprecated":null,"flags":[],"fullname":"zipfile.ZipFile.read","name":"read","type":{".class":"CallableType","arg_kinds":[0,0,1],"arg_names":["self","name","pwd"],"arg_types":["zipfile.ZipFile",{".class":"UnionType","items":["builtins.str","zipfile.ZipInfo"],"uses_pep604_syntax":true},{".class":"UnionType","items":["builtins.bytes",{".class":"NoneType"}],"uses_pep604_syntax":true}],"bound_args":[],"def_extras":{"first_arg":"self"},"fallback":"builtins.function","from_concatenate":false,"implicit":false,"imprecise_arg_kinds":false,"is_ellipsis_args":false,"name":"read of ZipFile","ret_type":"builtins.bytes","type_guard":null,"type_is":null,"unpack_kwargs":false,"variables":[]}}},"setpassword":{".class":"SymbolTableNode","kind":"Mdef","node":{".class":"FuncDef","abstract_status":0,"arg_kinds":[0,0],"arg_names":["self","pwd"],"dataclass_transform_spec":null,"deprecated":null,"flags":[],"fullname":"zipfile.ZipFile.setpassword","name":"setpassword","type":{".class":"CallableType","arg_kinds":[0,0],"arg_names":["self","pwd"],"arg_types":["zipfile.ZipFile","builtins.bytes"],"bound_args":[],"def_extras":{"first_arg":"self"},"fallback":"builtins.function","from_concatenate":false,"implicit":false,"imprecise_arg_kinds":false,"is_ellipsis_args":false,"name":"setpassword of ZipFile","ret_type":{".class":"NoneType"},"type_guard":null,"type_is":null,"unpack_kwargs":false,"variables":[]}}},"start_dir":{".class":"SymbolTableNode","kind":"Mdef","node":{".class":"Var","flags":["is_initialized_in_class","is_ready"],"fullname":"zipfile.ZipFile.start_dir","name":"start_dir","type":"builtins.int"}},"testzip":{".class":"SymbolTableNode","kind":"Mdef","node":{".class":"FuncDef","abstract_status":0,"arg_kinds":[0],"arg_names":["self"],"dataclass_transform_spec":null,"deprecated":null,"flags":[],"fullname":"zipfile.ZipFile.testzip","name":"testzip","type":{".class":"CallableType","arg_kinds":[0],"arg_names":["self"],"arg_types":["zipfile.ZipFile"],"bound_args":[],"def_extras":{"first_arg":"self"},"fallback":"builtins.function","from_concatenate":false,"implicit":false,"imprecise_arg_kinds":false,"is_ellipsis_args":false,"name":"testzip of ZipFile","ret_type":{".class":"UnionType","items":["builtins.str",{".class":"NoneType"}],"uses_pep604_syntax":true},"type_guard":null,"type_is":null,"unpack_kwargs":false,"variables":[]}}},"write":{".class":"SymbolTableNode","kind":"Mdef","node":{".class":"FuncDef","abstract_status":0,"arg_kinds":[0,0,1,1,1],"arg_names":["self","filename","arcname","compress_type","compresslevel"],"dataclass_transform_spec":null,"deprecated":null,"flags":[],"fullname":"zipfile.ZipFile.write","name":"write","type":{".class":"CallableType","arg_kinds":[0,0,1,1,1],"arg_names":["self","filename","arcname","compress_type","compresslevel"],"arg_types":["zipfile.ZipFile",{".class":"TypeAliasType","args":[],"type_ref":"_typeshed.StrPath"},{".class":"UnionType","items":[{".class":"TypeAliasType","args":[],"type_ref":"_typeshed.StrPath"},{".class":"NoneType"}],"uses_pep604_syntax":true},{".class":"UnionType","items":["builtins.int",{".class":"NoneType"}],"uses_pep604_syntax":true},{".class":"UnionType","items":["builtins.int",{".class":"NoneType"}],"uses_pep604_syntax":true}],"bound_args":[],"def_extras":{"first_arg":"self"},"fallback":"builtins.function","from_concatenate":false,"implicit":false,"imprecise_arg_kinds":false,"is_ellipsis_args":false,"name":"write of ZipFile","ret_type":{".class":"NoneType"},"type_guard":null,"type_is":null,"unpack_kwargs":false,"variables":[]}}},"writestr":{".class":"SymbolTableNode","kind":"Mdef","node":{".class":"FuncDef","abstract_status":0,"arg_kinds":[0,0,0,1,1],"arg_names":["self","zinfo_or_arcname","data","compress_type","compresslevel"],"dataclass_transform_spec":null,"deprecated":null,"flags":[],"fullname":"zipfile.ZipFile.writestr","name":"writestr","type":{".class":"CallableType","arg_kinds":[0,0,0,1,1],"arg_names":["self","zinfo_or_arcname","data","compress_type","compresslevel"],"arg_types":["zipfile.ZipFile",{".class":"UnionType","items":["builtins.str","zipfile.ZipInfo"],"uses_pep604_syntax":true},{".class":"UnionType","items":["_typeshed.SizedBuffer","builtins.str"],"uses_pep604_syntax":true},{".class":"UnionType","items":["builtins.int",{".class":"NoneType"}],"uses_pep604_syntax":true},{".class":"UnionType","items":["builtins.int",{".class":"NoneType"}],"uses_pep604_syntax":true}],"bound_args":[],"def_extras":{"first_arg":"self"},"fallback":"builtins.function","from_concatenate":false,"implicit":false,"imprecise_arg_kinds":false,"is_ellipsis_args":false,"name":"writestr of ZipFile","ret_type":{".class":"NoneType"},"type_guard":null,"type_is":null,"unpack_kwargs":false,"variables":[]}}}},"self_type":{".class":"TypeVarType","default":{".class":"AnyType","missing_import_name":null,"source_any":null,"type_of_any":4},"fullname":"zipfile.ZipFile.Self","id":0,"name":"Self","namespace":"","upper_bound":"zipfile.ZipFile","values":[],"variance":0},"slots":null,"tuple_type":null,"type_vars":[],"typeddict_type":null}},"ZipInfo":{".class":"SymbolTableNode","kind":"Gdef","node":{".class":"TypeInfo","_promote":[],"abstract_attributes":[],"alt_promote":null,"bases":["builtins.object"],"dataclass_transform_spec":null,"declared_metaclass":null,"defn":{".class":"ClassDef","fullname":"zipfile.ZipInfo","name":"ZipInfo","type_vars":[]},"deletable_attributes":[],"deprecated":null,"flags":[],"fullname":"zipfile.ZipInfo","has_param_spec_type":false,"metaclass_type":null,"metadata":{},"module_name":"zipfile","mro":["zipfile.ZipInfo","builtins.object"],"names":{".class":"SymbolTable","CRC":{".class":"SymbolTableNode","kind":"Mdef","node":{".class":"Var","flags":["is_initialized_in_class","is_ready"],"fullname":"zipfile.ZipInfo.CRC","name":"CRC","type":"builtins.int"}},"FileHeader":{".class":"SymbolTableNode","kind":"Mdef","node":{".class":"FuncDef","abstract_status":0,"arg_kinds":[0,1],"arg_names":["self","zip64"],"dataclass_transform_spec":null,"deprecated":null,"flags":[],"fullname":"zipfile.ZipInfo.FileHeader","name":"FileHeader","type":{".class":"CallableType","arg_kinds":[0,1],"arg_names":["self","zip64"],"arg_types":["zipfile.ZipInfo",{".class":"UnionType","items":["builtins.bool",{".class":"NoneType"}],"uses_pep604_syntax":true}],"bound_args":[],"def_extras":{"first_arg":"self"},"fallback":"builtins.function","from_concatenate":false,"implicit":false,"imprecise_arg_kinds":false,"is_ellipsis_args":false,"name":"FileHeader of ZipInfo","ret_type":"builtins.bytes","type_guard":null,"type_is":null,"unpack_kwargs":false,"variables":[]}}},"__init__":{".class":"SymbolTableNode","kind":"Mdef","node":{".class":"FuncDef","abstract_status":0,"arg_kinds":[0,1,1],"arg_names":["self","filename","date_time"],"dataclass_transform_spec":null,"deprecated":null,"flags":[],"fullname":"zipfile.ZipInfo.__init__","name":"__init__","type":{".class":"CallableType","arg_kinds":[0,1,1],"arg_names":["self","filename","date_time"],"arg_types":["zipfile.ZipInfo","builtins.str",{".class":"TypeAliasType","args":[],"type_ref":"zipfile._DateTuple"}],"bound_args":[],"def_extras":{"first_arg":"self"},"fallback":"builtins.function","from_concatenate":false,"implicit":false,"imprecise_arg_kinds":false,"is_ellipsis_args":false,"name":"__init__ of ZipInfo","ret_type":{".class":"NoneType"},"type_guard":null,"type_is":null,"unpack_kwargs":false,"variables":[]}}},"comment":{".class":"SymbolTableNode","kind":"Mdef","node":{".class":"Var","flags":["is_initialized_in_class","is_ready"],"fullname":"zipfile.ZipInfo.comment","name":"comment","type":"builtins.bytes"}},"compress_level":{".class":"SymbolTableNode","kind":"Mdef","node":{".class":"Var","flags":["is_initialized_in_class","is_ready"],"fullname":"zipfile.ZipInfo.compress_level","name":"compress_level","type":{".class":"UnionType","items":["builtins.int",{".class":"NoneType"}],"uses_pep604_syntax":true}}},"compress_size":{".class":"SymbolTableNode","kind":"Mdef","node":{".class":"Var","flags":["is_initialized_in_class","is_ready"],"fullname":"zipfile.ZipInfo.compress_size","name":"compress_size","type":"builtins.int"}},"compress_type":{".class":"SymbolTableNode","kind":"Mdef","node":{".class":"Var","flags":["is_initialized_in_class","is_ready"],"fullname":"zipfile.ZipInfo.compress_type","name":"compress_type","type":"builtins.int"}},"create_system":{".class":"SymbolTableNode","kind":"Mdef","node":{".class":"Var","flags":["is_initialized_in_class","is_ready"],"fullname":"zipfile.ZipInfo.create_system","name":"create_system","type":"builtins.int"}},"create_version":{".class":"SymbolTableNode","kind":"Mdef","node":{".class":"Var","flags":["is_initialized_in_class","is_ready"],"fullname":"zipfile.ZipInfo.create_version","name":"create_version","type":"builtins.int"}},"date_time":{".class":"SymbolTableNode","kind":"Mdef","node":{".class":"Var","flags":["is_initialized_in_class","is_ready"],"fullname":"zipfile.ZipInfo.date_time","name":"date_time","type":{".class":"TypeAliasType","args":[],"type_ref":"zipfile._DateTuple"}}},"external_attr":{".class":"SymbolTableNode","kind":"Mdef","node":{".class":"Var","flags":["is_initialized_in_class","is_ready"],"fullname":"zipfile.ZipInfo.external_attr","name":"external_attr","type":"builtins.int"}},"extra":{".class":"SymbolTableNode","kind":"Mdef","node":{".class":"Var","flags":["is_initialized_in_class","is_ready"],"fullname":"zipfile.ZipInfo.extra","name":"extra","type":"builtins.bytes"}},"extract_version":{".class":"SymbolTableNode","kind":"Mdef","node":{".class":"Var","flags":["is_initialized_in_class","is_ready"],"fullname":"zipfile.ZipInfo.extract_version","name":"extract_version","type":"builtins.int"}},"file_size":{".class":"SymbolTableNode","kind":"Mdef","node":{".class":"Var","flags":["is_initialized_in_class","is_ready"],"fullname":"zipfile.ZipInfo.file_size","name":"file_size","type":"builtins.int"}},"filename":{".class":"SymbolTableNode","kind":"Mdef","node":{".class":"Var","flags":["is_initialized_in_class","is_ready"],"fullname":"zipfile.ZipInfo.filename","name":"filename","type":"builtins.str"}},"flag_bits":{".class":"SymbolTableNode","kind":"Mdef","node":{".class":"Var","flags":["is_initialized_in_class","is_ready"],"fullname":"zipfile.ZipInfo.flag_bits","name":"flag_bits","type":"builtins.int"}},"from_file":{".class":"SymbolTableNode","kind":"Mdef","node":{".class":"Decorator","func":{".class":"FuncDef","abstract_status":0,"arg_kinds":[0,0,1,5],"arg_names":["cls","filename","arcname","strict_timestamps"],"dataclass_transform_spec":null,"deprecated":null,"flags":["is_class","is_decorated"],"fullname":"zipfile.ZipInfo.from_file","name":"from_file","type":{".class":"CallableType","arg_kinds":[0,0,1,5],"arg_names":["cls","filename","arcname","strict_timestamps"],"arg_types":[{".class":"TypeType","item":{".class":"TypeVarType","default":{".class":"AnyType","missing_import_name":null,"source_any":null,"type_of_any":4},"fullname":"zipfile.ZipInfo.Self","id":0,"name":"Self","namespace":"","upper_bound":"zipfile.ZipInfo","values":[],"variance":0}},{".class":"TypeAliasType","args":[],"type_ref":"_typeshed.StrPath"},{".class":"UnionType","items":[{".class":"TypeAliasType","args":[],"type_ref":"_typeshed.StrPath"},{".class":"NoneType"}],"uses_pep604_syntax":true},"builtins.bool"],"bound_args":[],"def_extras":{"first_arg":"cls"},"fallback":"builtins.function","from_concatenate":false,"implicit":false,"imprecise_arg_kinds":false,"is_ellipsis_args":false,"name":"from_file of ZipInfo","ret_type":{".class":"TypeVarType","default":{".class":"AnyType","missing_import_name":null,"source_any":null,"type_of_any":4},"fullname":"zipfile.ZipInfo.Self","id":0,"name":"Self","namespace":"","upper_bound":"zipfile.ZipInfo","values":[],"variance":0},"type_guard":null,"type_is":null,"unpack_kwargs":false,"variables":[{".class":"TypeVarType","default":{".class":"AnyType","missing_import_name":null,"source_any":null,"type_of_any":4},"fullname":"zipfile.ZipInfo.Self","id":0,"name":"Self","namespace":"","upper_bound":"zipfile.ZipInfo","values":[],"variance":0}]}},"is_overload":false,"var":{".class":"Var","flags":["is_initialized_in_class","is_classmethod","is_ready","is_inferred"],"fullname":"zipfile.ZipInfo.from_file","name":"from_file","type":{".class":"CallableType","arg_kinds":[0,0,1,5],"arg_names":["cls","filename","arcname","strict_timestamps"],"arg_types":[{".class":"TypeType","item":{".class":"TypeVarType","default":{".class":"AnyType","missing_import_name":null,"source_any":null,"type_of_any":4},"fullname":"zipfile.ZipInfo.Self","id":0,"name":"Self","namespace":"","upper_bound":"zipfile.ZipInfo","values":[],"variance":0}},{".class":"TypeAliasType","args":[],"type_ref":"_typeshed.StrPath"},{".class":"UnionType","items":[{".class":"TypeAliasType","args":[],"type_ref":"_typeshed.StrPath"},{".class":"NoneType"}],"uses_pep604_syntax":true},"builtins.bool"],"bound_args":[],"def_extras":{"first_arg":"cls"},"fallback":"builtins.function","from_concatenate":false,"implicit":false,"imprecise_arg_kinds":false,"is_ellipsis_args":false,"name":"from_file of ZipInfo","ret_type":{".class":"TypeVarType","default":{".class":"AnyType","missing_import_name":null,"source_any":null,"type_of_any":4},"fullname":"zipfile.ZipInfo.Self","id":0,"name":"Self","namespace":"","upper_bound":"zipfile.ZipInfo","values":[],"variance":0},"type_guard":null,"type_is":null,"unpack_kwargs":false,"variables":[{".class":"TypeVarType","default":{".class":"AnyType","missing_import_name":null,"source_any":null,"type_of_any":4},"fullname":"zipfile.ZipInfo.Self","id":0,"name":"Self","namespace":"","upper_bound":"zipfile.ZipInfo","values":[],"variance":0}]}}}},"header_offset":{".class":"SymbolTableNode","kind":"Mdef","node":{".class":"Var","flags":["is_initialized_in_class","is_ready"],"fullname":"zipfile.ZipInfo.header_offset","name":"header_offset","type":"builtins.int"}},"internal_attr":{".class":"SymbolTableNode","kind":"Mdef","node":{".class":"Var","flags":["is_initialized_in_class","is_ready"],"fullname":"zipfile.ZipInfo.internal_attr","name":"internal_attr","type":"builtins.int"}},"is_dir":{".class":"SymbolTableNode","kind":"Mdef","node":{".class":"FuncDef","abstract_status":0,"arg_kinds":[0],"arg_names":["self"],"dataclass_transform_spec":null,"deprecated":null,"flags":[],"fullname":"zipfile.ZipInfo.is_dir","name":"is_dir","type":{".class":"CallableType","arg_kinds":[0],"arg_names":["self"],"arg_types":["zipfile.ZipInfo"],"bound_args":[],"def_extras":{"first_arg":"self"},"fallback":"builtins.function","from_concatenate":false,"implicit":false,"imprecise_arg_kinds":false,"is_ellipsis_args":false,"name":"is_dir of ZipInfo","ret_type":"builtins.bool","type_guard":null,"type_is":null,"unpack_kwargs":false,"variables":[]}}},"orig_filename":{".class":"SymbolTableNode","kind":"Mdef","node":{".class":"Var","flags":["is_initialized_in_class","is_ready"],"fullname":"zipfile.ZipInfo.orig_filename","name":"orig_filename","type":"builtins.str"}},"reserved":{".class":"SymbolTableNode","kind":"Mdef","node":{".class":"Var","flags":["is_initialized_in_class","is_ready"],"fullname":"zipfile.ZipInfo.reserved","name":"reserved","type":"builtins.int"}},"volume":{".class":"SymbolTableNode","kind":"Mdef","node":{".class":"Var","flags":["is_initialized_in_class","is_ready"],"fullname":"zipfile.ZipInfo.volume","name":"volume","type":"builtins.int"}}},"self_type":{".class":"TypeVarType","default":{".class":"AnyType","missing_import_name":null,"source_any":null,"type_of_any":4},"fullname":"zipfile.ZipInfo.Self","id":0,"name":"Self","namespace":"","upper_bound":"zipfile.ZipInfo","values":[],"variance":0},"slots":null,"tuple_type":null,"type_vars":[],"typeddict_type":null}},"_ClosableZipStream":{".class":"SymbolTableNode","kind":"Gdef","module_public":false,"node":{".class":"TypeInfo","_promote":[],"abstract_attributes":[],"alt_promote":null,"bases":["zipfile._ZipStream"],"dataclass_transform_spec":null,"declared_metaclass":null,"defn":{".class":"ClassDef","fullname":"zipfile._ClosableZipStream","name":"_ClosableZipStream","type_vars":[]},"deletable_attributes":[],"deprecated":null,"flags":["is_protocol"],"fullname":"zipfile._ClosableZipStream","has_param_spec_type":false,"metaclass_type":"abc.ABCMeta","metadata":{},"module_name":"zipfile","mro":["zipfile._ClosableZipStream","zipfile._ZipStream","builtins.object"],"names":{".class":"SymbolTable","close":{".class":"SymbolTableNode","kind":"Mdef","node":{".class":"FuncDef","abstract_status":0,"arg_kinds":[0],"arg_names":["self"],"dataclass_transform_spec":null,"deprecated":null,"flags":[],"fullname":"zipfile._ClosableZipStream.close","name":"close","type":{".class":"CallableType","arg_kinds":[0],"arg_names":["self"],"arg_types":["zipfile._ClosableZipStream"],"bound_args":[],"def_extras":{"first_arg":"self"},"fallback":"builtins.function","from_concatenate":false,"implicit":false,"imprecise_arg_kinds":false,"is_ellipsis_args":false,"name":"close of _ClosableZipStream","ret_type":"builtins.object","type_guard":null,"type_is":null,"unpack_kwargs":false,"variables":[]}}}},"self_type":null,"slots":null,"tuple_type":null,"type_vars":[],"typeddict_type":null}},"_DateTuple":{".class":"SymbolTableNode","kind":"Gdef","module_public":false,"node":{".class":"TypeAlias","alias_tvars":[],"column":0,"fullname":"zipfile._DateTuple","line":29,"no_args":false,"normalized":false,"python_3_12_type_alias":false,"target":{".class":"TupleType","implicit":false,"items":["builtins.int","builtins.int","builtins.int","builtins.int","builtins.int","builtins.int"],"partial_fallback":{".class":"Instance","args":[{".class":"AnyType","missing_import_name":null,"source_any":null,"type_of_any":6}],"extra_attrs":null,"type_ref":"builtins.tuple"}}}},"_ReadWriteBinaryMode":{".class":"SymbolTableNode","kind":"Gdef","module_public":false,"node":{".class":"Var","flags":["is_ready","has_explicit_value"],"fullname":"zipfile._ReadWriteBinaryMode","name":"_ReadWriteBinaryMode","type":{".class":"AnyType","missing_import_name":null,"source_any":null,"type_of_any":6}}},"_ReadWriteMode":{".class":"SymbolTableNode","kind":"Gdef","module_public":false,"node":{".class":"Var","flags":["is_ready","has_explicit_value"],"fullname":"zipfile._ReadWriteMode","name":"_ReadWriteMode","type":{".class":"AnyType","missing_import_name":null,"source_any":null,"type_of_any":6}}},"_SupportsReadSeekTell":{".class":"SymbolTableNode","kind":"Gdef","module_public":false,"node":{".class":"TypeInfo","_promote":[],"abstract_attributes":[],"alt_promote":null,"bases":["builtins.object"],"dataclass_transform_spec":null,"declared_metaclass":null,"defn":{".class":"ClassDef","fullname":"zipfile._SupportsReadSeekTell","name":"_SupportsReadSeekTell","type_vars":[]},"deletable_attributes":[],"deprecated":null,"flags":["is_protocol"],"fullname":"zipfile._SupportsReadSeekTell","has_param_spec_type":false,"metaclass_type":"abc.ABCMeta","metadata":{},"module_name":"zipfile","mro":["zipfile._SupportsReadSeekTell","builtins.object"],"names":{".class":"SymbolTable","read":{".class":"SymbolTableNode","kind":"Mdef","node":{".class":"FuncDef","abstract_status":0,"arg_kinds":[0,1],"arg_names":[null,null],"dataclass_transform_spec":null,"deprecated":null,"flags":[],"fullname":"zipfile._SupportsReadSeekTell.read","name":"read","type":{".class":"CallableType","arg_kinds":[0,1],"arg_names":[null,null],"arg_types":["zipfile._SupportsReadSeekTell","builtins.int"],"bound_args":[],"def_extras":{"first_arg":"self"},"fallback":"builtins.function","from_concatenate":false,"implicit":false,"imprecise_arg_kinds":false,"is_ellipsis_args":false,"name":"read of _SupportsReadSeekTell","ret_type":"builtins.bytes","type_guard":null,"type_is":null,"unpack_kwargs":false,"variables":[]}}},"seek":{".class":"SymbolTableNode","kind":"Mdef","node":{".class":"FuncDef","abstract_status":0,"arg_kinds":[0,0,0],"arg_names":[null,null,null],"dataclass_transform_spec":null,"deprecated":null,"flags":[],"fullname":"zipfile._SupportsReadSeekTell.seek","name":"seek","type":{".class":"CallableType","arg_kinds":[0,0,0],"arg_names":[null,null,null],"arg_types":["zipfile._SupportsReadSeekTell","builtins.int","builtins.int"],"bound_args":[],"def_extras":{"first_arg":"self"},"fallback":"builtins.function","from_concatenate":false,"implicit":false,"imprecise_arg_kinds":false,"is_ellipsis_args":false,"name":"seek of _SupportsReadSeekTell","ret_type":"builtins.object","type_guard":null,"type_is":null,"unpack_kwargs":false,"variables":[]}}},"tell":{".class":"SymbolTableNode","kind":"Mdef","node":{".class":"FuncDef","abstract_status":0,"arg_kinds":[0],"arg_names":["self"],"dataclass_transform_spec":null,"deprecated":null,"flags":[],"fullname":"zipfile._SupportsReadSeekTell.tell","name":"tell","type":{".class":"CallableType","arg_kinds":[0],"arg_names":["self"],"arg_types":["zipfile._SupportsReadSeekTell"],"bound_args":[],"def_extras":{"first_arg":"self"},"fallback":"builtins.function","from_concatenate":false,"implicit":false,"imprecise_arg_kinds":false,"is_ellipsis_args":false,"name":"tell of _SupportsReadSeekTell","ret_type":"builtins.int","type_guard":null,"type_is":null,"unpack_kwargs":false,"variables":[]}}}},"self_type":null,"slots":null,"tuple_type":null,"type_vars":[],"typeddict_type":null}},"_Writer":{".class":"SymbolTableNode","kind":"Gdef","module_public":false,"node":{".class":"TypeInfo","_promote":[],"abstract_attributes":[],"alt_promote":null,"bases":["builtins.object"],"dataclass_transform_spec":null,"declared_metaclass":null,"defn":{".class":"ClassDef","fullname":"zipfile._Writer","name":"_Writer","type_vars":[]},"deletable_attributes":[],"deprecated":null,"flags":["is_protocol"],"fullname":"zipfile._Writer","has_param_spec_type":false,"metaclass_type":"abc.ABCMeta","metadata":{},"module_name":"zipfile","mro":["zipfile._Writer","builtins.object"],"names":{".class":"SymbolTable","write":{".class":"SymbolTableNode","kind":"Mdef","node":{".class":"FuncDef","abstract_status":0,"arg_kinds":[0,0],"arg_names":[null,null],"dataclass_transform_spec":null,"deprecated":null,"flags":[],"fullname":"zipfile._Writer.write","name":"write","type":{".class":"CallableType","arg_kinds":[0,0],"arg_names":[null,null],"arg_types":["zipfile._Writer","builtins.str"],"bound_args":[],"def_extras":{"first_arg":"self"},"fallback":"builtins.function","from_concatenate":false,"implicit":false,"imprecise_arg_kinds":false,"is_ellipsis_args":false,"name":"write of _Writer","ret_type":"builtins.object","type_guard":null,"type_is":null,"unpack_kwargs":false,"variables":[]}}}},"self_type":null,"slots":null,"tuple_type":null,"type_vars":[],"typeddict_type":null}},"_ZipFileMode":{".class":"SymbolTableNode","kind":"Gdef","module_public":false,"node":{".class":"TypeAlias","alias_tvars":[],"column":0,"fullname":"zipfile._ZipFileMode","line":30,"no_args":false,"normalized":false,"python_3_12_type_alias":false,"target":{".class":"UnionType","items":[{".class":"LiteralType","fallback":"builtins.str","value":"r"},{".class":"LiteralType","fallback":"builtins.str","value":"w"},{".class":"LiteralType","fallback":"builtins.str","value":"x"},{".class":"LiteralType","fallback":"builtins.str","value":"a"}],"uses_pep604_syntax":false}}},"_ZipReadable":{".class":"SymbolTableNode","kind":"Gdef","module_public":false,"node":{".class":"TypeInfo","_promote":[],"abstract_attributes":[],"alt_promote":null,"bases":["builtins.object"],"dataclass_transform_spec":null,"declared_metaclass":null,"defn":{".class":"ClassDef","fullname":"zipfile._ZipReadable","name":"_ZipReadable","type_vars":[]},"deletable_attributes":[],"deprecated":null,"flags":["is_protocol"],"fullname":"zipfile._ZipReadable","has_param_spec_type":false,"metaclass_type":"abc.ABCMeta","metadata":{},"module_name":"zipfile","mro":["zipfile._ZipReadable","builtins.object"],"names":{".class":"SymbolTable","read":{".class":"SymbolTableNode","kind":"Mdef","node":{".class":"FuncDef","abstract_status":0,"arg_kinds":[0,1],"arg_names":[null,null],"dataclass_transform_spec":null,"deprecated":null,"flags":[],"fullname":"zipfile._ZipReadable.read","name":"read","type":{".class":"CallableType","arg_kinds":[0,1],"arg_names":[null,null],"arg_types":["zipfile._ZipReadable","builtins.int"],"bound_args":[],"def_extras":{"first_arg":"self"},"fallback":"builtins.function","from_concatenate":false,"implicit":false,"imprecise_arg_kinds":false,"is_ellipsis_args":false,"name":"read of _ZipReadable","ret_type":"builtins.bytes","type_guard":null,"type_is":null,"unpack_kwargs":false,"variables":[]}}},"seek":{".class":"SymbolTableNode","kind":"Mdef","node":{".class":"FuncDef","abstract_status":0,"arg_kinds":[0,0,1],"arg_names":[null,null,null],"dataclass_transform_spec":null,"deprecated":null,"flags":[],"fullname":"zipfile._ZipReadable.seek","name":"seek","type":{".class":"CallableType","arg_kinds":[0,0,1],"arg_names":[null,null,null],"arg_types":["zipfile._ZipReadable","builtins.int","builtins.int"],"bound_args":[],"def_extras":{"first_arg":"self"},"fallback":"builtins.function","from_concatenate":false,"implicit":false,"imprecise_arg_kinds":false,"is_ellipsis_args":false,"name":"seek of _ZipReadable","ret_type":"builtins.int","type_guard":null,"type_is":null,"unpack_kwargs":false,"variables":[]}}}},"self_type":null,"slots":null,"tuple_type":null,"type_vars":[],"typeddict_type":null}},"_ZipReadableTellable":{".class":"SymbolTableNode","kind":"Gdef","module_public":false,"node":{".class":"TypeInfo","_promote":[],"abstract_attributes":[],"alt_promote":null,"bases":["zipfile._ZipReadable","zipfile._ZipTellable"],"dataclass_transform_spec":null,"declared_metaclass":null,"defn":{".class":"ClassDef","fullname":"zipfile._ZipReadableTellable","name":"_ZipReadableTellable","type_vars":[]},"deletable_attributes":[],"deprecated":null,"flags":["is_protocol"],"fullname":"zipfile._ZipReadableTellable","has_param_spec_type":false,"metaclass_type":"abc.ABCMeta","metadata":{},"module_name":"zipfile","mro":["zipfile._ZipReadableTellable","zipfile._ZipReadable","zipfile._ZipTellable","builtins.object"],"names":{".class":"SymbolTable"},"self_type":null,"slots":null,"tuple_type":null,"type_vars":[],"typeddict_type":null}},"_ZipStream":{".class":"SymbolTableNode","kind":"Gdef","module_public":false,"node":{".class":"TypeInfo","_promote":[],"abstract_attributes":[],"alt_promote":null,"bases":["builtins.object"],"dataclass_transform_spec":null,"declared_metaclass":null,"defn":{".class":"ClassDef","fullname":"zipfile._ZipStream","name":"_ZipStream","type_vars":[]},"deletable_attributes":[],"deprecated":null,"flags":["is_protocol"],"fullname":"zipfile._ZipStream","has_param_spec_type":false,"metaclass_type":"abc.ABCMeta","metadata":{},"module_name":"zipfile","mro":["zipfile._ZipStream","builtins.object"],"names":{".class":"SymbolTable","read":{".class":"SymbolTableNode","kind":"Mdef","node":{".class":"FuncDef","abstract_status":0,"arg_kinds":[0,0],"arg_names":[null,null],"dataclass_transform_spec":null,"deprecated":null,"flags":[],"fullname":"zipfile._ZipStream.read","name":"read","type":{".class":"CallableType","arg_kinds":[0,0],"arg_names":[null,null],"arg_types":["zipfile._ZipStream","builtins.int"],"bound_args":[],"def_extras":{"first_arg":"self"},"fallback":"builtins.function","from_concatenate":false,"implicit":false,"imprecise_arg_kinds":false,"is_ellipsis_args":false,"name":"read of _ZipStream","ret_type":"builtins.bytes","type_guard":null,"type_is":null,"unpack_kwargs":false,"variables":[]}}}},"self_type":null,"slots":null,"tuple_type":null,"type_vars":[],"typeddict_type":null}},"_ZipTellable":{".class":"SymbolTableNode","kind":"Gdef","module_public":false,"node":{".class":"TypeInfo","_promote":[],"abstract_attributes":[],"alt_promote":null,"bases":["builtins.object"],"dataclass_transform_spec":null,"declared_metaclass":null,"defn":{".class":"ClassDef","fullname":"zipfile._ZipTellable","name":"_ZipTellable","type_vars":[]},"deletable_attributes":[],"deprecated":null,"flags":["is_protocol"],"fullname":"zipfile._ZipTellable","has_param_spec_type":false,"metaclass_type":"abc.ABCMeta","metadata":{},"module_name":"zipfile","mro":["zipfile._ZipTellable","builtins.object"],"names":{".class":"SymbolTable","tell":{".class":"SymbolTableNode","kind":"Mdef","node":{".class":"FuncDef","abstract_status":0,"arg_kinds":[0],"arg_names":["self"],"dataclass_transform_spec":null,"deprecated":null,"flags":[],"fullname":"zipfile._ZipTellable.tell","name":"tell","type":{".class":"CallableType","arg_kinds":[0],"arg_names":["self"],"arg_types":["zipfile._ZipTellable"],"bound_args":[],"def_extras":{"first_arg":"self"},"fallback":"builtins.function","from_concatenate":false,"implicit":false,"imprecise_arg_kinds":false,"is_ellipsis_args":false,"name":"tell of _ZipTellable","ret_type":"builtins.int","type_guard":null,"type_is":null,"unpack_kwargs":false,"variables":[]}}}},"self_type":null,"slots":null,"tuple_type":null,"type_vars":[],"typeddict_type":null}},"_ZipWritable":{".class":"SymbolTableNode","kind":"Gdef","module_public":false,"node":{".class":"TypeInfo","_promote":[],"abstract_attributes":[],"alt_promote":null,"bases":["builtins.object"],"dataclass_transform_spec":null,"declared_metaclass":null,"defn":{".class":"ClassDef","fullname":"zipfile._ZipWritable","name":"_ZipWritable","type_vars":[]},"deletable_attributes":[],"deprecated":null,"flags":["is_protocol"],"fullname":"zipfile._ZipWritable","has_param_spec_type":false,"metaclass_type":"abc.ABCMeta","metadata":{},"module_name":"zipfile","mro":["zipfile._ZipWritable","builtins.object"],"names":{".class":"SymbolTable","close":{".class":"SymbolTableNode","kind":"Mdef","node":{".class":"FuncDef","abstract_status":0,"arg_kinds":[0],"arg_names":["self"],"dataclass_transform_spec":null,"deprecated":null,"flags":[],"fullname":"zipfile._ZipWritable.close","name":"close","type":{".class":"CallableType","arg_kinds":[0],"arg_names":["self"],"arg_types":["zipfile._ZipWritable"],"bound_args":[],"def_extras":{"first_arg":"self"},"fallback":"builtins.function","from_concatenate":false,"implicit":false,"imprecise_arg_kinds":false,"is_ellipsis_args":false,"name":"close of _ZipWritable","ret_type":{".class":"NoneType"},"type_guard":null,"type_is":null,"unpack_kwargs":false,"variables":[]}}},"flush":{".class":"SymbolTableNode","kind":"Mdef","node":{".class":"FuncDef","abstract_status":0,"arg_kinds":[0],"arg_names":["self"],"dataclass_transform_spec":null,"deprecated":null,"flags":[],"fullname":"zipfile._ZipWritable.flush","name":"flush","type":{".class":"CallableType","arg_kinds":[0],"arg_names":["self"],"arg_types":["zipfile._ZipWritable"],"bound_args":[],"def_extras":{"first_arg":"self"},"fallback":"builtins.function","from_concatenate":false,"implicit":false,"imprecise_arg_kinds":false,"is_ellipsis_args":false,"name":"flush of _ZipWritable","ret_type":{".class":"NoneType"},"type_guard":null,"type_is":null,"unpack_kwargs":false,"variables":[]}}},"write":{".class":"SymbolTableNode","kind":"Mdef","node":{".class":"FuncDef","abstract_status":0,"arg_kinds":[0,0],"arg_names":[null,null],"dataclass_transform_spec":null,"deprecated":null,"flags":[],"fullname":"zipfile._ZipWritable.write","name":"write","type":{".class":"CallableType","arg_kinds":[0,0],"arg_names":[null,null],"arg_types":["zipfile._ZipWritable","builtins.bytes"],"bound_args":[],"def_extras":{"first_arg":"self"},"fallback":"builtins.function","from_concatenate":false,"implicit":false,"imprecise_arg_kinds":false,"is_ellipsis_args":false,"name":"write of _ZipWritable","ret_type":"builtins.int","type_guard":null,"type_is":null,"unpack_kwargs":false,"variables":[]}}}},"self_type":null,"slots":null,"tuple_type":null,"type_vars":[],"typeddict_type":null}},"__all__":{".class":"SymbolTableNode","kind":"Gdef","module_public":false,"node":{".class":"Var","flags":["is_inferred","has_explicit_value"],"fullname":"zipfile.__all__","name":"__all__","type":{".class":"Instance","args":["builtins.str"],"extra_attrs":null,"type_ref":"builtins.list"}}},"__annotations__":{".class":"SymbolTableNode","kind":"Gdef","module_public":false,"node":{".class":"Var","flags":["is_ready"],"fullname":"zipfile.__annotations__","name":"__annotations__","type":{".class":"Instance","args":["builtins.str",{".class":"AnyType","missing_import_name":null,"source_any":null,"type_of_any":6}],"extra_attrs":null,"type_ref":"builtins.dict"}}},"__doc__":{".class":"SymbolTableNode","kind":"Gdef","module_public":false,"node":{".class":"Var","flags":["is_ready"],"fullname":"zipfile.__doc__","name":"__doc__","type":"builtins.str"}},"__file__":{".class":"SymbolTableNode","kind":"Gdef","module_public":false,"node":{".class":"Var","flags":["is_ready"],"fullname":"zipfile.__file__","name":"__file__","type":"builtins.str"}},"__name__":{".class":"SymbolTableNode","kind":"Gdef","module_public":false,"node":{".class":"Var","flags":["is_ready"],"fullname":"zipfile.__name__","name":"__name__","type":"builtins.str"}},"__package__":{".class":"SymbolTableNode","kind":"Gdef","module_public":false,"node":{".class":"Var","flags":["is_ready"],"fullname":"zipfile.__package__","name":"__package__","type":"builtins.str"}},"__path__":{".class":"SymbolTableNode","kind":"Gdef","module_public":false,"node":{".class":"Var","flags":["is_ready"],"fullname":"zipfile.__path__","name":"__path__","type":{".class":"Instance","args":["builtins.str"],"extra_attrs":null,"type_ref":"builtins.list"}}},"__spec__":{".class":"SymbolTableNode","kind":"Gdef","module_public":false,"node":{".class":"Var","flags":["is_ready"],"fullname":"zipfile.__spec__","name":"__spec__","type":"_frozen_importlib.ModuleSpec"}},"error":{".class":"SymbolTableNode","kind":"Gdef","node":{".class":"TypeAlias","alias_tvars":[],"column":0,"fullname":"zipfile.error","line":38,"no_args":true,"normalized":false,"python_3_12_type_alias":false,"target":"zipfile.BadZipFile"}},"io":{".class":"SymbolTableNode","cross_ref":"io","kind":"Gdef","module_hidden":true,"module_public":false},"is_zipfile":{".class":"SymbolTableNode","kind":"Gdef","node":{".class":"FuncDef","abstract_status":0,"arg_kinds":[0],"arg_names":["filename"],"dataclass_transform_spec":null,"deprecated":null,"flags":[],"fullname":"zipfile.is_zipfile","name":"is_zipfile","type":{".class":"CallableType","arg_kinds":[0],"arg_names":["filename"],"arg_types":[{".class":"UnionType","items":[{".class":"TypeAliasType","args":[],"type_ref":"_typeshed.StrOrBytesPath"},"zipfile._SupportsReadSeekTell"],"uses_pep604_syntax":true}],"bound_args":[],"def_extras":{"first_arg":null},"fallback":"builtins.function","from_concatenate":false,"implicit":false,"imprecise_arg_kinds":false,"is_ellipsis_args":false,"name":"is_zipfile","ret_type":"builtins.bool","type_guard":null,"type_is":null,"unpack_kwargs":false,"variables":[]}}},"overload":{".class":"SymbolTableNode","cross_ref":"typing.overload","kind":"Gdef","module_hidden":true,"module_public":false},"sys":{".class":"SymbolTableNode","cross_ref":"sys","kind":"Gdef","module_hidden":true,"module_public":false}},"path":"c:\\Users\\xinan\\.vscode\\extensions\\ms-python.mypy-type-checker-2025.2.0\\bundled\\libs\\mypy\\typeshed\\stdlib\\zipfile\\__init__.pyi"}