{".class":"MypyFile","_fullname":"importlib.abc","future_import_flags":[],"is_partial_stub_package":false,"is_stub":true,"names":{".class":"SymbolTable","ABCMeta":{".class":"SymbolTableNode","cross_ref":"abc.ABCMeta","kind":"Gdef","module_hidden":true,"module_public":false},"Any":{".class":"SymbolTableNode","cross_ref":"typing.Any","kind":"Gdef","module_hidden":true,"module_public":false},"BufferedReader":{".class":"SymbolTableNode","cross_ref":"_io.BufferedReader","kind":"Gdef","module_hidden":true,"module_public":false},"ExecutionLoader":{".class":"SymbolTableNode","kind":"Gdef","node":{".class":"TypeInfo","_promote":[],"abstract_attributes":[["get_filename",1],["get_source",1]],"alt_promote":null,"bases":["importlib.abc.InspectLoader"],"dataclass_transform_spec":null,"declared_metaclass":null,"defn":{".class":"ClassDef","fullname":"importlib.abc.ExecutionLoader","name":"ExecutionLoader","type_vars":[]},"deletable_attributes":[],"deprecated":null,"flags":["is_abstract"],"fullname":"importlib.abc.ExecutionLoader","has_param_spec_type":false,"metaclass_type":"abc.ABCMeta","metadata":{},"module_name":"importlib.abc","mro":["importlib.abc.ExecutionLoader","importlib.abc.InspectLoader","importlib._abc.Loader","builtins.object"],"names":{".class":"SymbolTable","get_filename":{".class":"SymbolTableNode","kind":"Mdef","node":{".class":"Decorator","func":{".class":"FuncDef","abstract_status":1,"arg_kinds":[0,0],"arg_names":["self","fullname"],"dataclass_transform_spec":null,"deprecated":null,"flags":["is_decorated"],"fullname":"importlib.abc.ExecutionLoader.get_filename","name":"get_filename","type":{".class":"CallableType","arg_kinds":[0,0],"arg_names":["self","fullname"],"arg_types":["importlib.abc.ExecutionLoader","builtins.str"],"bound_args":[],"def_extras":{"first_arg":"self"},"fallback":"builtins.function","from_concatenate":false,"implicit":false,"imprecise_arg_kinds":false,"is_ellipsis_args":false,"name":"get_filename of ExecutionLoader","ret_type":"builtins.str","type_guard":null,"type_is":null,"unpack_kwargs":false,"variables":[]}},"is_overload":false,"var":{".class":"Var","flags":["is_initialized_in_class","is_ready","is_inferred"],"fullname":"importlib.abc.ExecutionLoader.get_filename","name":"get_filename","type":{".class":"CallableType","arg_kinds":[0,0],"arg_names":["self","fullname"],"arg_types":["importlib.abc.ExecutionLoader","builtins.str"],"bound_args":[],"def_extras":{"first_arg":"self"},"fallback":"builtins.function","from_concatenate":false,"implicit":false,"imprecise_arg_kinds":false,"is_ellipsis_args":false,"name":"get_filename of ExecutionLoader","ret_type":"builtins.str","type_guard":null,"type_is":null,"unpack_kwargs":false,"variables":[]}}}}},"self_type":null,"slots":null,"tuple_type":null,"type_vars":[],"typeddict_type":null}},"FileLoader":{".class":"SymbolTableNode","kind":"Gdef","node":{".class":"TypeInfo","_promote":[],"abstract_attributes":[["get_source",1]],"alt_promote":null,"bases":["_frozen_importlib_external.FileLoader","importlib.abc.ResourceLoader","importlib.abc.ExecutionLoader"],"dataclass_transform_spec":null,"declared_metaclass":"abc.ABCMeta","defn":{".class":"ClassDef","fullname":"importlib.abc.FileLoader","name":"FileLoader","type_vars":[]},"deletable_attributes":[],"deprecated":null,"flags":["is_abstract"],"fullname":"importlib.abc.FileLoader","has_param_spec_type":false,"metaclass_type":"abc.ABCMeta","metadata":{},"module_name":"importlib.abc","mro":["importlib.abc.FileLoader","_frozen_importlib_external.FileLoader","importlib.abc.ResourceLoader","importlib.abc.ExecutionLoader","importlib.abc.InspectLoader","importlib._abc.Loader","builtins.object"],"names":{".class":"SymbolTable","__init__":{".class":"SymbolTableNode","kind":"Mdef","node":{".class":"FuncDef","abstract_status":0,"arg_kinds":[0,0,0],"arg_names":["self","fullname","path"],"dataclass_transform_spec":null,"deprecated":null,"flags":[],"fullname":"importlib.abc.FileLoader.__init__","name":"__init__","type":{".class":"CallableType","arg_kinds":[0,0,0],"arg_names":["self","fullname","path"],"arg_types":["importlib.abc.FileLoader","builtins.str","builtins.str"],"bound_args":[],"def_extras":{"first_arg":"self"},"fallback":"builtins.function","from_concatenate":false,"implicit":false,"imprecise_arg_kinds":false,"is_ellipsis_args":false,"name":"__init__ of FileLoader","ret_type":{".class":"NoneType"},"type_guard":null,"type_is":null,"unpack_kwargs":false,"variables":[]}}},"get_data":{".class":"SymbolTableNode","kind":"Mdef","node":{".class":"FuncDef","abstract_status":0,"arg_kinds":[0,0],"arg_names":["self","path"],"dataclass_transform_spec":null,"deprecated":null,"flags":[],"fullname":"importlib.abc.FileLoader.get_data","name":"get_data","type":{".class":"CallableType","arg_kinds":[0,0],"arg_names":["self","path"],"arg_types":["importlib.abc.FileLoader","builtins.str"],"bound_args":[],"def_extras":{"first_arg":"self"},"fallback":"builtins.function","from_concatenate":false,"implicit":false,"imprecise_arg_kinds":false,"is_ellipsis_args":false,"name":"get_data of FileLoader","ret_type":"builtins.bytes","type_guard":null,"type_is":null,"unpack_kwargs":false,"variables":[]}}},"get_filename":{".class":"SymbolTableNode","kind":"Mdef","node":{".class":"FuncDef","abstract_status":0,"arg_kinds":[0,1],"arg_names":["self","name"],"dataclass_transform_spec":null,"deprecated":null,"flags":[],"fullname":"importlib.abc.FileLoader.get_filename","name":"get_filename","type":{".class":"CallableType","arg_kinds":[0,1],"arg_names":["self","name"],"arg_types":["importlib.abc.FileLoader",{".class":"UnionType","items":["builtins.str",{".class":"NoneType"}],"uses_pep604_syntax":true}],"bound_args":[],"def_extras":{"first_arg":"self"},"fallback":"builtins.function","from_concatenate":false,"implicit":false,"imprecise_arg_kinds":false,"is_ellipsis_args":false,"name":"get_filename of FileLoader","ret_type":"builtins.str","type_guard":null,"type_is":null,"unpack_kwargs":false,"variables":[]}}},"load_module":{".class":"SymbolTableNode","kind":"Mdef","node":{".class":"FuncDef","abstract_status":0,"arg_kinds":[0,1],"arg_names":["self","name"],"dataclass_transform_spec":null,"deprecated":null,"flags":[],"fullname":"importlib.abc.FileLoader.load_module","name":"load_module","type":{".class":"CallableType","arg_kinds":[0,1],"arg_names":["self","name"],"arg_types":["importlib.abc.FileLoader",{".class":"UnionType","items":["builtins.str",{".class":"NoneType"}],"uses_pep604_syntax":true}],"bound_args":[],"def_extras":{"first_arg":"self"},"fallback":"builtins.function","from_concatenate":false,"implicit":false,"imprecise_arg_kinds":false,"is_ellipsis_args":false,"name":"load_module of FileLoader","ret_type":"types.ModuleType","type_guard":null,"type_is":null,"unpack_kwargs":false,"variables":[]}}},"name":{".class":"SymbolTableNode","kind":"Mdef","node":{".class":"Var","flags":["is_initialized_in_class","is_ready"],"fullname":"importlib.abc.FileLoader.name","name":"name","type":"builtins.str"}},"path":{".class":"SymbolTableNode","kind":"Mdef","node":{".class":"Var","flags":["is_initialized_in_class","is_ready"],"fullname":"importlib.abc.FileLoader.path","name":"path","type":"builtins.str"}}},"self_type":null,"slots":null,"tuple_type":null,"type_vars":[],"typeddict_type":null}},"IO":{".class":"SymbolTableNode","cross_ref":"typing.IO","kind":"Gdef","module_hidden":true,"module_public":false},"InspectLoader":{".class":"SymbolTableNode","kind":"Gdef","node":{".class":"TypeInfo","_promote":[],"abstract_attributes":[["get_source",1]],"alt_promote":null,"bases":["importlib._abc.Loader"],"dataclass_transform_spec":null,"declared_metaclass":null,"defn":{".class":"ClassDef","fullname":"importlib.abc.InspectLoader","name":"InspectLoader","type_vars":[]},"deletable_attributes":[],"deprecated":null,"flags":["is_abstract"],"fullname":"importlib.abc.InspectLoader","has_param_spec_type":false,"metaclass_type":"abc.ABCMeta","metadata":{},"module_name":"importlib.abc","mro":["importlib.abc.InspectLoader","importlib._abc.Loader","builtins.object"],"names":{".class":"SymbolTable","exec_module":{".class":"SymbolTableNode","kind":"Mdef","node":{".class":"FuncDef","abstract_status":0,"arg_kinds":[0,0],"arg_names":["self","module"],"dataclass_transform_spec":null,"deprecated":null,"flags":[],"fullname":"importlib.abc.InspectLoader.exec_module","name":"exec_module","type":{".class":"CallableType","arg_kinds":[0,0],"arg_names":["self","module"],"arg_types":["importlib.abc.InspectLoader","types.ModuleType"],"bound_args":[],"def_extras":{"first_arg":"self"},"fallback":"builtins.function","from_concatenate":false,"implicit":false,"imprecise_arg_kinds":false,"is_ellipsis_args":false,"name":"exec_module of InspectLoader","ret_type":{".class":"NoneType"},"type_guard":null,"type_is":null,"unpack_kwargs":false,"variables":[]}}},"get_code":{".class":"SymbolTableNode","kind":"Mdef","node":{".class":"FuncDef","abstract_status":0,"arg_kinds":[0,0],"arg_names":["self","fullname"],"dataclass_transform_spec":null,"deprecated":null,"flags":[],"fullname":"importlib.abc.InspectLoader.get_code","name":"get_code","type":{".class":"CallableType","arg_kinds":[0,0],"arg_names":["self","fullname"],"arg_types":["importlib.abc.InspectLoader","builtins.str"],"bound_args":[],"def_extras":{"first_arg":"self"},"fallback":"builtins.function","from_concatenate":false,"implicit":false,"imprecise_arg_kinds":false,"is_ellipsis_args":false,"name":"get_code of InspectLoader","ret_type":{".class":"UnionType","items":["types.CodeType",{".class":"NoneType"}],"uses_pep604_syntax":true},"type_guard":null,"type_is":null,"unpack_kwargs":false,"variables":[]}}},"get_source":{".class":"SymbolTableNode","kind":"Mdef","node":{".class":"Decorator","func":{".class":"FuncDef","abstract_status":1,"arg_kinds":[0,0],"arg_names":["self","fullname"],"dataclass_transform_spec":null,"deprecated":null,"flags":["is_decorated"],"fullname":"importlib.abc.InspectLoader.get_source","name":"get_source","type":{".class":"CallableType","arg_kinds":[0,0],"arg_names":["self","fullname"],"arg_types":["importlib.abc.InspectLoader","builtins.str"],"bound_args":[],"def_extras":{"first_arg":"self"},"fallback":"builtins.function","from_concatenate":false,"implicit":false,"imprecise_arg_kinds":false,"is_ellipsis_args":false,"name":"get_source of InspectLoader","ret_type":{".class":"UnionType","items":["builtins.str",{".class":"NoneType"}],"uses_pep604_syntax":true},"type_guard":null,"type_is":null,"unpack_kwargs":false,"variables":[]}},"is_overload":false,"var":{".class":"Var","flags":["is_initialized_in_class","is_ready","is_inferred"],"fullname":"importlib.abc.InspectLoader.get_source","name":"get_source","type":{".class":"CallableType","arg_kinds":[0,0],"arg_names":["self","fullname"],"arg_types":["importlib.abc.InspectLoader","builtins.str"],"bound_args":[],"def_extras":{"first_arg":"self"},"fallback":"builtins.function","from_concatenate":false,"implicit":false,"imprecise_arg_kinds":false,"is_ellipsis_args":false,"name":"get_source of InspectLoader","ret_type":{".class":"UnionType","items":["builtins.str",{".class":"NoneType"}],"uses_pep604_syntax":true},"type_guard":null,"type_is":null,"unpack_kwargs":false,"variables":[]}}}},"is_package":{".class":"SymbolTableNode","kind":"Mdef","node":{".class":"FuncDef","abstract_status":0,"arg_kinds":[0,0],"arg_names":["self","fullname"],"dataclass_transform_spec":null,"deprecated":null,"flags":[],"fullname":"importlib.abc.InspectLoader.is_package","name":"is_package","type":{".class":"CallableType","arg_kinds":[0,0],"arg_names":["self","fullname"],"arg_types":["importlib.abc.InspectLoader","builtins.str"],"bound_args":[],"def_extras":{"first_arg":"self"},"fallback":"builtins.function","from_concatenate":false,"implicit":false,"imprecise_arg_kinds":false,"is_ellipsis_args":false,"name":"is_package of InspectLoader","ret_type":"builtins.bool","type_guard":null,"type_is":null,"unpack_kwargs":false,"variables":[]}}},"source_to_code":{".class":"SymbolTableNode","kind":"Mdef","node":{".class":"Decorator","func":{".class":"FuncDef","abstract_status":0,"arg_kinds":[0,1],"arg_names":["data","path"],"dataclass_transform_spec":null,"deprecated":null,"flags":["is_static","is_decorated"],"fullname":"importlib.abc.InspectLoader.source_to_code","name":"source_to_code","type":{".class":"CallableType","arg_kinds":[0,1],"arg_names":["data","path"],"arg_types":[{".class":"UnionType","items":["_collections_abc.Buffer","builtins.str","ast.Module","ast.Expression","ast.Interactive"],"uses_pep604_syntax":true},{".class":"UnionType","items":["_collections_abc.Buffer",{".class":"TypeAliasType","args":[],"type_ref":"_typeshed.StrPath"}],"uses_pep604_syntax":true}],"bound_args":[],"def_extras":{"first_arg":null},"fallback":"builtins.function","from_concatenate":false,"implicit":false,"imprecise_arg_kinds":false,"is_ellipsis_args":false,"name":"source_to_code of InspectLoader","ret_type":"types.CodeType","type_guard":null,"type_is":null,"unpack_kwargs":false,"variables":[]}},"is_overload":false,"var":{".class":"Var","flags":["is_initialized_in_class","is_staticmethod","is_ready","is_inferred"],"fullname":"importlib.abc.InspectLoader.source_to_code","name":"source_to_code","type":{".class":"CallableType","arg_kinds":[0,1],"arg_names":["data","path"],"arg_types":[{".class":"UnionType","items":["_collections_abc.Buffer","builtins.str","ast.Module","ast.Expression","ast.Interactive"],"uses_pep604_syntax":true},{".class":"UnionType","items":["_collections_abc.Buffer",{".class":"TypeAliasType","args":[],"type_ref":"_typeshed.StrPath"}],"uses_pep604_syntax":true}],"bound_args":[],"def_extras":{"first_arg":null},"fallback":"builtins.function","from_concatenate":false,"implicit":false,"imprecise_arg_kinds":false,"is_ellipsis_args":false,"name":"source_to_code of InspectLoader","ret_type":"types.CodeType","type_guard":null,"type_is":null,"unpack_kwargs":false,"variables":[]}}}}},"self_type":null,"slots":null,"tuple_type":null,"type_vars":[],"typeddict_type":null}},"Iterator":{".class":"SymbolTableNode","cross_ref":"typing.Iterator","kind":"Gdef","module_hidden":true,"module_public":false},"Literal":{".class":"SymbolTableNode","cross_ref":"typing.Literal","kind":"Gdef","module_hidden":true,"module_public":false},"Loader":{".class":"SymbolTableNode","cross_ref":"importlib._abc.Loader","kind":"Gdef"},"Mapping":{".class":"SymbolTableNode","cross_ref":"typing.Mapping","kind":"Gdef","module_hidden":true,"module_public":false},"MetaPathFinder":{".class":"SymbolTableNode","kind":"Gdef","node":{".class":"TypeInfo","_promote":[],"abstract_attributes":[],"alt_promote":null,"bases":["builtins.object"],"dataclass_transform_spec":null,"declared_metaclass":"abc.ABCMeta","defn":{".class":"ClassDef","fullname":"importlib.abc.MetaPathFinder","name":"MetaPathFinder","type_vars":[]},"deletable_attributes":[],"deprecated":null,"flags":[],"fullname":"importlib.abc.MetaPathFinder","has_param_spec_type":false,"metaclass_type":"abc.ABCMeta","metadata":{},"module_name":"importlib.abc","mro":["importlib.abc.MetaPathFinder","builtins.object"],"names":{".class":"SymbolTable","find_spec":{".class":"SymbolTableNode","kind":"Mdef","node":{".class":"FuncDef","abstract_status":0,"arg_kinds":[0,0,0,1],"arg_names":[null,null,null,null],"dataclass_transform_spec":null,"deprecated":null,"flags":[],"fullname":"importlib.abc.MetaPathFinder.find_spec","name":"find_spec","type":{".class":"CallableType","arg_kinds":[0,0,0,1],"arg_names":[null,null,null,null],"arg_types":["importlib.abc.MetaPathFinder","builtins.str",{".class":"UnionType","items":[{".class":"Instance","args":["builtins.str"],"extra_attrs":null,"type_ref":"typing.Sequence"},{".class":"NoneType"}],"uses_pep604_syntax":true},{".class":"UnionType","items":["types.ModuleType",{".class":"NoneType"}],"uses_pep604_syntax":true}],"bound_args":[],"def_extras":{"first_arg":"self"},"fallback":"builtins.function","from_concatenate":false,"implicit":false,"imprecise_arg_kinds":false,"is_ellipsis_args":false,"name":"find_spec of MetaPathFinder","ret_type":{".class":"UnionType","items":["_frozen_importlib.ModuleSpec",{".class":"NoneType"}],"uses_pep604_syntax":true},"type_guard":null,"type_is":null,"unpack_kwargs":false,"variables":[]}}},"invalidate_caches":{".class":"SymbolTableNode","kind":"Mdef","node":{".class":"FuncDef","abstract_status":0,"arg_kinds":[0],"arg_names":["self"],"dataclass_transform_spec":null,"deprecated":null,"flags":[],"fullname":"importlib.abc.MetaPathFinder.invalidate_caches","name":"invalidate_caches","type":{".class":"CallableType","arg_kinds":[0],"arg_names":["self"],"arg_types":["importlib.abc.MetaPathFinder"],"bound_args":[],"def_extras":{"first_arg":"self"},"fallback":"builtins.function","from_concatenate":false,"implicit":false,"imprecise_arg_kinds":false,"is_ellipsis_args":false,"name":"invalidate_caches of MetaPathFinder","ret_type":{".class":"NoneType"},"type_guard":null,"type_is":null,"unpack_kwargs":false,"variables":[]}}}},"self_type":null,"slots":null,"tuple_type":null,"type_vars":[],"typeddict_type":null}},"ModuleSpec":{".class":"SymbolTableNode","cross_ref":"_frozen_importlib.ModuleSpec","kind":"Gdef","module_hidden":true,"module_public":false},"PathEntryFinder":{".class":"SymbolTableNode","kind":"Gdef","node":{".class":"TypeInfo","_promote":[],"abstract_attributes":[],"alt_promote":null,"bases":["builtins.object"],"dataclass_transform_spec":null,"declared_metaclass":"abc.ABCMeta","defn":{".class":"ClassDef","fullname":"importlib.abc.PathEntryFinder","name":"PathEntryFinder","type_vars":[]},"deletable_attributes":[],"deprecated":null,"flags":[],"fullname":"importlib.abc.PathEntryFinder","has_param_spec_type":false,"metaclass_type":"abc.ABCMeta","metadata":{},"module_name":"importlib.abc","mro":["importlib.abc.PathEntryFinder","builtins.object"],"names":{".class":"SymbolTable","find_spec":{".class":"SymbolTableNode","kind":"Mdef","node":{".class":"FuncDef","abstract_status":0,"arg_kinds":[0,0,1],"arg_names":["self","fullname","target"],"dataclass_transform_spec":null,"deprecated":null,"flags":[],"fullname":"importlib.abc.PathEntryFinder.find_spec","name":"find_spec","type":{".class":"CallableType","arg_kinds":[0,0,1],"arg_names":["self","fullname","target"],"arg_types":["importlib.abc.PathEntryFinder","builtins.str",{".class":"UnionType","items":["types.ModuleType",{".class":"NoneType"}],"uses_pep604_syntax":true}],"bound_args":[],"def_extras":{"first_arg":"self"},"fallback":"builtins.function","from_concatenate":false,"implicit":false,"imprecise_arg_kinds":false,"is_ellipsis_args":false,"name":"find_spec of PathEntryFinder","ret_type":{".class":"UnionType","items":["_frozen_importlib.ModuleSpec",{".class":"NoneType"}],"uses_pep604_syntax":true},"type_guard":null,"type_is":null,"unpack_kwargs":false,"variables":[]}}},"invalidate_caches":{".class":"SymbolTableNode","kind":"Mdef","node":{".class":"FuncDef","abstract_status":0,"arg_kinds":[0],"arg_names":["self"],"dataclass_transform_spec":null,"deprecated":null,"flags":[],"fullname":"importlib.abc.PathEntryFinder.invalidate_caches","name":"invalidate_caches","type":{".class":"CallableType","arg_kinds":[0],"arg_names":["self"],"arg_types":["importlib.abc.PathEntryFinder"],"bound_args":[],"def_extras":{"first_arg":"self"},"fallback":"builtins.function","from_concatenate":false,"implicit":false,"imprecise_arg_kinds":false,"is_ellipsis_args":false,"name":"invalidate_caches of PathEntryFinder","ret_type":{".class":"NoneType"},"type_guard":null,"type_is":null,"unpack_kwargs":false,"variables":[]}}}},"self_type":null,"slots":null,"tuple_type":null,"type_vars":[],"typeddict_type":null}},"Protocol":{".class":"SymbolTableNode","cross_ref":"typing.Protocol","kind":"Gdef","module_hidden":true,"module_public":false},"ReadableBuffer":{".class":"SymbolTableNode","cross_ref":"_typeshed.ReadableBuffer","kind":"Gdef","module_hidden":true,"module_public":false},"ResourceLoader":{".class":"SymbolTableNode","kind":"Gdef","node":{".class":"TypeInfo","_promote":[],"abstract_attributes":[["get_data",1]],"alt_promote":null,"bases":["importlib._abc.Loader"],"dataclass_transform_spec":null,"declared_metaclass":null,"defn":{".class":"ClassDef","fullname":"importlib.abc.ResourceLoader","name":"ResourceLoader","type_vars":[]},"deletable_attributes":[],"deprecated":null,"flags":["is_abstract"],"fullname":"importlib.abc.ResourceLoader","has_param_spec_type":false,"metaclass_type":"abc.ABCMeta","metadata":{},"module_name":"importlib.abc","mro":["importlib.abc.ResourceLoader","importlib._abc.Loader","builtins.object"],"names":{".class":"SymbolTable","get_data":{".class":"SymbolTableNode","kind":"Mdef","node":{".class":"Decorator","func":{".class":"FuncDef","abstract_status":1,"arg_kinds":[0,0],"arg_names":["self","path"],"dataclass_transform_spec":null,"deprecated":null,"flags":["is_decorated"],"fullname":"importlib.abc.ResourceLoader.get_data","name":"get_data","type":{".class":"CallableType","arg_kinds":[0,0],"arg_names":["self","path"],"arg_types":["importlib.abc.ResourceLoader","builtins.str"],"bound_args":[],"def_extras":{"first_arg":"self"},"fallback":"builtins.function","from_concatenate":false,"implicit":false,"imprecise_arg_kinds":false,"is_ellipsis_args":false,"name":"get_data of ResourceLoader","ret_type":"builtins.bytes","type_guard":null,"type_is":null,"unpack_kwargs":false,"variables":[]}},"is_overload":false,"var":{".class":"Var","flags":["is_initialized_in_class","is_ready","is_inferred"],"fullname":"importlib.abc.ResourceLoader.get_data","name":"get_data","type":{".class":"CallableType","arg_kinds":[0,0],"arg_names":["self","path"],"arg_types":["importlib.abc.ResourceLoader","builtins.str"],"bound_args":[],"def_extras":{"first_arg":"self"},"fallback":"builtins.function","from_concatenate":false,"implicit":false,"imprecise_arg_kinds":false,"is_ellipsis_args":false,"name":"get_data of ResourceLoader","ret_type":"builtins.bytes","type_guard":null,"type_is":null,"unpack_kwargs":false,"variables":[]}}}}},"self_type":null,"slots":null,"tuple_type":null,"type_vars":[],"typeddict_type":null}},"ResourceReader":{".class":"SymbolTableNode","kind":"Gdef","module_public":false,"node":{".class":"TypeInfo","_promote":[],"abstract_attributes":[["contents",1],["is_resource",1],["open_resource",1],["resource_path",1]],"alt_promote":null,"bases":["builtins.object"],"dataclass_transform_spec":null,"declared_metaclass":"abc.ABCMeta","defn":{".class":"ClassDef","fullname":"importlib.abc.ResourceReader","name":"ResourceReader","type_vars":[]},"deletable_attributes":[],"deprecated":null,"flags":["is_abstract"],"fullname":"importlib.abc.ResourceReader","has_param_spec_type":false,"metaclass_type":"abc.ABCMeta","metadata":{},"module_name":"importlib.abc","mro":["importlib.abc.ResourceReader","builtins.object"],"names":{".class":"SymbolTable","contents":{".class":"SymbolTableNode","kind":"Mdef","node":{".class":"Decorator","func":{".class":"FuncDef","abstract_status":1,"arg_kinds":[0],"arg_names":["self"],"dataclass_transform_spec":null,"deprecated":null,"flags":["is_decorated"],"fullname":"importlib.abc.ResourceReader.contents","name":"contents","type":{".class":"CallableType","arg_kinds":[0],"arg_names":["self"],"arg_types":["importlib.abc.ResourceReader"],"bound_args":[],"def_extras":{"first_arg":"self"},"fallback":"builtins.function","from_concatenate":false,"implicit":false,"imprecise_arg_kinds":false,"is_ellipsis_args":false,"name":"contents of ResourceReader","ret_type":{".class":"Instance","args":["builtins.str"],"extra_attrs":null,"type_ref":"typing.Iterator"},"type_guard":null,"type_is":null,"unpack_kwargs":false,"variables":[]}},"is_overload":false,"var":{".class":"Var","flags":["is_initialized_in_class","is_ready","is_inferred"],"fullname":"importlib.abc.ResourceReader.contents","name":"contents","type":{".class":"CallableType","arg_kinds":[0],"arg_names":["self"],"arg_types":["importlib.abc.ResourceReader"],"bound_args":[],"def_extras":{"first_arg":"self"},"fallback":"builtins.function","from_concatenate":false,"implicit":false,"imprecise_arg_kinds":false,"is_ellipsis_args":false,"name":"contents of ResourceReader","ret_type":{".class":"Instance","args":["builtins.str"],"extra_attrs":null,"type_ref":"typing.Iterator"},"type_guard":null,"type_is":null,"unpack_kwargs":false,"variables":[]}}}},"is_resource":{".class":"SymbolTableNode","kind":"Mdef","node":{".class":"Decorator","func":{".class":"FuncDef","abstract_status":1,"arg_kinds":[0,0],"arg_names":["self","path"],"dataclass_transform_spec":null,"deprecated":null,"flags":["is_decorated"],"fullname":"importlib.abc.ResourceReader.is_resource","name":"is_resource","type":{".class":"CallableType","arg_kinds":[0,0],"arg_names":["self","path"],"arg_types":["importlib.abc.ResourceReader","builtins.str"],"bound_args":[],"def_extras":{"first_arg":"self"},"fallback":"builtins.function","from_concatenate":false,"implicit":false,"imprecise_arg_kinds":false,"is_ellipsis_args":false,"name":"is_resource of ResourceReader","ret_type":"builtins.bool","type_guard":null,"type_is":null,"unpack_kwargs":false,"variables":[]}},"is_overload":false,"var":{".class":"Var","flags":["is_initialized_in_class","is_ready","is_inferred"],"fullname":"importlib.abc.ResourceReader.is_resource","name":"is_resource","type":{".class":"CallableType","arg_kinds":[0,0],"arg_names":["self","path"],"arg_types":["importlib.abc.ResourceReader","builtins.str"],"bound_args":[],"def_extras":{"first_arg":"self"},"fallback":"builtins.function","from_concatenate":false,"implicit":false,"imprecise_arg_kinds":false,"is_ellipsis_args":false,"name":"is_resource of ResourceReader","ret_type":"builtins.bool","type_guard":null,"type_is":null,"unpack_kwargs":false,"variables":[]}}}},"open_resource":{".class":"SymbolTableNode","kind":"Mdef","node":{".class":"Decorator","func":{".class":"FuncDef","abstract_status":1,"arg_kinds":[0,0],"arg_names":["self","resource"],"dataclass_transform_spec":null,"deprecated":null,"flags":["is_decorated"],"fullname":"importlib.abc.ResourceReader.open_resource","name":"open_resource","type":{".class":"CallableType","arg_kinds":[0,0],"arg_names":["self","resource"],"arg_types":["importlib.abc.ResourceReader","builtins.str"],"bound_args":[],"def_extras":{"first_arg":"self"},"fallback":"builtins.function","from_concatenate":false,"implicit":false,"imprecise_arg_kinds":false,"is_ellipsis_args":false,"name":"open_resource of ResourceReader","ret_type":{".class":"Instance","args":["builtins.bytes"],"extra_attrs":null,"type_ref":"typing.IO"},"type_guard":null,"type_is":null,"unpack_kwargs":false,"variables":[]}},"is_overload":false,"var":{".class":"Var","flags":["is_initialized_in_class","is_ready","is_inferred"],"fullname":"importlib.abc.ResourceReader.open_resource","name":"open_resource","type":{".class":"CallableType","arg_kinds":[0,0],"arg_names":["self","resource"],"arg_types":["importlib.abc.ResourceReader","builtins.str"],"bound_args":[],"def_extras":{"first_arg":"self"},"fallback":"builtins.function","from_concatenate":false,"implicit":false,"imprecise_arg_kinds":false,"is_ellipsis_args":false,"name":"open_resource of ResourceReader","ret_type":{".class":"Instance","args":["builtins.bytes"],"extra_attrs":null,"type_ref":"typing.IO"},"type_guard":null,"type_is":null,"unpack_kwargs":false,"variables":[]}}}},"resource_path":{".class":"SymbolTableNode","kind":"Mdef","node":{".class":"Decorator","func":{".class":"FuncDef","abstract_status":1,"arg_kinds":[0,0],"arg_names":["self","resource"],"dataclass_transform_spec":null,"deprecated":null,"flags":["is_decorated"],"fullname":"importlib.abc.ResourceReader.resource_path","name":"resource_path","type":{".class":"CallableType","arg_kinds":[0,0],"arg_names":["self","resource"],"arg_types":["importlib.abc.ResourceReader","builtins.str"],"bound_args":[],"def_extras":{"first_arg":"self"},"fallback":"builtins.function","from_concatenate":false,"implicit":false,"imprecise_arg_kinds":false,"is_ellipsis_args":false,"name":"resource_path of ResourceReader","ret_type":"builtins.str","type_guard":null,"type_is":null,"unpack_kwargs":false,"variables":[]}},"is_overload":false,"var":{".class":"Var","flags":["is_initialized_in_class","is_ready","is_inferred"],"fullname":"importlib.abc.ResourceReader.resource_path","name":"resource_path","type":{".class":"CallableType","arg_kinds":[0,0],"arg_names":["self","resource"],"arg_types":["importlib.abc.ResourceReader","builtins.str"],"bound_args":[],"def_extras":{"first_arg":"self"},"fallback":"builtins.function","from_concatenate":false,"implicit":false,"imprecise_arg_kinds":false,"is_ellipsis_args":false,"name":"resource_path of ResourceReader","ret_type":"builtins.str","type_guard":null,"type_is":null,"unpack_kwargs":false,"variables":[]}}}}},"self_type":null,"slots":null,"tuple_type":null,"type_vars":[],"typeddict_type":null}},"Sequence":{".class":"SymbolTableNode","cross_ref":"typing.Sequence","kind":"Gdef","module_hidden":true,"module_public":false},"SourceLoader":{".class":"SymbolTableNode","kind":"Gdef","node":{".class":"TypeInfo","_promote":[],"abstract_attributes":[["get_data",1],["get_filename",1]],"alt_promote":null,"bases":["_frozen_importlib_external.SourceLoader","importlib.abc.ResourceLoader","importlib.abc.ExecutionLoader"],"dataclass_transform_spec":null,"declared_metaclass":"abc.ABCMeta","defn":{".class":"ClassDef","fullname":"importlib.abc.SourceLoader","name":"SourceLoader","type_vars":[]},"deletable_attributes":[],"deprecated":null,"flags":["is_abstract"],"fullname":"importlib.abc.SourceLoader","has_param_spec_type":false,"metaclass_type":"abc.ABCMeta","metadata":{},"module_name":"importlib.abc","mro":["importlib.abc.SourceLoader","_frozen_importlib_external.SourceLoader","_frozen_importlib_external._LoaderBasics","importlib.abc.ResourceLoader","importlib.abc.ExecutionLoader","importlib.abc.InspectLoader","importlib._abc.Loader","builtins.object"],"names":{".class":"SymbolTable","get_source":{".class":"SymbolTableNode","kind":"Mdef","node":{".class":"FuncDef","abstract_status":0,"arg_kinds":[0,0],"arg_names":["self","fullname"],"dataclass_transform_spec":null,"deprecated":null,"flags":[],"fullname":"importlib.abc.SourceLoader.get_source","name":"get_source","type":{".class":"CallableType","arg_kinds":[0,0],"arg_names":["self","fullname"],"arg_types":["importlib.abc.SourceLoader","builtins.str"],"bound_args":[],"def_extras":{"first_arg":"self"},"fallback":"builtins.function","from_concatenate":false,"implicit":false,"imprecise_arg_kinds":false,"is_ellipsis_args":false,"name":"get_source of SourceLoader","ret_type":{".class":"UnionType","items":["builtins.str",{".class":"NoneType"}],"uses_pep604_syntax":true},"type_guard":null,"type_is":null,"unpack_kwargs":false,"variables":[]}}},"path_mtime":{".class":"SymbolTableNode","kind":"Mdef","node":{".class":"FuncDef","abstract_status":0,"arg_kinds":[0,0],"arg_names":["self","path"],"dataclass_transform_spec":null,"deprecated":null,"flags":[],"fullname":"importlib.abc.SourceLoader.path_mtime","name":"path_mtime","type":{".class":"CallableType","arg_kinds":[0,0],"arg_names":["self","path"],"arg_types":["importlib.abc.SourceLoader","builtins.str"],"bound_args":[],"def_extras":{"first_arg":"self"},"fallback":"builtins.function","from_concatenate":false,"implicit":false,"imprecise_arg_kinds":false,"is_ellipsis_args":false,"name":"path_mtime of SourceLoader","ret_type":"builtins.float","type_guard":null,"type_is":null,"unpack_kwargs":false,"variables":[]}}},"path_stats":{".class":"SymbolTableNode","kind":"Mdef","node":{".class":"FuncDef","abstract_status":0,"arg_kinds":[0,0],"arg_names":["self","path"],"dataclass_transform_spec":null,"deprecated":null,"flags":[],"fullname":"importlib.abc.SourceLoader.path_stats","name":"path_stats","type":{".class":"CallableType","arg_kinds":[0,0],"arg_names":["self","path"],"arg_types":["importlib.abc.SourceLoader","builtins.str"],"bound_args":[],"def_extras":{"first_arg":"self"},"fallback":"builtins.function","from_concatenate":false,"implicit":false,"imprecise_arg_kinds":false,"is_ellipsis_args":false,"name":"path_stats of SourceLoader","ret_type":{".class":"Instance","args":["builtins.str",{".class":"AnyType","missing_import_name":null,"source_any":null,"type_of_any":2}],"extra_attrs":null,"type_ref":"typing.Mapping"},"type_guard":null,"type_is":null,"unpack_kwargs":false,"variables":[]}}},"set_data":{".class":"SymbolTableNode","kind":"Mdef","node":{".class":"FuncDef","abstract_status":0,"arg_kinds":[0,0,0],"arg_names":["self","path","data"],"dataclass_transform_spec":null,"deprecated":null,"flags":[],"fullname":"importlib.abc.SourceLoader.set_data","name":"set_data","type":{".class":"CallableType","arg_kinds":[0,0,0],"arg_names":["self","path","data"],"arg_types":["importlib.abc.SourceLoader","builtins.str","builtins.bytes"],"bound_args":[],"def_extras":{"first_arg":"self"},"fallback":"builtins.function","from_concatenate":false,"implicit":false,"imprecise_arg_kinds":false,"is_ellipsis_args":false,"name":"set_data of SourceLoader","ret_type":{".class":"NoneType"},"type_guard":null,"type_is":null,"unpack_kwargs":false,"variables":[]}}}},"self_type":null,"slots":null,"tuple_type":null,"type_vars":[],"typeddict_type":null}},"StrPath":{".class":"SymbolTableNode","cross_ref":"_typeshed.StrPath","kind":"Gdef","module_hidden":true,"module_public":false},"Traversable":{".class":"SymbolTableNode","kind":"Gdef","module_public":false,"node":{".class":"TypeInfo","_promote":[],"abstract_attributes":[["is_dir",1],["is_file",1],["iterdir",1],["joinpath",1],["name",1],["open",1],["read_bytes",1],["read_text",1]],"alt_promote":null,"bases":["builtins.object"],"dataclass_transform_spec":null,"declared_metaclass":null,"defn":{".class":"ClassDef","fullname":"importlib.abc.Traversable","name":"Traversable","type_vars":[]},"deletable_attributes":[],"deprecated":null,"flags":["is_abstract","is_protocol","runtime_protocol"],"fullname":"importlib.abc.Traversable","has_param_spec_type":false,"metaclass_type":"abc.ABCMeta","metadata":{},"module_name":"importlib.abc","mro":["importlib.abc.Traversable","builtins.object"],"names":{".class":"SymbolTable","__truediv__":{".class":"SymbolTableNode","kind":"Mdef","node":{".class":"FuncDef","abstract_status":0,"arg_kinds":[0,0],"arg_names":[null,null],"dataclass_transform_spec":null,"deprecated":null,"flags":[],"fullname":"importlib.abc.Traversable.__truediv__","name":"__truediv__","type":{".class":"CallableType","arg_kinds":[0,0],"arg_names":[null,null],"arg_types":["importlib.abc.Traversable","builtins.str"],"bound_args":[],"def_extras":{"first_arg":"self"},"fallback":"builtins.function","from_concatenate":false,"implicit":false,"imprecise_arg_kinds":false,"is_ellipsis_args":false,"name":"__truediv__ of Traversable","ret_type":"importlib.abc.Traversable","type_guard":null,"type_is":null,"unpack_kwargs":false,"variables":[]}}},"is_dir":{".class":"SymbolTableNode","kind":"Mdef","node":{".class":"Decorator","func":{".class":"FuncDef","abstract_status":1,"arg_kinds":[0],"arg_names":["self"],"dataclass_transform_spec":null,"deprecated":null,"flags":["is_decorated"],"fullname":"importlib.abc.Traversable.is_dir","name":"is_dir","type":{".class":"CallableType","arg_kinds":[0],"arg_names":["self"],"arg_types":["importlib.abc.Traversable"],"bound_args":[],"def_extras":{"first_arg":"self"},"fallback":"builtins.function","from_concatenate":false,"implicit":false,"imprecise_arg_kinds":false,"is_ellipsis_args":false,"name":"is_dir of Traversable","ret_type":"builtins.bool","type_guard":null,"type_is":null,"unpack_kwargs":false,"variables":[]}},"is_overload":false,"var":{".class":"Var","flags":["is_initialized_in_class","is_ready","is_inferred"],"fullname":"importlib.abc.Traversable.is_dir","name":"is_dir","type":{".class":"CallableType","arg_kinds":[0],"arg_names":["self"],"arg_types":["importlib.abc.Traversable"],"bound_args":[],"def_extras":{"first_arg":"self"},"fallback":"builtins.function","from_concatenate":false,"implicit":false,"imprecise_arg_kinds":false,"is_ellipsis_args":false,"name":"is_dir of Traversable","ret_type":"builtins.bool","type_guard":null,"type_is":null,"unpack_kwargs":false,"variables":[]}}}},"is_file":{".class":"SymbolTableNode","kind":"Mdef","node":{".class":"Decorator","func":{".class":"FuncDef","abstract_status":1,"arg_kinds":[0],"arg_names":["self"],"dataclass_transform_spec":null,"deprecated":null,"flags":["is_decorated"],"fullname":"importlib.abc.Traversable.is_file","name":"is_file","type":{".class":"CallableType","arg_kinds":[0],"arg_names":["self"],"arg_types":["importlib.abc.Traversable"],"bound_args":[],"def_extras":{"first_arg":"self"},"fallback":"builtins.function","from_concatenate":false,"implicit":false,"imprecise_arg_kinds":false,"is_ellipsis_args":false,"name":"is_file of Traversable","ret_type":"builtins.bool","type_guard":null,"type_is":null,"unpack_kwargs":false,"variables":[]}},"is_overload":false,"var":{".class":"Var","flags":["is_initialized_in_class","is_ready","is_inferred"],"fullname":"importlib.abc.Traversable.is_file","name":"is_file","type":{".class":"CallableType","arg_kinds":[0],"arg_names":["self"],"arg_types":["importlib.abc.Traversable"],"bound_args":[],"def_extras":{"first_arg":"self"},"fallback":"builtins.function","from_concatenate":false,"implicit":false,"imprecise_arg_kinds":false,"is_ellipsis_args":false,"name":"is_file of Traversable","ret_type":"builtins.bool","type_guard":null,"type_is":null,"unpack_kwargs":false,"variables":[]}}}},"iterdir":{".class":"SymbolTableNode","kind":"Mdef","node":{".class":"Decorator","func":{".class":"FuncDef","abstract_status":1,"arg_kinds":[0],"arg_names":["self"],"dataclass_transform_spec":null,"deprecated":null,"flags":["is_decorated"],"fullname":"importlib.abc.Traversable.iterdir","name":"iterdir","type":{".class":"CallableType","arg_kinds":[0],"arg_names":["self"],"arg_types":["importlib.abc.Traversable"],"bound_args":[],"def_extras":{"first_arg":"self"},"fallback":"builtins.function","from_concatenate":false,"implicit":false,"imprecise_arg_kinds":false,"is_ellipsis_args":false,"name":"iterdir of Traversable","ret_type":{".class":"Instance","args":["importlib.abc.Traversable"],"extra_attrs":null,"type_ref":"typing.Iterator"},"type_guard":null,"type_is":null,"unpack_kwargs":false,"variables":[]}},"is_overload":false,"var":{".class":"Var","flags":["is_initialized_in_class","is_ready","is_inferred"],"fullname":"importlib.abc.Traversable.iterdir","name":"iterdir","type":{".class":"CallableType","arg_kinds":[0],"arg_names":["self"],"arg_types":["importlib.abc.Traversable"],"bound_args":[],"def_extras":{"first_arg":"self"},"fallback":"builtins.function","from_concatenate":false,"implicit":false,"imprecise_arg_kinds":false,"is_ellipsis_args":false,"name":"iterdir of Traversable","ret_type":{".class":"Instance","args":["importlib.abc.Traversable"],"extra_attrs":null,"type_ref":"typing.Iterator"},"type_guard":null,"type_is":null,"unpack_kwargs":false,"variables":[]}}}},"joinpath":{".class":"SymbolTableNode","kind":"Mdef","node":{".class":"Decorator","func":{".class":"FuncDef","abstract_status":1,"arg_kinds":[0,2],"arg_names":["self","descendants"],"dataclass_transform_spec":null,"deprecated":null,"flags":["is_decorated"],"fullname":"importlib.abc.Traversable.joinpath","name":"joinpath","type":{".class":"CallableType","arg_kinds":[0,2],"arg_names":["self","descendants"],"arg_types":["importlib.abc.Traversable","builtins.str"],"bound_args":[],"def_extras":{"first_arg":"self"},"fallback":"builtins.function","from_concatenate":false,"implicit":false,"imprecise_arg_kinds":false,"is_ellipsis_args":false,"name":"joinpath of Traversable","ret_type":"importlib.abc.Traversable","type_guard":null,"type_is":null,"unpack_kwargs":false,"variables":[]}},"is_overload":false,"var":{".class":"Var","flags":["is_initialized_in_class","is_ready","is_inferred"],"fullname":"importlib.abc.Traversable.joinpath","name":"joinpath","type":{".class":"CallableType","arg_kinds":[0,2],"arg_names":["self","descendants"],"arg_types":["importlib.abc.Traversable","builtins.str"],"bound_args":[],"def_extras":{"first_arg":"self"},"fallback":"builtins.function","from_concatenate":false,"implicit":false,"imprecise_arg_kinds":false,"is_ellipsis_args":false,"name":"joinpath of Traversable","ret_type":"importlib.abc.Traversable","type_guard":null,"type_is":null,"unpack_kwargs":false,"variables":[]}}}},"name":{".class":"SymbolTableNode","kind":"Mdef","node":{".class":"Decorator","func":{".class":"FuncDef","abstract_status":1,"arg_kinds":[0],"arg_names":["self"],"dataclass_transform_spec":null,"deprecated":null,"flags":["is_property","is_decorated"],"fullname":"importlib.abc.Traversable.name","name":"name","type":{".class":"CallableType","arg_kinds":[0],"arg_names":["self"],"arg_types":["importlib.abc.Traversable"],"bound_args":[],"def_extras":{"first_arg":"self"},"fallback":"builtins.function","from_concatenate":false,"implicit":false,"imprecise_arg_kinds":false,"is_ellipsis_args":false,"name":"name of Traversable","ret_type":"builtins.str","type_guard":null,"type_is":null,"unpack_kwargs":false,"variables":[]}},"is_overload":false,"var":{".class":"Var","flags":["is_initialized_in_class","is_property","is_ready","is_inferred"],"fullname":"importlib.abc.Traversable.name","name":"name","type":{".class":"CallableType","arg_kinds":[0],"arg_names":["self"],"arg_types":["importlib.abc.Traversable"],"bound_args":[],"def_extras":{"first_arg":"self"},"fallback":"builtins.function","from_concatenate":false,"implicit":false,"imprecise_arg_kinds":false,"is_ellipsis_args":false,"name":"name of Traversable","ret_type":"builtins.str","type_guard":null,"type_is":null,"unpack_kwargs":false,"variables":[]}}}},"open":{".class":"SymbolTableNode","kind":"Mdef","node":{".class":"OverloadedFuncDef","deprecated":null,"flags":[],"fullname":"importlib.abc.Traversable.open","impl":null,"items":[{".class":"Decorator","func":{".class":"FuncDef","abstract_status":1,"arg_kinds":[0,1,5,5],"arg_names":["self","mode","encoding","errors"],"dataclass_transform_spec":null,"deprecated":null,"flags":["is_overload","is_decorated"],"fullname":"importlib.abc.Traversable.open","name":"open","type":{".class":"CallableType","arg_kinds":[0,1,5,5],"arg_names":["self","mode","encoding","errors"],"arg_types":["importlib.abc.Traversable",{".class":"LiteralType","fallback":"builtins.str","value":"r"},{".class":"UnionType","items":["builtins.str",{".class":"NoneType"}],"uses_pep604_syntax":true},{".class":"UnionType","items":["builtins.str",{".class":"NoneType"}],"uses_pep604_syntax":true}],"bound_args":[],"def_extras":{"first_arg":"self"},"fallback":"builtins.function","from_concatenate":false,"implicit":false,"imprecise_arg_kinds":false,"is_ellipsis_args":false,"name":"open of Traversable","ret_type":{".class":"Instance","args":["builtins.str"],"extra_attrs":null,"type_ref":"typing.IO"},"type_guard":null,"type_is":null,"unpack_kwargs":false,"variables":[]}},"is_overload":true,"var":{".class":"Var","flags":["is_ready","is_inferred"],"fullname":"importlib.abc.Traversable.open","name":"open","type":{".class":"CallableType","arg_kinds":[0,1,5,5],"arg_names":["self","mode","encoding","errors"],"arg_types":["importlib.abc.Traversable",{".class":"LiteralType","fallback":"builtins.str","value":"r"},{".class":"UnionType","items":["builtins.str",{".class":"NoneType"}],"uses_pep604_syntax":true},{".class":"UnionType","items":["builtins.str",{".class":"NoneType"}],"uses_pep604_syntax":true}],"bound_args":[],"def_extras":{"first_arg":"self"},"fallback":"builtins.function","from_concatenate":false,"implicit":false,"imprecise_arg_kinds":false,"is_ellipsis_args":false,"name":"open of Traversable","ret_type":{".class":"Instance","args":["builtins.str"],"extra_attrs":null,"type_ref":"typing.IO"},"type_guard":null,"type_is":null,"unpack_kwargs":false,"variables":[]}}},{".class":"Decorator","func":{".class":"FuncDef","abstract_status":1,"arg_kinds":[0,0],"arg_names":["self","mode"],"dataclass_transform_spec":null,"deprecated":null,"flags":["is_overload","is_decorated"],"fullname":"importlib.abc.Traversable.open","name":"open","type":{".class":"CallableType","arg_kinds":[0,0],"arg_names":["self","mode"],"arg_types":["importlib.abc.Traversable",{".class":"LiteralType","fallback":"builtins.str","value":"rb"}],"bound_args":[],"def_extras":{"first_arg":"self"},"fallback":"builtins.function","from_concatenate":false,"implicit":false,"imprecise_arg_kinds":false,"is_ellipsis_args":false,"name":"open of Traversable","ret_type":{".class":"Instance","args":["builtins.bytes"],"extra_attrs":null,"type_ref":"typing.IO"},"type_guard":null,"type_is":null,"unpack_kwargs":false,"variables":[]}},"is_overload":true,"var":{".class":"Var","flags":["is_ready","is_inferred"],"fullname":"importlib.abc.Traversable.open","name":"open","type":{".class":"CallableType","arg_kinds":[0,0],"arg_names":["self","mode"],"arg_types":["importlib.abc.Traversable",{".class":"LiteralType","fallback":"builtins.str","value":"rb"}],"bound_args":[],"def_extras":{"first_arg":"self"},"fallback":"builtins.function","from_concatenate":false,"implicit":false,"imprecise_arg_kinds":false,"is_ellipsis_args":false,"name":"open of Traversable","ret_type":{".class":"Instance","args":["builtins.bytes"],"extra_attrs":null,"type_ref":"typing.IO"},"type_guard":null,"type_is":null,"unpack_kwargs":false,"variables":[]}}}],"type":{".class":"Overloaded","items":[{".class":"CallableType","arg_kinds":[0,1,5,5],"arg_names":["self","mode","encoding","errors"],"arg_types":["importlib.abc.Traversable",{".class":"LiteralType","fallback":"builtins.str","value":"r"},{".class":"UnionType","items":["builtins.str",{".class":"NoneType"}],"uses_pep604_syntax":true},{".class":"UnionType","items":["builtins.str",{".class":"NoneType"}],"uses_pep604_syntax":true}],"bound_args":[],"def_extras":{"first_arg":"self"},"fallback":"builtins.function","from_concatenate":false,"implicit":false,"imprecise_arg_kinds":false,"is_ellipsis_args":false,"name":"open of Traversable","ret_type":{".class":"Instance","args":["builtins.str"],"extra_attrs":null,"type_ref":"typing.IO"},"type_guard":null,"type_is":null,"unpack_kwargs":false,"variables":[]},{".class":"CallableType","arg_kinds":[0,0],"arg_names":["self","mode"],"arg_types":["importlib.abc.Traversable",{".class":"LiteralType","fallback":"builtins.str","value":"rb"}],"bound_args":[],"def_extras":{"first_arg":"self"},"fallback":"builtins.function","from_concatenate":false,"implicit":false,"imprecise_arg_kinds":false,"is_ellipsis_args":false,"name":"open of Traversable","ret_type":{".class":"Instance","args":["builtins.bytes"],"extra_attrs":null,"type_ref":"typing.IO"},"type_guard":null,"type_is":null,"unpack_kwargs":false,"variables":[]}]}}},"read_bytes":{".class":"SymbolTableNode","kind":"Mdef","node":{".class":"Decorator","func":{".class":"FuncDef","abstract_status":1,"arg_kinds":[0],"arg_names":["self"],"dataclass_transform_spec":null,"deprecated":null,"flags":["is_decorated"],"fullname":"importlib.abc.Traversable.read_bytes","name":"read_bytes","type":{".class":"CallableType","arg_kinds":[0],"arg_names":["self"],"arg_types":["importlib.abc.Traversable"],"bound_args":[],"def_extras":{"first_arg":"self"},"fallback":"builtins.function","from_concatenate":false,"implicit":false,"imprecise_arg_kinds":false,"is_ellipsis_args":false,"name":"read_bytes of Traversable","ret_type":"builtins.bytes","type_guard":null,"type_is":null,"unpack_kwargs":false,"variables":[]}},"is_overload":false,"var":{".class":"Var","flags":["is_initialized_in_class","is_ready","is_inferred"],"fullname":"importlib.abc.Traversable.read_bytes","name":"read_bytes","type":{".class":"CallableType","arg_kinds":[0],"arg_names":["self"],"arg_types":["importlib.abc.Traversable"],"bound_args":[],"def_extras":{"first_arg":"self"},"fallback":"builtins.function","from_concatenate":false,"implicit":false,"imprecise_arg_kinds":false,"is_ellipsis_args":false,"name":"read_bytes of Traversable","ret_type":"builtins.bytes","type_guard":null,"type_is":null,"unpack_kwargs":false,"variables":[]}}}},"read_text":{".class":"SymbolTableNode","kind":"Mdef","node":{".class":"Decorator","func":{".class":"FuncDef","abstract_status":1,"arg_kinds":[0,1],"arg_names":["self","encoding"],"dataclass_transform_spec":null,"deprecated":null,"flags":["is_decorated"],"fullname":"importlib.abc.Traversable.read_text","name":"read_text","type":{".class":"CallableType","arg_kinds":[0,1],"arg_names":["self","encoding"],"arg_types":["importlib.abc.Traversable",{".class":"UnionType","items":["builtins.str",{".class":"NoneType"}],"uses_pep604_syntax":true}],"bound_args":[],"def_extras":{"first_arg":"self"},"fallback":"builtins.function","from_concatenate":false,"implicit":false,"imprecise_arg_kinds":false,"is_ellipsis_args":false,"name":"read_text of Traversable","ret_type":"builtins.str","type_guard":null,"type_is":null,"unpack_kwargs":false,"variables":[]}},"is_overload":false,"var":{".class":"Var","flags":["is_initialized_in_class","is_ready","is_inferred"],"fullname":"importlib.abc.Traversable.read_text","name":"read_text","type":{".class":"CallableType","arg_kinds":[0,1],"arg_names":["self","encoding"],"arg_types":["importlib.abc.Traversable",{".class":"UnionType","items":["builtins.str",{".class":"NoneType"}],"uses_pep604_syntax":true}],"bound_args":[],"def_extras":{"first_arg":"self"},"fallback":"builtins.function","from_concatenate":false,"implicit":false,"imprecise_arg_kinds":false,"is_ellipsis_args":false,"name":"read_text of Traversable","ret_type":"builtins.str","type_guard":null,"type_is":null,"unpack_kwargs":false,"variables":[]}}}}},"self_type":null,"slots":null,"tuple_type":null,"type_vars":[],"typeddict_type":null}},"TraversableResources":{".class":"SymbolTableNode","kind":"Gdef","module_public":false,"node":{".class":"TypeInfo","_promote":[],"abstract_attributes":[["files",1]],"alt_promote":null,"bases":["importlib.abc.ResourceReader"],"dataclass_transform_spec":null,"declared_metaclass":null,"defn":{".class":"ClassDef","fullname":"importlib.abc.TraversableResources","name":"TraversableResources","type_vars":[]},"deletable_attributes":[],"deprecated":null,"flags":["is_abstract"],"fullname":"importlib.abc.TraversableResources","has_param_spec_type":false,"metaclass_type":"abc.ABCMeta","metadata":{},"module_name":"importlib.abc","mro":["importlib.abc.TraversableResources","importlib.abc.ResourceReader","builtins.object"],"names":{".class":"SymbolTable","contents":{".class":"SymbolTableNode","kind":"Mdef","node":{".class":"FuncDef","abstract_status":0,"arg_kinds":[0],"arg_names":["self"],"dataclass_transform_spec":null,"deprecated":null,"flags":[],"fullname":"importlib.abc.TraversableResources.contents","name":"contents","type":{".class":"CallableType","arg_kinds":[0],"arg_names":["self"],"arg_types":["importlib.abc.TraversableResources"],"bound_args":[],"def_extras":{"first_arg":"self"},"fallback":"builtins.function","from_concatenate":false,"implicit":false,"imprecise_arg_kinds":false,"is_ellipsis_args":false,"name":"contents of TraversableResources","ret_type":{".class":"Instance","args":["builtins.str"],"extra_attrs":null,"type_ref":"typing.Iterator"},"type_guard":null,"type_is":null,"unpack_kwargs":false,"variables":[]}}},"files":{".class":"SymbolTableNode","kind":"Mdef","node":{".class":"Decorator","func":{".class":"FuncDef","abstract_status":1,"arg_kinds":[0],"arg_names":["self"],"dataclass_transform_spec":null,"deprecated":null,"flags":["is_decorated"],"fullname":"importlib.abc.TraversableResources.files","name":"files","type":{".class":"CallableType","arg_kinds":[0],"arg_names":["self"],"arg_types":["importlib.abc.TraversableResources"],"bound_args":[],"def_extras":{"first_arg":"self"},"fallback":"builtins.function","from_concatenate":false,"implicit":false,"imprecise_arg_kinds":false,"is_ellipsis_args":false,"name":"files of TraversableResources","ret_type":"importlib.abc.Traversable","type_guard":null,"type_is":null,"unpack_kwargs":false,"variables":[]}},"is_overload":false,"var":{".class":"Var","flags":["is_initialized_in_class","is_ready","is_inferred"],"fullname":"importlib.abc.TraversableResources.files","name":"files","type":{".class":"CallableType","arg_kinds":[0],"arg_names":["self"],"arg_types":["importlib.abc.TraversableResources"],"bound_args":[],"def_extras":{"first_arg":"self"},"fallback":"builtins.function","from_concatenate":false,"implicit":false,"imprecise_arg_kinds":false,"is_ellipsis_args":false,"name":"files of TraversableResources","ret_type":"importlib.abc.Traversable","type_guard":null,"type_is":null,"unpack_kwargs":false,"variables":[]}}}},"is_resource":{".class":"SymbolTableNode","kind":"Mdef","node":{".class":"FuncDef","abstract_status":0,"arg_kinds":[0,0],"arg_names":["self","path"],"dataclass_transform_spec":null,"deprecated":null,"flags":[],"fullname":"importlib.abc.TraversableResources.is_resource","name":"is_resource","type":{".class":"CallableType","arg_kinds":[0,0],"arg_names":["self","path"],"arg_types":["importlib.abc.TraversableResources","builtins.str"],"bound_args":[],"def_extras":{"first_arg":"self"},"fallback":"builtins.function","from_concatenate":false,"implicit":false,"imprecise_arg_kinds":false,"is_ellipsis_args":false,"name":"is_resource of TraversableResources","ret_type":"builtins.bool","type_guard":null,"type_is":null,"unpack_kwargs":false,"variables":[]}}},"open_resource":{".class":"SymbolTableNode","kind":"Mdef","node":{".class":"FuncDef","abstract_status":0,"arg_kinds":[0,0],"arg_names":["self","resource"],"dataclass_transform_spec":null,"deprecated":null,"flags":[],"fullname":"importlib.abc.TraversableResources.open_resource","name":"open_resource","type":{".class":"CallableType","arg_kinds":[0,0],"arg_names":["self","resource"],"arg_types":["importlib.abc.TraversableResources","builtins.str"],"bound_args":[],"def_extras":{"first_arg":"self"},"fallback":"builtins.function","from_concatenate":false,"implicit":false,"imprecise_arg_kinds":false,"is_ellipsis_args":false,"name":"open_resource of TraversableResources","ret_type":"_io.BufferedReader","type_guard":null,"type_is":null,"unpack_kwargs":false,"variables":[]}}},"resource_path":{".class":"SymbolTableNode","kind":"Mdef","node":{".class":"FuncDef","abstract_status":0,"arg_kinds":[0,0],"arg_names":["self","resource"],"dataclass_transform_spec":null,"deprecated":null,"flags":[],"fullname":"importlib.abc.TraversableResources.resource_path","name":"resource_path","type":{".class":"CallableType","arg_kinds":[0,0],"arg_names":["self","resource"],"arg_types":["importlib.abc.TraversableResources",{".class":"AnyType","missing_import_name":null,"source_any":null,"type_of_any":2}],"bound_args":[],"def_extras":{"first_arg":"self"},"fallback":"builtins.function","from_concatenate":false,"implicit":false,"imprecise_arg_kinds":false,"is_ellipsis_args":false,"name":"resource_path of TraversableResources","ret_type":"builtins.str","type_guard":null,"type_is":null,"unpack_kwargs":false,"variables":[]}}}},"self_type":null,"slots":null,"tuple_type":null,"type_vars":[],"typeddict_type":null}},"__all__":{".class":"SymbolTableNode","kind":"Gdef","module_public":false,"node":{".class":"Var","flags":["is_inferred","has_explicit_value"],"fullname":"importlib.abc.__all__","name":"__all__","type":{".class":"Instance","args":["builtins.str"],"extra_attrs":null,"type_ref":"builtins.list"}}},"__annotations__":{".class":"SymbolTableNode","kind":"Gdef","module_public":false,"node":{".class":"Var","flags":["is_ready"],"fullname":"importlib.abc.__annotations__","name":"__annotations__","type":{".class":"Instance","args":["builtins.str",{".class":"AnyType","missing_import_name":null,"source_any":null,"type_of_any":6}],"extra_attrs":null,"type_ref":"builtins.dict"}}},"__doc__":{".class":"SymbolTableNode","kind":"Gdef","module_public":false,"node":{".class":"Var","flags":["is_ready"],"fullname":"importlib.abc.__doc__","name":"__doc__","type":"builtins.str"}},"__file__":{".class":"SymbolTableNode","kind":"Gdef","module_public":false,"node":{".class":"Var","flags":["is_ready"],"fullname":"importlib.abc.__file__","name":"__file__","type":"builtins.str"}},"__name__":{".class":"SymbolTableNode","kind":"Gdef","module_public":false,"node":{".class":"Var","flags":["is_ready"],"fullname":"importlib.abc.__name__","name":"__name__","type":"builtins.str"}},"__package__":{".class":"SymbolTableNode","kind":"Gdef","module_public":false,"node":{".class":"Var","flags":["is_ready"],"fullname":"importlib.abc.__package__","name":"__package__","type":"builtins.str"}},"__spec__":{".class":"SymbolTableNode","kind":"Gdef","module_public":false,"node":{".class":"Var","flags":["is_ready"],"fullname":"importlib.abc.__spec__","name":"__spec__","type":"_frozen_importlib.ModuleSpec"}},"_ast":{".class":"SymbolTableNode","cross_ref":"_ast","kind":"Gdef","module_hidden":true,"module_public":false},"_bootstrap_external":{".class":"SymbolTableNode","cross_ref":"importlib._bootstrap_external","kind":"Gdef","module_hidden":true,"module_public":false},"abstractmethod":{".class":"SymbolTableNode","cross_ref":"abc.abstractmethod","kind":"Gdef","module_hidden":true,"module_public":false},"overload":{".class":"SymbolTableNode","cross_ref":"typing.overload","kind":"Gdef","module_hidden":true,"module_public":false},"runtime_checkable":{".class":"SymbolTableNode","cross_ref":"typing.runtime_checkable","kind":"Gdef","module_hidden":true,"module_public":false},"sys":{".class":"SymbolTableNode","cross_ref":"sys","kind":"Gdef","module_hidden":true,"module_public":false},"types":{".class":"SymbolTableNode","cross_ref":"types","kind":"Gdef","module_hidden":true,"module_public":false}},"path":"c:\\Users\\xinan\\.vscode\\extensions\\ms-python.mypy-type-checker-2025.2.0\\bundled\\libs\\mypy\\typeshed\\stdlib\\importlib\\abc.pyi"}