{".class":"MypyFile","_fullname":"zipfile._path","future_import_flags":[],"is_partial_stub_package":false,"is_stub":true,"names":{".class":"SymbolTable","CompleteDirs":{".class":"SymbolTableNode","kind":"Gdef","module_public":false,"node":{".class":"TypeInfo","_promote":[],"abstract_attributes":[],"alt_promote":null,"bases":["zipfile._path.InitializedState","zipfile.ZipFile"],"dataclass_transform_spec":null,"declared_metaclass":null,"defn":{".class":"ClassDef","fullname":"zipfile._path.CompleteDirs","name":"CompleteDirs","type_vars":[]},"deletable_attributes":[],"deprecated":null,"flags":[],"fullname":"zipfile._path.CompleteDirs","has_param_spec_type":false,"metaclass_type":null,"metadata":{},"module_name":"zipfile._path","mro":["zipfile._path.CompleteDirs","zipfile._path.InitializedState","zipfile.ZipFile","builtins.object"],"names":{".class":"SymbolTable","inject":{".class":"SymbolTableNode","kind":"Mdef","node":{".class":"Decorator","func":{".class":"FuncDef","abstract_status":0,"arg_kinds":[0,0],"arg_names":["cls","zf"],"dataclass_transform_spec":null,"deprecated":null,"flags":["is_class","is_decorated"],"fullname":"zipfile._path.CompleteDirs.inject","name":"inject","type":{".class":"CallableType","arg_kinds":[0,0],"arg_names":["cls","zf"],"arg_types":[{".class":"TypeType","item":"zipfile._path.CompleteDirs"},{".class":"TypeVarType","default":{".class":"AnyType","missing_import_name":null,"source_any":null,"type_of_any":4},"fullname":"zipfile._path._ZF","id":-1,"name":"_ZF","namespace":"zipfile._path.CompleteDirs.inject","upper_bound":"zipfile.ZipFile","values":[],"variance":0}],"bound_args":[],"def_extras":{"first_arg":"cls"},"fallback":"builtins.function","from_concatenate":false,"implicit":false,"imprecise_arg_kinds":false,"is_ellipsis_args":false,"name":"inject of CompleteDirs","ret_type":{".class":"TypeVarType","default":{".class":"AnyType","missing_import_name":null,"source_any":null,"type_of_any":4},"fullname":"zipfile._path._ZF","id":-1,"name":"_ZF","namespace":"zipfile._path.CompleteDirs.inject","upper_bound":"zipfile.ZipFile","values":[],"variance":0},"type_guard":null,"type_is":null,"unpack_kwargs":false,"variables":[{".class":"TypeVarType","default":{".class":"AnyType","missing_import_name":null,"source_any":null,"type_of_any":4},"fullname":"zipfile._path._ZF","id":-1,"name":"_ZF","namespace":"zipfile._path.CompleteDirs.inject","upper_bound":"zipfile.ZipFile","values":[],"variance":0}]}},"is_overload":false,"var":{".class":"Var","flags":["is_initialized_in_class","is_classmethod","is_ready","is_inferred"],"fullname":"zipfile._path.CompleteDirs.inject","name":"inject","type":{".class":"CallableType","arg_kinds":[0,0],"arg_names":["cls","zf"],"arg_types":[{".class":"TypeType","item":"zipfile._path.CompleteDirs"},{".class":"TypeVarType","default":{".class":"AnyType","missing_import_name":null,"source_any":null,"type_of_any":4},"fullname":"zipfile._path._ZF","id":-1,"name":"_ZF","namespace":"zipfile._path.CompleteDirs.inject","upper_bound":"zipfile.ZipFile","values":[],"variance":0}],"bound_args":[],"def_extras":{"first_arg":"cls"},"fallback":"builtins.function","from_concatenate":false,"implicit":false,"imprecise_arg_kinds":false,"is_ellipsis_args":false,"name":"inject of CompleteDirs","ret_type":{".class":"TypeVarType","default":{".class":"AnyType","missing_import_name":null,"source_any":null,"type_of_any":4},"fullname":"zipfile._path._ZF","id":-1,"name":"_ZF","namespace":"zipfile._path.CompleteDirs.inject","upper_bound":"zipfile.ZipFile","values":[],"variance":0},"type_guard":null,"type_is":null,"unpack_kwargs":false,"variables":[{".class":"TypeVarType","default":{".class":"AnyType","missing_import_name":null,"source_any":null,"type_of_any":4},"fullname":"zipfile._path._ZF","id":-1,"name":"_ZF","namespace":"zipfile._path.CompleteDirs.inject","upper_bound":"zipfile.ZipFile","values":[],"variance":0}]}}}},"make":{".class":"SymbolTableNode","kind":"Mdef","node":{".class":"OverloadedFuncDef","deprecated":null,"flags":["is_class"],"fullname":"zipfile._path.CompleteDirs.make","impl":null,"items":[{".class":"Decorator","func":{".class":"FuncDef","abstract_status":0,"arg_kinds":[0,0],"arg_names":["cls","source"],"dataclass_transform_spec":null,"deprecated":null,"flags":["is_class","is_overload","is_decorated"],"fullname":"zipfile._path.CompleteDirs.make","name":"make","type":{".class":"CallableType","arg_kinds":[0,0],"arg_names":["cls","source"],"arg_types":[{".class":"TypeType","item":"zipfile._path.CompleteDirs"},"zipfile.ZipFile"],"bound_args":[],"def_extras":{"first_arg":"cls"},"fallback":"builtins.function","from_concatenate":false,"implicit":false,"imprecise_arg_kinds":false,"is_ellipsis_args":false,"name":"make of CompleteDirs","ret_type":"zipfile._path.CompleteDirs","type_guard":null,"type_is":null,"unpack_kwargs":false,"variables":[]}},"is_overload":true,"var":{".class":"Var","flags":["is_classmethod","is_ready","is_inferred"],"fullname":"zipfile._path.CompleteDirs.make","name":"make","type":{".class":"CallableType","arg_kinds":[0,0],"arg_names":["cls","source"],"arg_types":[{".class":"TypeType","item":"zipfile._path.CompleteDirs"},"zipfile.ZipFile"],"bound_args":[],"def_extras":{"first_arg":"cls"},"fallback":"builtins.function","from_concatenate":false,"implicit":false,"imprecise_arg_kinds":false,"is_ellipsis_args":false,"name":"make of CompleteDirs","ret_type":"zipfile._path.CompleteDirs","type_guard":null,"type_is":null,"unpack_kwargs":false,"variables":[]}}},{".class":"Decorator","func":{".class":"FuncDef","abstract_status":0,"arg_kinds":[0,0],"arg_names":["cls","source"],"dataclass_transform_spec":null,"deprecated":null,"flags":["is_class","is_overload","is_decorated"],"fullname":"zipfile._path.CompleteDirs.make","name":"make","type":{".class":"CallableType","arg_kinds":[0,0],"arg_names":["cls","source"],"arg_types":[{".class":"TypeType","item":{".class":"TypeVarType","default":{".class":"AnyType","missing_import_name":null,"source_any":null,"type_of_any":4},"fullname":"zipfile._path.CompleteDirs.Self","id":0,"name":"Self","namespace":"","upper_bound":"zipfile._path.CompleteDirs","values":[],"variance":0}},{".class":"UnionType","items":[{".class":"TypeAliasType","args":[],"type_ref":"_typeshed.StrPath"},{".class":"Instance","args":["builtins.bytes"],"extra_attrs":null,"type_ref":"typing.IO"}],"uses_pep604_syntax":true}],"bound_args":[],"def_extras":{"first_arg":"cls"},"fallback":"builtins.function","from_concatenate":false,"implicit":false,"imprecise_arg_kinds":false,"is_ellipsis_args":false,"name":"make of CompleteDirs","ret_type":{".class":"TypeVarType","default":{".class":"AnyType","missing_import_name":null,"source_any":null,"type_of_any":4},"fullname":"zipfile._path.CompleteDirs.Self","id":0,"name":"Self","namespace":"","upper_bound":"zipfile._path.CompleteDirs","values":[],"variance":0},"type_guard":null,"type_is":null,"unpack_kwargs":false,"variables":[{".class":"TypeVarType","default":{".class":"AnyType","missing_import_name":null,"source_any":null,"type_of_any":4},"fullname":"zipfile._path.CompleteDirs.Self","id":0,"name":"Self","namespace":"","upper_bound":"zipfile._path.CompleteDirs","values":[],"variance":0}]}},"is_overload":true,"var":{".class":"Var","flags":["is_classmethod","is_ready","is_inferred"],"fullname":"zipfile._path.CompleteDirs.make","name":"make","type":{".class":"CallableType","arg_kinds":[0,0],"arg_names":["cls","source"],"arg_types":[{".class":"TypeType","item":{".class":"TypeVarType","default":{".class":"AnyType","missing_import_name":null,"source_any":null,"type_of_any":4},"fullname":"zipfile._path.CompleteDirs.Self","id":0,"name":"Self","namespace":"","upper_bound":"zipfile._path.CompleteDirs","values":[],"variance":0}},{".class":"UnionType","items":[{".class":"TypeAliasType","args":[],"type_ref":"_typeshed.StrPath"},{".class":"Instance","args":["builtins.bytes"],"extra_attrs":null,"type_ref":"typing.IO"}],"uses_pep604_syntax":true}],"bound_args":[],"def_extras":{"first_arg":"cls"},"fallback":"builtins.function","from_concatenate":false,"implicit":false,"imprecise_arg_kinds":false,"is_ellipsis_args":false,"name":"make of CompleteDirs","ret_type":{".class":"TypeVarType","default":{".class":"AnyType","missing_import_name":null,"source_any":null,"type_of_any":4},"fullname":"zipfile._path.CompleteDirs.Self","id":0,"name":"Self","namespace":"","upper_bound":"zipfile._path.CompleteDirs","values":[],"variance":0},"type_guard":null,"type_is":null,"unpack_kwargs":false,"variables":[{".class":"TypeVarType","default":{".class":"AnyType","missing_import_name":null,"source_any":null,"type_of_any":4},"fullname":"zipfile._path.CompleteDirs.Self","id":0,"name":"Self","namespace":"","upper_bound":"zipfile._path.CompleteDirs","values":[],"variance":0}]}}}],"type":{".class":"Overloaded","items":[{".class":"CallableType","arg_kinds":[0,0],"arg_names":["cls","source"],"arg_types":[{".class":"TypeType","item":"zipfile._path.CompleteDirs"},"zipfile.ZipFile"],"bound_args":[],"def_extras":{"first_arg":"cls"},"fallback":"builtins.function","from_concatenate":false,"implicit":false,"imprecise_arg_kinds":false,"is_ellipsis_args":false,"name":"make of CompleteDirs","ret_type":"zipfile._path.CompleteDirs","type_guard":null,"type_is":null,"unpack_kwargs":false,"variables":[]},{".class":"CallableType","arg_kinds":[0,0],"arg_names":["cls","source"],"arg_types":[{".class":"TypeType","item":{".class":"TypeVarType","default":{".class":"AnyType","missing_import_name":null,"source_any":null,"type_of_any":4},"fullname":"zipfile._path.CompleteDirs.Self","id":0,"name":"Self","namespace":"","upper_bound":"zipfile._path.CompleteDirs","values":[],"variance":0}},{".class":"UnionType","items":[{".class":"TypeAliasType","args":[],"type_ref":"_typeshed.StrPath"},{".class":"Instance","args":["builtins.bytes"],"extra_attrs":null,"type_ref":"typing.IO"}],"uses_pep604_syntax":true}],"bound_args":[],"def_extras":{"first_arg":"cls"},"fallback":"builtins.function","from_concatenate":false,"implicit":false,"imprecise_arg_kinds":false,"is_ellipsis_args":false,"name":"make of CompleteDirs","ret_type":{".class":"TypeVarType","default":{".class":"AnyType","missing_import_name":null,"source_any":null,"type_of_any":4},"fullname":"zipfile._path.CompleteDirs.Self","id":0,"name":"Self","namespace":"","upper_bound":"zipfile._path.CompleteDirs","values":[],"variance":0},"type_guard":null,"type_is":null,"unpack_kwargs":false,"variables":[{".class":"TypeVarType","default":{".class":"AnyType","missing_import_name":null,"source_any":null,"type_of_any":4},"fullname":"zipfile._path.CompleteDirs.Self","id":0,"name":"Self","namespace":"","upper_bound":"zipfile._path.CompleteDirs","values":[],"variance":0}]}]}}},"resolve_dir":{".class":"SymbolTableNode","kind":"Mdef","node":{".class":"FuncDef","abstract_status":0,"arg_kinds":[0,0],"arg_names":["self","name"],"dataclass_transform_spec":null,"deprecated":null,"flags":[],"fullname":"zipfile._path.CompleteDirs.resolve_dir","name":"resolve_dir","type":{".class":"CallableType","arg_kinds":[0,0],"arg_names":["self","name"],"arg_types":["zipfile._path.CompleteDirs","builtins.str"],"bound_args":[],"def_extras":{"first_arg":"self"},"fallback":"builtins.function","from_concatenate":false,"implicit":false,"imprecise_arg_kinds":false,"is_ellipsis_args":false,"name":"resolve_dir of CompleteDirs","ret_type":"builtins.str","type_guard":null,"type_is":null,"unpack_kwargs":false,"variables":[]}}}},"self_type":{".class":"TypeVarType","default":{".class":"AnyType","missing_import_name":null,"source_any":null,"type_of_any":4},"fullname":"zipfile._path.CompleteDirs.Self","id":0,"name":"Self","namespace":"","upper_bound":"zipfile._path.CompleteDirs","values":[],"variance":0},"slots":null,"tuple_type":null,"type_vars":[],"typeddict_type":null}},"IO":{".class":"SymbolTableNode","cross_ref":"typing.IO","kind":"Gdef","module_hidden":true,"module_public":false},"InitializedState":{".class":"SymbolTableNode","kind":"Gdef","module_public":false,"node":{".class":"TypeInfo","_promote":[],"abstract_attributes":[],"alt_promote":null,"bases":["builtins.object"],"dataclass_transform_spec":null,"declared_metaclass":null,"defn":{".class":"ClassDef","fullname":"zipfile._path.InitializedState","name":"InitializedState","type_vars":[]},"deletable_attributes":[],"deprecated":null,"flags":[],"fullname":"zipfile._path.InitializedState","has_param_spec_type":false,"metaclass_type":null,"metadata":{},"module_name":"zipfile._path","mro":["zipfile._path.InitializedState","builtins.object"],"names":{".class":"SymbolTable","__getstate__":{".class":"SymbolTableNode","kind":"Mdef","node":{".class":"FuncDef","abstract_status":0,"arg_kinds":[0],"arg_names":["self"],"dataclass_transform_spec":null,"deprecated":null,"flags":[],"fullname":"zipfile._path.InitializedState.__getstate__","name":"__getstate__","type":{".class":"CallableType","arg_kinds":[0],"arg_names":["self"],"arg_types":["zipfile._path.InitializedState"],"bound_args":[],"def_extras":{"first_arg":"self"},"fallback":"builtins.function","from_concatenate":false,"implicit":false,"imprecise_arg_kinds":false,"is_ellipsis_args":false,"name":"__getstate__ of InitializedState","ret_type":{".class":"TupleType","implicit":false,"items":[{".class":"Instance","args":["builtins.object"],"extra_attrs":null,"type_ref":"builtins.list"},{".class":"Instance","args":["builtins.object","builtins.object"],"extra_attrs":null,"type_ref":"builtins.dict"}],"partial_fallback":{".class":"Instance","args":[{".class":"AnyType","missing_import_name":null,"source_any":null,"type_of_any":6}],"extra_attrs":null,"type_ref":"builtins.tuple"}},"type_guard":null,"type_is":null,"unpack_kwargs":false,"variables":[]}}},"__init__":{".class":"SymbolTableNode","kind":"Mdef","node":{".class":"FuncDef","abstract_status":0,"arg_kinds":[0,2,4],"arg_names":["self","args","kwargs"],"dataclass_transform_spec":null,"deprecated":null,"flags":[],"fullname":"zipfile._path.InitializedState.__init__","name":"__init__","type":{".class":"CallableType","arg_kinds":[0,2,4],"arg_names":["self","args","kwargs"],"arg_types":["zipfile._path.InitializedState","builtins.object","builtins.object"],"bound_args":[],"def_extras":{"first_arg":"self"},"fallback":"builtins.function","from_concatenate":false,"implicit":false,"imprecise_arg_kinds":false,"is_ellipsis_args":false,"name":"__init__ of InitializedState","ret_type":{".class":"NoneType"},"type_guard":null,"type_is":null,"unpack_kwargs":false,"variables":[]}}},"__setstate__":{".class":"SymbolTableNode","kind":"Mdef","node":{".class":"FuncDef","abstract_status":0,"arg_kinds":[0,0],"arg_names":["self","state"],"dataclass_transform_spec":null,"deprecated":null,"flags":[],"fullname":"zipfile._path.InitializedState.__setstate__","name":"__setstate__","type":{".class":"CallableType","arg_kinds":[0,0],"arg_names":["self","state"],"arg_types":["zipfile._path.InitializedState",{".class":"Instance","args":[{".class":"TupleType","implicit":false,"items":[{".class":"Instance","args":["builtins.object"],"extra_attrs":null,"type_ref":"builtins.list"},{".class":"Instance","args":["builtins.object","builtins.object"],"extra_attrs":null,"type_ref":"builtins.dict"}],"partial_fallback":{".class":"Instance","args":[{".class":"AnyType","missing_import_name":null,"source_any":null,"type_of_any":6}],"extra_attrs":null,"type_ref":"builtins.tuple"}}],"extra_attrs":null,"type_ref":"typing.Sequence"}],"bound_args":[],"def_extras":{"first_arg":"self"},"fallback":"builtins.function","from_concatenate":false,"implicit":false,"imprecise_arg_kinds":false,"is_ellipsis_args":false,"name":"__setstate__ of InitializedState","ret_type":{".class":"NoneType"},"type_guard":null,"type_is":null,"unpack_kwargs":false,"variables":[]}}}},"self_type":null,"slots":null,"tuple_type":null,"type_vars":[],"typeddict_type":null}},"Iterator":{".class":"SymbolTableNode","cross_ref":"typing.Iterator","kind":"Gdef","module_hidden":true,"module_public":false},"Literal":{".class":"SymbolTableNode","cross_ref":"typing.Literal","kind":"Gdef","module_hidden":true,"module_public":false},"Path":{".class":"SymbolTableNode","kind":"Gdef","node":{".class":"TypeInfo","_promote":[],"abstract_attributes":[],"alt_promote":null,"bases":["builtins.object"],"dataclass_transform_spec":null,"declared_metaclass":null,"defn":{".class":"ClassDef","fullname":"zipfile._path.Path","name":"Path","type_vars":[]},"deletable_attributes":[],"deprecated":null,"flags":[],"fullname":"zipfile._path.Path","has_param_spec_type":false,"metaclass_type":null,"metadata":{},"module_name":"zipfile._path","mro":["zipfile._path.Path","builtins.object"],"names":{".class":"SymbolTable","__eq__":{".class":"SymbolTableNode","kind":"Mdef","node":{".class":"FuncDef","abstract_status":0,"arg_kinds":[0,0],"arg_names":[null,null],"dataclass_transform_spec":null,"deprecated":null,"flags":[],"fullname":"zipfile._path.Path.__eq__","name":"__eq__","type":{".class":"CallableType","arg_kinds":[0,0],"arg_names":[null,null],"arg_types":["zipfile._path.Path","builtins.object"],"bound_args":[],"def_extras":{"first_arg":"self"},"fallback":"builtins.function","from_concatenate":false,"implicit":false,"imprecise_arg_kinds":false,"is_ellipsis_args":false,"name":"__eq__ of Path","ret_type":"builtins.bool","type_guard":null,"type_is":null,"unpack_kwargs":false,"variables":[]}}},"__hash__":{".class":"SymbolTableNode","kind":"Mdef","node":{".class":"FuncDef","abstract_status":0,"arg_kinds":[0],"arg_names":["self"],"dataclass_transform_spec":null,"deprecated":null,"flags":[],"fullname":"zipfile._path.Path.__hash__","name":"__hash__","type":{".class":"CallableType","arg_kinds":[0],"arg_names":["self"],"arg_types":["zipfile._path.Path"],"bound_args":[],"def_extras":{"first_arg":"self"},"fallback":"builtins.function","from_concatenate":false,"implicit":false,"imprecise_arg_kinds":false,"is_ellipsis_args":false,"name":"__hash__ of Path","ret_type":"builtins.int","type_guard":null,"type_is":null,"unpack_kwargs":false,"variables":[]}}},"__init__":{".class":"SymbolTableNode","kind":"Mdef","node":{".class":"FuncDef","abstract_status":0,"arg_kinds":[0,0,1],"arg_names":["self","root","at"],"dataclass_transform_spec":null,"deprecated":null,"flags":[],"fullname":"zipfile._path.Path.__init__","name":"__init__","type":{".class":"CallableType","arg_kinds":[0,0,1],"arg_names":["self","root","at"],"arg_types":["zipfile._path.Path",{".class":"UnionType","items":["zipfile.ZipFile",{".class":"TypeAliasType","args":[],"type_ref":"_typeshed.StrPath"},{".class":"Instance","args":["builtins.bytes"],"extra_attrs":null,"type_ref":"typing.IO"}],"uses_pep604_syntax":true},"builtins.str"],"bound_args":[],"def_extras":{"first_arg":"self"},"fallback":"builtins.function","from_concatenate":false,"implicit":false,"imprecise_arg_kinds":false,"is_ellipsis_args":false,"name":"__init__ of Path","ret_type":{".class":"NoneType"},"type_guard":null,"type_is":null,"unpack_kwargs":false,"variables":[]}}},"__truediv__":{".class":"SymbolTableNode","kind":"Mdef","node":{".class":"FuncDef","abstract_status":0,"arg_kinds":[0,0],"arg_names":[null,null],"dataclass_transform_spec":null,"deprecated":null,"flags":[],"fullname":"zipfile._path.Path.__truediv__","name":"__truediv__","type":{".class":"CallableType","arg_kinds":[0,0],"arg_names":[null,null],"arg_types":["zipfile._path.Path",{".class":"TypeAliasType","args":[],"type_ref":"_typeshed.StrPath"}],"bound_args":[],"def_extras":{"first_arg":"self"},"fallback":"builtins.function","from_concatenate":false,"implicit":false,"imprecise_arg_kinds":false,"is_ellipsis_args":false,"name":"__truediv__ of Path","ret_type":"zipfile._path.Path","type_guard":null,"type_is":null,"unpack_kwargs":false,"variables":[]}}},"at":{".class":"SymbolTableNode","kind":"Mdef","node":{".class":"Var","flags":["is_initialized_in_class","is_ready"],"fullname":"zipfile._path.Path.at","name":"at","type":"builtins.str"}},"exists":{".class":"SymbolTableNode","kind":"Mdef","node":{".class":"FuncDef","abstract_status":0,"arg_kinds":[0],"arg_names":["self"],"dataclass_transform_spec":null,"deprecated":null,"flags":[],"fullname":"zipfile._path.Path.exists","name":"exists","type":{".class":"CallableType","arg_kinds":[0],"arg_names":["self"],"arg_types":["zipfile._path.Path"],"bound_args":[],"def_extras":{"first_arg":"self"},"fallback":"builtins.function","from_concatenate":false,"implicit":false,"imprecise_arg_kinds":false,"is_ellipsis_args":false,"name":"exists of Path","ret_type":"builtins.bool","type_guard":null,"type_is":null,"unpack_kwargs":false,"variables":[]}}},"filename":{".class":"SymbolTableNode","kind":"Mdef","node":{".class":"Decorator","func":{".class":"FuncDef","abstract_status":0,"arg_kinds":[0],"arg_names":["self"],"dataclass_transform_spec":null,"deprecated":null,"flags":["is_property","is_decorated"],"fullname":"zipfile._path.Path.filename","name":"filename","type":{".class":"CallableType","arg_kinds":[0],"arg_names":["self"],"arg_types":["zipfile._path.Path"],"bound_args":[],"def_extras":{"first_arg":"self"},"fallback":"builtins.function","from_concatenate":false,"implicit":false,"imprecise_arg_kinds":false,"is_ellipsis_args":false,"name":"filename of Path","ret_type":{".class":"Instance","args":["builtins.str"],"extra_attrs":null,"type_ref":"os.PathLike"},"type_guard":null,"type_is":null,"unpack_kwargs":false,"variables":[]}},"is_overload":false,"var":{".class":"Var","flags":["is_initialized_in_class","is_property","is_ready","is_inferred"],"fullname":"zipfile._path.Path.filename","name":"filename","type":{".class":"CallableType","arg_kinds":[0],"arg_names":["self"],"arg_types":["zipfile._path.Path"],"bound_args":[],"def_extras":{"first_arg":"self"},"fallback":"builtins.function","from_concatenate":false,"implicit":false,"imprecise_arg_kinds":false,"is_ellipsis_args":false,"name":"filename of Path","ret_type":{".class":"Instance","args":["builtins.str"],"extra_attrs":null,"type_ref":"os.PathLike"},"type_guard":null,"type_is":null,"unpack_kwargs":false,"variables":[]}}}},"glob":{".class":"SymbolTableNode","kind":"Mdef","node":{".class":"FuncDef","abstract_status":0,"arg_kinds":[0,0],"arg_names":["self","pattern"],"dataclass_transform_spec":null,"deprecated":null,"flags":[],"fullname":"zipfile._path.Path.glob","name":"glob","type":{".class":"CallableType","arg_kinds":[0,0],"arg_names":["self","pattern"],"arg_types":[{".class":"TypeVarType","default":{".class":"AnyType","missing_import_name":null,"source_any":null,"type_of_any":4},"fullname":"zipfile._path.Path.Self","id":0,"name":"Self","namespace":"","upper_bound":"zipfile._path.Path","values":[],"variance":0},"builtins.str"],"bound_args":[],"def_extras":{"first_arg":"self"},"fallback":"builtins.function","from_concatenate":false,"implicit":false,"imprecise_arg_kinds":false,"is_ellipsis_args":false,"name":"glob of Path","ret_type":{".class":"Instance","args":[{".class":"TypeVarType","default":{".class":"AnyType","missing_import_name":null,"source_any":null,"type_of_any":4},"fullname":"zipfile._path.Path.Self","id":0,"name":"Self","namespace":"","upper_bound":"zipfile._path.Path","values":[],"variance":0}],"extra_attrs":null,"type_ref":"typing.Iterator"},"type_guard":null,"type_is":null,"unpack_kwargs":false,"variables":[{".class":"TypeVarType","default":{".class":"AnyType","missing_import_name":null,"source_any":null,"type_of_any":4},"fullname":"zipfile._path.Path.Self","id":0,"name":"Self","namespace":"","upper_bound":"zipfile._path.Path","values":[],"variance":0}]}}},"is_dir":{".class":"SymbolTableNode","kind":"Mdef","node":{".class":"FuncDef","abstract_status":0,"arg_kinds":[0],"arg_names":["self"],"dataclass_transform_spec":null,"deprecated":null,"flags":[],"fullname":"zipfile._path.Path.is_dir","name":"is_dir","type":{".class":"CallableType","arg_kinds":[0],"arg_names":["self"],"arg_types":["zipfile._path.Path"],"bound_args":[],"def_extras":{"first_arg":"self"},"fallback":"builtins.function","from_concatenate":false,"implicit":false,"imprecise_arg_kinds":false,"is_ellipsis_args":false,"name":"is_dir of Path","ret_type":"builtins.bool","type_guard":null,"type_is":null,"unpack_kwargs":false,"variables":[]}}},"is_file":{".class":"SymbolTableNode","kind":"Mdef","node":{".class":"FuncDef","abstract_status":0,"arg_kinds":[0],"arg_names":["self"],"dataclass_transform_spec":null,"deprecated":null,"flags":[],"fullname":"zipfile._path.Path.is_file","name":"is_file","type":{".class":"CallableType","arg_kinds":[0],"arg_names":["self"],"arg_types":["zipfile._path.Path"],"bound_args":[],"def_extras":{"first_arg":"self"},"fallback":"builtins.function","from_concatenate":false,"implicit":false,"imprecise_arg_kinds":false,"is_ellipsis_args":false,"name":"is_file of Path","ret_type":"builtins.bool","type_guard":null,"type_is":null,"unpack_kwargs":false,"variables":[]}}},"is_symlink":{".class":"SymbolTableNode","kind":"Mdef","node":{".class":"FuncDef","abstract_status":0,"arg_kinds":[0],"arg_names":["self"],"dataclass_transform_spec":null,"deprecated":null,"flags":[],"fullname":"zipfile._path.Path.is_symlink","name":"is_symlink","type":{".class":"CallableType","arg_kinds":[0],"arg_names":["self"],"arg_types":["zipfile._path.Path"],"bound_args":[],"def_extras":{"first_arg":"self"},"fallback":"builtins.function","from_concatenate":false,"implicit":false,"imprecise_arg_kinds":false,"is_ellipsis_args":false,"name":"is_symlink of Path","ret_type":{".class":"LiteralType","fallback":"builtins.bool","value":false},"type_guard":null,"type_is":null,"unpack_kwargs":false,"variables":[]}}},"iterdir":{".class":"SymbolTableNode","kind":"Mdef","node":{".class":"FuncDef","abstract_status":0,"arg_kinds":[0],"arg_names":["self"],"dataclass_transform_spec":null,"deprecated":null,"flags":[],"fullname":"zipfile._path.Path.iterdir","name":"iterdir","type":{".class":"CallableType","arg_kinds":[0],"arg_names":["self"],"arg_types":[{".class":"TypeVarType","default":{".class":"AnyType","missing_import_name":null,"source_any":null,"type_of_any":4},"fullname":"zipfile._path.Path.Self","id":0,"name":"Self","namespace":"","upper_bound":"zipfile._path.Path","values":[],"variance":0}],"bound_args":[],"def_extras":{"first_arg":"self"},"fallback":"builtins.function","from_concatenate":false,"implicit":false,"imprecise_arg_kinds":false,"is_ellipsis_args":false,"name":"iterdir of Path","ret_type":{".class":"Instance","args":[{".class":"TypeVarType","default":{".class":"AnyType","missing_import_name":null,"source_any":null,"type_of_any":4},"fullname":"zipfile._path.Path.Self","id":0,"name":"Self","namespace":"","upper_bound":"zipfile._path.Path","values":[],"variance":0}],"extra_attrs":null,"type_ref":"typing.Iterator"},"type_guard":null,"type_is":null,"unpack_kwargs":false,"variables":[{".class":"TypeVarType","default":{".class":"AnyType","missing_import_name":null,"source_any":null,"type_of_any":4},"fullname":"zipfile._path.Path.Self","id":0,"name":"Self","namespace":"","upper_bound":"zipfile._path.Path","values":[],"variance":0}]}}},"joinpath":{".class":"SymbolTableNode","kind":"Mdef","node":{".class":"FuncDef","abstract_status":0,"arg_kinds":[0,2],"arg_names":["self","other"],"dataclass_transform_spec":null,"deprecated":null,"flags":[],"fullname":"zipfile._path.Path.joinpath","name":"joinpath","type":{".class":"CallableType","arg_kinds":[0,2],"arg_names":["self","other"],"arg_types":["zipfile._path.Path",{".class":"TypeAliasType","args":[],"type_ref":"_typeshed.StrPath"}],"bound_args":[],"def_extras":{"first_arg":"self"},"fallback":"builtins.function","from_concatenate":false,"implicit":false,"imprecise_arg_kinds":false,"is_ellipsis_args":false,"name":"joinpath of Path","ret_type":"zipfile._path.Path","type_guard":null,"type_is":null,"unpack_kwargs":false,"variables":[]}}},"match":{".class":"SymbolTableNode","kind":"Mdef","node":{".class":"FuncDef","abstract_status":0,"arg_kinds":[0,0],"arg_names":["self","path_pattern"],"dataclass_transform_spec":null,"deprecated":null,"flags":[],"fullname":"zipfile._path.Path.match","name":"match","type":{".class":"CallableType","arg_kinds":[0,0],"arg_names":["self","path_pattern"],"arg_types":["zipfile._path.Path","builtins.str"],"bound_args":[],"def_extras":{"first_arg":"self"},"fallback":"builtins.function","from_concatenate":false,"implicit":false,"imprecise_arg_kinds":false,"is_ellipsis_args":false,"name":"match of Path","ret_type":"builtins.bool","type_guard":null,"type_is":null,"unpack_kwargs":false,"variables":[]}}},"name":{".class":"SymbolTableNode","kind":"Mdef","node":{".class":"Decorator","func":{".class":"FuncDef","abstract_status":0,"arg_kinds":[0],"arg_names":["self"],"dataclass_transform_spec":null,"deprecated":null,"flags":["is_property","is_decorated"],"fullname":"zipfile._path.Path.name","name":"name","type":{".class":"CallableType","arg_kinds":[0],"arg_names":["self"],"arg_types":["zipfile._path.Path"],"bound_args":[],"def_extras":{"first_arg":"self"},"fallback":"builtins.function","from_concatenate":false,"implicit":false,"imprecise_arg_kinds":false,"is_ellipsis_args":false,"name":"name of Path","ret_type":"builtins.str","type_guard":null,"type_is":null,"unpack_kwargs":false,"variables":[]}},"is_overload":false,"var":{".class":"Var","flags":["is_initialized_in_class","is_property","is_ready","is_inferred"],"fullname":"zipfile._path.Path.name","name":"name","type":{".class":"CallableType","arg_kinds":[0],"arg_names":["self"],"arg_types":["zipfile._path.Path"],"bound_args":[],"def_extras":{"first_arg":"self"},"fallback":"builtins.function","from_concatenate":false,"implicit":false,"imprecise_arg_kinds":false,"is_ellipsis_args":false,"name":"name of Path","ret_type":"builtins.str","type_guard":null,"type_is":null,"unpack_kwargs":false,"variables":[]}}}},"open":{".class":"SymbolTableNode","kind":"Mdef","node":{".class":"OverloadedFuncDef","deprecated":null,"flags":[],"fullname":"zipfile._path.Path.open","impl":null,"items":[{".class":"Decorator","func":{".class":"FuncDef","abstract_status":0,"arg_kinds":[0,1,1,1,1,1,1,5],"arg_names":["self","mode","encoding","errors","newline","line_buffering","write_through","pwd"],"dataclass_transform_spec":null,"deprecated":null,"flags":["is_overload","is_decorated"],"fullname":"zipfile._path.Path.open","name":"open","type":{".class":"CallableType","arg_kinds":[0,1,1,1,1,1,1,5],"arg_names":["self","mode","encoding","errors","newline","line_buffering","write_through","pwd"],"arg_types":["zipfile._path.Path",{".class":"UnionType","items":[{".class":"LiteralType","fallback":"builtins.str","value":"r"},{".class":"LiteralType","fallback":"builtins.str","value":"w"}],"uses_pep604_syntax":false},{".class":"UnionType","items":["builtins.str",{".class":"NoneType"}],"uses_pep604_syntax":true},{".class":"UnionType","items":["builtins.str",{".class":"NoneType"}],"uses_pep604_syntax":true},{".class":"UnionType","items":["builtins.str",{".class":"NoneType"}],"uses_pep604_syntax":true},"builtins.bool","builtins.bool",{".class":"UnionType","items":["builtins.bytes",{".class":"NoneType"}],"uses_pep604_syntax":true}],"bound_args":[],"def_extras":{"first_arg":"self"},"fallback":"builtins.function","from_concatenate":false,"implicit":false,"imprecise_arg_kinds":false,"is_ellipsis_args":false,"name":"open of Path","ret_type":{".class":"Instance","args":["_io._WrappedBuffer"],"extra_attrs":null,"type_ref":"_io.TextIOWrapper"},"type_guard":null,"type_is":null,"unpack_kwargs":false,"variables":[]}},"is_overload":true,"var":{".class":"Var","flags":["is_ready","is_inferred"],"fullname":"zipfile._path.Path.open","name":"open","type":{".class":"CallableType","arg_kinds":[0,1,1,1,1,1,1,5],"arg_names":["self","mode","encoding","errors","newline","line_buffering","write_through","pwd"],"arg_types":["zipfile._path.Path",{".class":"UnionType","items":[{".class":"LiteralType","fallback":"builtins.str","value":"r"},{".class":"LiteralType","fallback":"builtins.str","value":"w"}],"uses_pep604_syntax":false},{".class":"UnionType","items":["builtins.str",{".class":"NoneType"}],"uses_pep604_syntax":true},{".class":"UnionType","items":["builtins.str",{".class":"NoneType"}],"uses_pep604_syntax":true},{".class":"UnionType","items":["builtins.str",{".class":"NoneType"}],"uses_pep604_syntax":true},"builtins.bool","builtins.bool",{".class":"UnionType","items":["builtins.bytes",{".class":"NoneType"}],"uses_pep604_syntax":true}],"bound_args":[],"def_extras":{"first_arg":"self"},"fallback":"builtins.function","from_concatenate":false,"implicit":false,"imprecise_arg_kinds":false,"is_ellipsis_args":false,"name":"open of Path","ret_type":{".class":"Instance","args":["_io._WrappedBuffer"],"extra_attrs":null,"type_ref":"_io.TextIOWrapper"},"type_guard":null,"type_is":null,"unpack_kwargs":false,"variables":[]}}},{".class":"Decorator","func":{".class":"FuncDef","abstract_status":0,"arg_kinds":[0,0,5],"arg_names":["self","mode","pwd"],"dataclass_transform_spec":null,"deprecated":null,"flags":["is_overload","is_decorated"],"fullname":"zipfile._path.Path.open","name":"open","type":{".class":"CallableType","arg_kinds":[0,0,5],"arg_names":["self","mode","pwd"],"arg_types":["zipfile._path.Path",{".class":"UnionType","items":[{".class":"LiteralType","fallback":"builtins.str","value":"rb"},{".class":"LiteralType","fallback":"builtins.str","value":"wb"}],"uses_pep604_syntax":false},{".class":"UnionType","items":["builtins.bytes",{".class":"NoneType"}],"uses_pep604_syntax":true}],"bound_args":[],"def_extras":{"first_arg":"self"},"fallback":"builtins.function","from_concatenate":false,"implicit":false,"imprecise_arg_kinds":false,"is_ellipsis_args":false,"name":"open of Path","ret_type":{".class":"Instance","args":["builtins.bytes"],"extra_attrs":null,"type_ref":"typing.IO"},"type_guard":null,"type_is":null,"unpack_kwargs":false,"variables":[]}},"is_overload":true,"var":{".class":"Var","flags":["is_ready","is_inferred"],"fullname":"zipfile._path.Path.open","name":"open","type":{".class":"CallableType","arg_kinds":[0,0,5],"arg_names":["self","mode","pwd"],"arg_types":["zipfile._path.Path",{".class":"UnionType","items":[{".class":"LiteralType","fallback":"builtins.str","value":"rb"},{".class":"LiteralType","fallback":"builtins.str","value":"wb"}],"uses_pep604_syntax":false},{".class":"UnionType","items":["builtins.bytes",{".class":"NoneType"}],"uses_pep604_syntax":true}],"bound_args":[],"def_extras":{"first_arg":"self"},"fallback":"builtins.function","from_concatenate":false,"implicit":false,"imprecise_arg_kinds":false,"is_ellipsis_args":false,"name":"open of Path","ret_type":{".class":"Instance","args":["builtins.bytes"],"extra_attrs":null,"type_ref":"typing.IO"},"type_guard":null,"type_is":null,"unpack_kwargs":false,"variables":[]}}}],"type":{".class":"Overloaded","items":[{".class":"CallableType","arg_kinds":[0,1,1,1,1,1,1,5],"arg_names":["self","mode","encoding","errors","newline","line_buffering","write_through","pwd"],"arg_types":["zipfile._path.Path",{".class":"UnionType","items":[{".class":"LiteralType","fallback":"builtins.str","value":"r"},{".class":"LiteralType","fallback":"builtins.str","value":"w"}],"uses_pep604_syntax":false},{".class":"UnionType","items":["builtins.str",{".class":"NoneType"}],"uses_pep604_syntax":true},{".class":"UnionType","items":["builtins.str",{".class":"NoneType"}],"uses_pep604_syntax":true},{".class":"UnionType","items":["builtins.str",{".class":"NoneType"}],"uses_pep604_syntax":true},"builtins.bool","builtins.bool",{".class":"UnionType","items":["builtins.bytes",{".class":"NoneType"}],"uses_pep604_syntax":true}],"bound_args":[],"def_extras":{"first_arg":"self"},"fallback":"builtins.function","from_concatenate":false,"implicit":false,"imprecise_arg_kinds":false,"is_ellipsis_args":false,"name":"open of Path","ret_type":{".class":"Instance","args":["_io._WrappedBuffer"],"extra_attrs":null,"type_ref":"_io.TextIOWrapper"},"type_guard":null,"type_is":null,"unpack_kwargs":false,"variables":[]},{".class":"CallableType","arg_kinds":[0,0,5],"arg_names":["self","mode","pwd"],"arg_types":["zipfile._path.Path",{".class":"UnionType","items":[{".class":"LiteralType","fallback":"builtins.str","value":"rb"},{".class":"LiteralType","fallback":"builtins.str","value":"wb"}],"uses_pep604_syntax":false},{".class":"UnionType","items":["builtins.bytes",{".class":"NoneType"}],"uses_pep604_syntax":true}],"bound_args":[],"def_extras":{"first_arg":"self"},"fallback":"builtins.function","from_concatenate":false,"implicit":false,"imprecise_arg_kinds":false,"is_ellipsis_args":false,"name":"open of Path","ret_type":{".class":"Instance","args":["builtins.bytes"],"extra_attrs":null,"type_ref":"typing.IO"},"type_guard":null,"type_is":null,"unpack_kwargs":false,"variables":[]}]}}},"parent":{".class":"SymbolTableNode","kind":"Mdef","node":{".class":"Decorator","func":{".class":"FuncDef","abstract_status":0,"arg_kinds":[0],"arg_names":["self"],"dataclass_transform_spec":null,"deprecated":null,"flags":["is_property","is_decorated"],"fullname":"zipfile._path.Path.parent","name":"parent","type":{".class":"CallableType","arg_kinds":[0],"arg_names":["self"],"arg_types":["zipfile._path.Path"],"bound_args":[],"def_extras":{"first_arg":"self"},"fallback":"builtins.function","from_concatenate":false,"implicit":false,"imprecise_arg_kinds":false,"is_ellipsis_args":false,"name":"parent of Path","ret_type":{".class":"Instance","args":["builtins.str"],"extra_attrs":null,"type_ref":"os.PathLike"},"type_guard":null,"type_is":null,"unpack_kwargs":false,"variables":[]}},"is_overload":false,"var":{".class":"Var","flags":["is_initialized_in_class","is_property","is_ready","is_inferred"],"fullname":"zipfile._path.Path.parent","name":"parent","type":{".class":"CallableType","arg_kinds":[0],"arg_names":["self"],"arg_types":["zipfile._path.Path"],"bound_args":[],"def_extras":{"first_arg":"self"},"fallback":"builtins.function","from_concatenate":false,"implicit":false,"imprecise_arg_kinds":false,"is_ellipsis_args":false,"name":"parent of Path","ret_type":{".class":"Instance","args":["builtins.str"],"extra_attrs":null,"type_ref":"os.PathLike"},"type_guard":null,"type_is":null,"unpack_kwargs":false,"variables":[]}}}},"read_bytes":{".class":"SymbolTableNode","kind":"Mdef","node":{".class":"FuncDef","abstract_status":0,"arg_kinds":[0],"arg_names":["self"],"dataclass_transform_spec":null,"deprecated":null,"flags":[],"fullname":"zipfile._path.Path.read_bytes","name":"read_bytes","type":{".class":"CallableType","arg_kinds":[0],"arg_names":["self"],"arg_types":["zipfile._path.Path"],"bound_args":[],"def_extras":{"first_arg":"self"},"fallback":"builtins.function","from_concatenate":false,"implicit":false,"imprecise_arg_kinds":false,"is_ellipsis_args":false,"name":"read_bytes of Path","ret_type":"builtins.bytes","type_guard":null,"type_is":null,"unpack_kwargs":false,"variables":[]}}},"read_text":{".class":"SymbolTableNode","kind":"Mdef","node":{".class":"FuncDef","abstract_status":0,"arg_kinds":[0,1,1,1,1,1],"arg_names":["self","encoding","errors","newline","line_buffering","write_through"],"dataclass_transform_spec":null,"deprecated":null,"flags":[],"fullname":"zipfile._path.Path.read_text","name":"read_text","type":{".class":"CallableType","arg_kinds":[0,1,1,1,1,1],"arg_names":["self","encoding","errors","newline","line_buffering","write_through"],"arg_types":["zipfile._path.Path",{".class":"UnionType","items":["builtins.str",{".class":"NoneType"}],"uses_pep604_syntax":true},{".class":"UnionType","items":["builtins.str",{".class":"NoneType"}],"uses_pep604_syntax":true},{".class":"UnionType","items":["builtins.str",{".class":"NoneType"}],"uses_pep604_syntax":true},"builtins.bool","builtins.bool"],"bound_args":[],"def_extras":{"first_arg":"self"},"fallback":"builtins.function","from_concatenate":false,"implicit":false,"imprecise_arg_kinds":false,"is_ellipsis_args":false,"name":"read_text of Path","ret_type":"builtins.str","type_guard":null,"type_is":null,"unpack_kwargs":false,"variables":[]}}},"relative_to":{".class":"SymbolTableNode","kind":"Mdef","node":{".class":"FuncDef","abstract_status":0,"arg_kinds":[0,0,2],"arg_names":["self","other","extra"],"dataclass_transform_spec":null,"deprecated":null,"flags":[],"fullname":"zipfile._path.Path.relative_to","name":"relative_to","type":{".class":"CallableType","arg_kinds":[0,0,2],"arg_names":["self","other","extra"],"arg_types":["zipfile._path.Path","zipfile._path.Path",{".class":"TypeAliasType","args":[],"type_ref":"_typeshed.StrPath"}],"bound_args":[],"def_extras":{"first_arg":"self"},"fallback":"builtins.function","from_concatenate":false,"implicit":false,"imprecise_arg_kinds":false,"is_ellipsis_args":false,"name":"relative_to of Path","ret_type":"builtins.str","type_guard":null,"type_is":null,"unpack_kwargs":false,"variables":[]}}},"rglob":{".class":"SymbolTableNode","kind":"Mdef","node":{".class":"FuncDef","abstract_status":0,"arg_kinds":[0,0],"arg_names":["self","pattern"],"dataclass_transform_spec":null,"deprecated":null,"flags":[],"fullname":"zipfile._path.Path.rglob","name":"rglob","type":{".class":"CallableType","arg_kinds":[0,0],"arg_names":["self","pattern"],"arg_types":[{".class":"TypeVarType","default":{".class":"AnyType","missing_import_name":null,"source_any":null,"type_of_any":4},"fullname":"zipfile._path.Path.Self","id":0,"name":"Self","namespace":"","upper_bound":"zipfile._path.Path","values":[],"variance":0},"builtins.str"],"bound_args":[],"def_extras":{"first_arg":"self"},"fallback":"builtins.function","from_concatenate":false,"implicit":false,"imprecise_arg_kinds":false,"is_ellipsis_args":false,"name":"rglob of Path","ret_type":{".class":"Instance","args":[{".class":"TypeVarType","default":{".class":"AnyType","missing_import_name":null,"source_any":null,"type_of_any":4},"fullname":"zipfile._path.Path.Self","id":0,"name":"Self","namespace":"","upper_bound":"zipfile._path.Path","values":[],"variance":0}],"extra_attrs":null,"type_ref":"typing.Iterator"},"type_guard":null,"type_is":null,"unpack_kwargs":false,"variables":[{".class":"TypeVarType","default":{".class":"AnyType","missing_import_name":null,"source_any":null,"type_of_any":4},"fullname":"zipfile._path.Path.Self","id":0,"name":"Self","namespace":"","upper_bound":"zipfile._path.Path","values":[],"variance":0}]}}},"root":{".class":"SymbolTableNode","kind":"Mdef","node":{".class":"Var","flags":["is_initialized_in_class","is_ready"],"fullname":"zipfile._path.Path.root","name":"root","type":"zipfile._path.CompleteDirs"}},"stem":{".class":"SymbolTableNode","kind":"Mdef","node":{".class":"Decorator","func":{".class":"FuncDef","abstract_status":0,"arg_kinds":[0],"arg_names":["self"],"dataclass_transform_spec":null,"deprecated":null,"flags":["is_property","is_decorated"],"fullname":"zipfile._path.Path.stem","name":"stem","type":{".class":"CallableType","arg_kinds":[0],"arg_names":["self"],"arg_types":["zipfile._path.Path"],"bound_args":[],"def_extras":{"first_arg":"self"},"fallback":"builtins.function","from_concatenate":false,"implicit":false,"imprecise_arg_kinds":false,"is_ellipsis_args":false,"name":"stem of Path","ret_type":"builtins.str","type_guard":null,"type_is":null,"unpack_kwargs":false,"variables":[]}},"is_overload":false,"var":{".class":"Var","flags":["is_initialized_in_class","is_property","is_ready","is_inferred"],"fullname":"zipfile._path.Path.stem","name":"stem","type":{".class":"CallableType","arg_kinds":[0],"arg_names":["self"],"arg_types":["zipfile._path.Path"],"bound_args":[],"def_extras":{"first_arg":"self"},"fallback":"builtins.function","from_concatenate":false,"implicit":false,"imprecise_arg_kinds":false,"is_ellipsis_args":false,"name":"stem of Path","ret_type":"builtins.str","type_guard":null,"type_is":null,"unpack_kwargs":false,"variables":[]}}}},"suffix":{".class":"SymbolTableNode","kind":"Mdef","node":{".class":"Decorator","func":{".class":"FuncDef","abstract_status":0,"arg_kinds":[0],"arg_names":["self"],"dataclass_transform_spec":null,"deprecated":null,"flags":["is_property","is_decorated"],"fullname":"zipfile._path.Path.suffix","name":"suffix","type":{".class":"CallableType","arg_kinds":[0],"arg_names":["self"],"arg_types":["zipfile._path.Path"],"bound_args":[],"def_extras":{"first_arg":"self"},"fallback":"builtins.function","from_concatenate":false,"implicit":false,"imprecise_arg_kinds":false,"is_ellipsis_args":false,"name":"suffix of Path","ret_type":"builtins.str","type_guard":null,"type_is":null,"unpack_kwargs":false,"variables":[]}},"is_overload":false,"var":{".class":"Var","flags":["is_initialized_in_class","is_property","is_ready","is_inferred"],"fullname":"zipfile._path.Path.suffix","name":"suffix","type":{".class":"CallableType","arg_kinds":[0],"arg_names":["self"],"arg_types":["zipfile._path.Path"],"bound_args":[],"def_extras":{"first_arg":"self"},"fallback":"builtins.function","from_concatenate":false,"implicit":false,"imprecise_arg_kinds":false,"is_ellipsis_args":false,"name":"suffix of Path","ret_type":"builtins.str","type_guard":null,"type_is":null,"unpack_kwargs":false,"variables":[]}}}},"suffixes":{".class":"SymbolTableNode","kind":"Mdef","node":{".class":"Decorator","func":{".class":"FuncDef","abstract_status":0,"arg_kinds":[0],"arg_names":["self"],"dataclass_transform_spec":null,"deprecated":null,"flags":["is_property","is_decorated"],"fullname":"zipfile._path.Path.suffixes","name":"suffixes","type":{".class":"CallableType","arg_kinds":[0],"arg_names":["self"],"arg_types":["zipfile._path.Path"],"bound_args":[],"def_extras":{"first_arg":"self"},"fallback":"builtins.function","from_concatenate":false,"implicit":false,"imprecise_arg_kinds":false,"is_ellipsis_args":false,"name":"suffixes of Path","ret_type":{".class":"Instance","args":["builtins.str"],"extra_attrs":null,"type_ref":"builtins.list"},"type_guard":null,"type_is":null,"unpack_kwargs":false,"variables":[]}},"is_overload":false,"var":{".class":"Var","flags":["is_initialized_in_class","is_property","is_ready","is_inferred"],"fullname":"zipfile._path.Path.suffixes","name":"suffixes","type":{".class":"CallableType","arg_kinds":[0],"arg_names":["self"],"arg_types":["zipfile._path.Path"],"bound_args":[],"def_extras":{"first_arg":"self"},"fallback":"builtins.function","from_concatenate":false,"implicit":false,"imprecise_arg_kinds":false,"is_ellipsis_args":false,"name":"suffixes of Path","ret_type":{".class":"Instance","args":["builtins.str"],"extra_attrs":null,"type_ref":"builtins.list"},"type_guard":null,"type_is":null,"unpack_kwargs":false,"variables":[]}}}}},"self_type":{".class":"TypeVarType","default":{".class":"AnyType","missing_import_name":null,"source_any":null,"type_of_any":4},"fullname":"zipfile._path.Path.Self","id":0,"name":"Self","namespace":"","upper_bound":"zipfile._path.Path","values":[],"variance":0},"slots":null,"tuple_type":null,"type_vars":[],"typeddict_type":null}},"PathLike":{".class":"SymbolTableNode","cross_ref":"os.PathLike","kind":"Gdef","module_hidden":true,"module_public":false},"Self":{".class":"SymbolTableNode","cross_ref":"typing.Self","kind":"Gdef","module_hidden":true,"module_public":false},"Sequence":{".class":"SymbolTableNode","cross_ref":"typing.Sequence","kind":"Gdef","module_hidden":true,"module_public":false},"StrPath":{".class":"SymbolTableNode","cross_ref":"_typeshed.StrPath","kind":"Gdef","module_hidden":true,"module_public":false},"TextIOWrapper":{".class":"SymbolTableNode","cross_ref":"_io.TextIOWrapper","kind":"Gdef","module_hidden":true,"module_public":false},"TypeAlias":{".class":"SymbolTableNode","cross_ref":"typing.TypeAlias","kind":"Gdef","module_hidden":true,"module_public":false},"TypeVar":{".class":"SymbolTableNode","cross_ref":"typing.TypeVar","kind":"Gdef","module_hidden":true,"module_public":false},"ZipFile":{".class":"SymbolTableNode","cross_ref":"zipfile.ZipFile","kind":"Gdef","module_hidden":true,"module_public":false},"_ReadWriteBinaryMode":{".class":"SymbolTableNode","kind":"Gdef","module_public":false,"node":{".class":"Var","flags":["is_ready","has_explicit_value"],"fullname":"zipfile._path._ReadWriteBinaryMode","name":"_ReadWriteBinaryMode","type":{".class":"AnyType","missing_import_name":null,"source_any":null,"type_of_any":6}}},"_ZF":{".class":"SymbolTableNode","kind":"Gdef","module_public":false,"node":{".class":"TypeVarExpr","default":{".class":"AnyType","missing_import_name":null,"source_any":null,"type_of_any":4},"fullname":"zipfile._path._ZF","name":"_ZF","upper_bound":"zipfile.ZipFile","values":[],"variance":0}},"__all__":{".class":"SymbolTableNode","kind":"Gdef","module_public":false,"node":{".class":"Var","flags":["is_inferred","has_explicit_value"],"fullname":"zipfile._path.__all__","name":"__all__","type":{".class":"Instance","args":["builtins.str"],"extra_attrs":null,"type_ref":"builtins.list"}}},"__annotations__":{".class":"SymbolTableNode","kind":"Gdef","module_public":false,"node":{".class":"Var","flags":["is_ready"],"fullname":"zipfile._path.__annotations__","name":"__annotations__","type":{".class":"Instance","args":["builtins.str",{".class":"AnyType","missing_import_name":null,"source_any":null,"type_of_any":6}],"extra_attrs":null,"type_ref":"builtins.dict"}}},"__doc__":{".class":"SymbolTableNode","kind":"Gdef","module_public":false,"node":{".class":"Var","flags":["is_ready"],"fullname":"zipfile._path.__doc__","name":"__doc__","type":"builtins.str"}},"__file__":{".class":"SymbolTableNode","kind":"Gdef","module_public":false,"node":{".class":"Var","flags":["is_ready"],"fullname":"zipfile._path.__file__","name":"__file__","type":"builtins.str"}},"__name__":{".class":"SymbolTableNode","kind":"Gdef","module_public":false,"node":{".class":"Var","flags":["is_ready"],"fullname":"zipfile._path.__name__","name":"__name__","type":"builtins.str"}},"__package__":{".class":"SymbolTableNode","kind":"Gdef","module_public":false,"node":{".class":"Var","flags":["is_ready"],"fullname":"zipfile._path.__package__","name":"__package__","type":"builtins.str"}},"__path__":{".class":"SymbolTableNode","kind":"Gdef","module_public":false,"node":{".class":"Var","flags":["is_ready"],"fullname":"zipfile._path.__path__","name":"__path__","type":{".class":"Instance","args":["builtins.str"],"extra_attrs":null,"type_ref":"builtins.list"}}},"__spec__":{".class":"SymbolTableNode","kind":"Gdef","module_public":false,"node":{".class":"Var","flags":["is_ready"],"fullname":"zipfile._path.__spec__","name":"__spec__","type":"_frozen_importlib.ModuleSpec"}},"overload":{".class":"SymbolTableNode","cross_ref":"typing.overload","kind":"Gdef","module_hidden":true,"module_public":false},"sys":{".class":"SymbolTableNode","cross_ref":"sys","kind":"Gdef","module_hidden":true,"module_public":false}},"path":"c:\\Users\\xinan\\.vscode\\extensions\\ms-python.mypy-type-checker-2025.2.0\\bundled\\libs\\mypy\\typeshed\\stdlib\\zipfile\\_path\\__init__.pyi"}